model,beta,time_M,observer_day,engine_fraction,Lbol_over_LEdd,bolometric_flux_erg_cm2_s,optical_r_flux_erg_cm2_s,optical_r_ab_magnitude,optical_r_flux_density_mJy,uvot_uvw2_flux_erg_cm2_s,uvot_uvw2_ab_magnitude,uvot_uvw2_flux_density_mJy,soft_x_flux_erg_cm2_s,hard_x_flux_erg_cm2_s
cool_reprocessed,10,0.0,0.0,0.0,0.0,0.0,0.0,,0.0,0.0,,0.0,0.0,0.0
cool_reprocessed,10,10.0,0.1116820434290472,0.0,0.0,0.0,0.0,,0.0,0.0,,0.0,0.0,0.0
cool_reprocessed,10,20.0,0.2233640868580944,0.0,0.0,0.0,0.0,,0.0,0.0,,0.0,0.0,0.0
cool_reprocessed,10,30.0,0.3350461302871416,0.0,0.0,0.0,0.0,,0.0,0.0,,0.0,0.0,0.0
cool_reprocessed,10,40.0,0.4467281737161888,0.0,0.0,0.0,0.0,,0.0,0.0,,0.0,0.0,0.0
cool_reprocessed,10,50.0,0.558410217145236,0.0,0.0,0.0,0.0,,0.0,0.0,,0.0,0.0,0.0
cool_reprocessed,10,60.0,0.6700922605742832,0.0,0.0,0.0,0.0,,0.0,0.0,,0.0,0.0,0.0
cool_reprocessed,10,70.0,0.7817743040033304,0.0,0.0,0.0,0.0,,0.0,0.0,,0.0,0.0,0.0
cool_reprocessed,10,80.0,0.8934563474323776,0.0,0.0,0.0,0.0,,0.0,0.0,,0.0,0.0,0.0
cool_reprocessed,10,90.0,1.0051383908614246,0.0,0.0,0.0,0.0,,0.0,0.0,,0.0,0.0,0.0
cool_reprocessed,10,100.0,1.116820434290472,0.0,0.0,0.0,0.0,,0.0,0.0,,0.0,0.0,0.0
cool_reprocessed,10,110.0,1.2285024777195193,0.0,0.0,0.0,0.0,,0.0,0.0,,0.0,0.0,0.0
cool_reprocessed,10,120.0,1.3401845211485663,0.0,0.0,0.0,0.0,,0.0,0.0,,0.0,0.0,0.0
cool_reprocessed,10,130.0,1.4518665645776134,0.0,0.0,0.0,0.0,,0.0,0.0,,0.0,0.0,0.0
cool_reprocessed,10,140.0,1.5635486080066607,0.0,0.0,0.0,0.0,,0.0,0.0,,0.0,0.0,0.0
cool_reprocessed,10,150.0,1.675230651435708,0.0,0.0,0.0,0.0,,0.0,0.0,,0.0,0.0,0.0
cool_reprocessed,10,160.0,1.7869126948647551,0.0,0.0,0.0,0.0,,0.0,0.0,,0.0,0.0,0.0
cool_reprocessed,10,170.0,1.8985947382938022,0.0,0.0,0.0,0.0,,0.0,0.0,,0.0,0.0,0.0
cool_reprocessed,10,180.0,2.0102767817228493,0.0,0.0,0.0,0.0,,0.0,0.0,,0.0,0.0,0.0
cool_reprocessed,10,190.0,2.121958825151897,0.0,0.0,0.0,0.0,,0.0,0.0,,0.0,0.0,0.0
cool_reprocessed,10,200.0,2.233640868580944,0.0,0.0,0.0,0.0,,0.0,0.0,,0.0,0.0,0.0
cool_reprocessed,10,210.0,2.345322912009991,0.0,0.0,0.0,0.0,,0.0,0.0,,0.0,0.0,0.0
cool_reprocessed,10,220.0,2.4570049554390385,0.0,0.0,0.0,0.0,,0.0,0.0,,0.0,0.0,0.0
cool_reprocessed,10,230.0,2.5686869988680856,0.0,0.0,0.0,0.0,,0.0,0.0,,0.0,0.0,0.0
cool_reprocessed,10,240.0,2.6803690422971327,0.0,0.0,0.0,0.0,,0.0,0.0,,0.0,0.0,0.0
cool_reprocessed,10,250.0,2.7920510857261798,0.0,0.0,0.0,0.0,,0.0,0.0,,0.0,0.0,0.0
cool_reprocessed,10,260.0,2.903733129155227,0.0,0.0,0.0,0.0,,0.0,0.0,,0.0,0.0,0.0
cool_reprocessed,10,270.0,3.0154151725842744,0.0,0.0,0.0,0.0,,0.0,0.0,,0.0,0.0,0.0
cool_reprocessed,10,280.0,3.1270972160133215,0.0,0.0,0.0,0.0,,0.0,0.0,,0.0,0.0,0.0
cool_reprocessed,10,290.0,3.2387792594423686,0.0,0.0,0.0,0.0,,0.0,0.0,,0.0,0.0,0.0
cool_reprocessed,10,300.0,3.350461302871416,0.0,0.0,0.0,0.0,,0.0,0.0,,0.0,0.0,0.0
cool_reprocessed,10,310.0,3.462143346300463,0.0,0.0,0.0,0.0,,0.0,0.0,,0.0,0.0,0.0
cool_reprocessed,10,320.0,3.5738253897295102,0.0,0.0,0.0,0.0,,0.0,0.0,,0.0,0.0,0.0
cool_reprocessed,10,330.0,3.6855074331585573,0.0,0.0,0.0,0.0,,0.0,0.0,,0.0,0.0,0.0
cool_reprocessed,10,340.0,3.7971894765876044,0.0,0.0,0.0,0.0,,0.0,0.0,,0.0,0.0,0.0
cool_reprocessed,10,350.0,3.908871520016652,0.0,0.0,0.0,0.0,,0.0,0.0,,0.0,0.0,0.0
cool_reprocessed,10,360.0,4.020553563445699,0.0,0.0,0.0,0.0,,0.0,0.0,,0.0,0.0,0.0
cool_reprocessed,10,370.0,4.132235606874747,0.0,0.0,0.0,0.0,,0.0,0.0,,0.0,0.0,0.0
cool_reprocessed,10,380.0,4.243917650303794,0.0,0.0,0.0,0.0,,0.0,0.0,,0.0,0.0,0.0
cool_reprocessed,10,390.0,4.355599693732841,0.0,0.0,0.0,0.0,,0.0,0.0,,0.0,0.0,0.0
cool_reprocessed,10,400.0,4.467281737161888,0.0,0.0,0.0,0.0,,0.0,0.0,,0.0,0.0,0.0
cool_reprocessed,10,410.0,4.578963780590935,0.0,0.0,0.0,0.0,,0.0,0.0,,0.0,0.0,0.0
cool_reprocessed,10,420.0,4.690645824019982,0.0,0.0,0.0,0.0,,0.0,0.0,,0.0,0.0,0.0
cool_reprocessed,10,430.0,4.802327867449029,0.0,0.0,0.0,0.0,,0.0,0.0,,0.0,0.0,0.0
cool_reprocessed,10,440.0,4.914009910878077,0.0,0.0,0.0,0.0,,0.0,0.0,,0.0,0.0,0.0
cool_reprocessed,10,450.0,5.025691954307124,0.0,0.0,0.0,0.0,,0.0,0.0,,0.0,0.0,0.0
cool_reprocessed,10,460.0,5.137373997736171,0.0,0.0,0.0,0.0,,0.0,0.0,,0.0,0.0,0.0
cool_reprocessed,10,470.0,5.249056041165218,0.0,0.0,0.0,0.0,,0.0,0.0,,0.0,0.0,0.0
cool_reprocessed,10,480.0,5.360738084594265,0.0,0.0,0.0,0.0,,0.0,0.0,,0.0,0.0,0.0
cool_reprocessed,10,490.0,5.4724201280233125,0.0,0.0,0.0,0.0,,0.0,0.0,,0.0,0.0,0.0
cool_reprocessed,10,500.0,5.5841021714523595,0.0,0.0,0.0,0.0,,0.0,0.0,,0.0,0.0,0.0
cool_reprocessed,10,512.0,5.718120623567216,0.0,0.0,0.0,0.0,,0.0,0.0,,0.0,0.0,0.0
cool_reprocessed,10,514.0,5.740457032253026,0.0,0.0,0.0,0.0,,0.0,0.0,,0.0,0.0,0.0
cool_reprocessed,10,516.0,5.762793440938835,0.0,0.0,0.0,0.0,,0.0,0.0,,0.0,0.0,0.0
cool_reprocessed,10,518.0,5.785129849624645,0.0,0.0,0.0,0.0,,0.0,0.0,,0.0,0.0,0.0
cool_reprocessed,10,520.0,5.807466258310454,0.0,0.0,0.0,0.0,,0.0,0.0,,0.0,0.0,0.0
cool_reprocessed,10,522.0,5.8298026669962635,0.0,0.0,0.0,0.0,,0.0,0.0,,0.0,0.0,0.0
cool_reprocessed,10,524.0,5.852139075682073,0.0,0.0,0.0,0.0,,0.0,0.0,,0.0,0.0,0.0
cool_reprocessed,10,526.0,5.874475484367882,0.0,0.0,0.0,0.0,,0.0,0.0,,0.0,0.0,0.0
cool_reprocessed,10,528.0,5.896811893053692,0.0,0.0,0.0,0.0,,0.0,0.0,,0.0,0.0,0.0
cool_reprocessed,10,530.0,5.919148301739502,0.0,0.0,0.0,0.0,,0.0,0.0,,0.0,0.0,0.0
cool_reprocessed,10,540.0,6.030830345168549,0.0,0.0,0.0,0.0,,0.0,0.0,,0.0,0.0,0.0
cool_reprocessed,10,550.0,6.142512388597596,0.0,0.0,0.0,0.0,,0.0,0.0,,0.0,0.0,0.0
cool_reprocessed,10,560.0,6.254194432026643,0.0,0.0,0.0,0.0,,0.0,0.0,,0.0,0.0,0.0
cool_reprocessed,10,570.0,6.36587647545569,0.0,0.0,0.0,0.0,,0.0,0.0,,0.0,0.0,0.0
cool_reprocessed,10,580.0,6.477558518884737,0.0,0.0,0.0,0.0,,0.0,0.0,,0.0,0.0,0.0
cool_reprocessed,10,590.0,6.589240562313784,0.0,0.0,0.0,0.0,,0.0,0.0,,0.0,0.0,0.0
cool_reprocessed,10,600.0,6.700922605742832,0.0,0.0,0.0,0.0,,0.0,0.0,,0.0,0.0,0.0
cool_reprocessed,10,610.0,6.812604649171879,0.0,0.0,0.0,0.0,,0.0,0.0,,0.0,0.0,0.0
cool_reprocessed,10,620.0,6.924286692600926,0.0,0.0,0.0,0.0,,0.0,0.0,,0.0,0.0,0.0
cool_reprocessed,10,630.0,7.035968736029973,0.0,0.0,0.0,0.0,,0.0,0.0,,0.0,0.0,0.0
cool_reprocessed,10,640.0,7.1476507794590205,0.0,0.0,0.0,0.0,,0.0,0.0,,0.0,0.0,0.0
cool_reprocessed,10,650.0,7.259332822888068,0.0,0.0,0.0,0.0,,0.0,0.0,,0.0,0.0,0.0
cool_reprocessed,10,660.0,7.371014866317115,0.0,0.0,0.0,0.0,,0.0,0.0,,0.0,0.0,0.0
cool_reprocessed,10,670.0,7.482696909746162,0.0,0.0,0.0,0.0,,0.0,0.0,,0.0,0.0,0.0
cool_reprocessed,10,680.0,7.594378953175209,0.0,0.0,0.0,0.0,,0.0,0.0,,0.0,0.0,0.0
cool_reprocessed,10,690.0,7.706060996604257,0.0,0.0,0.0,0.0,,0.0,0.0,,0.0,0.0,0.0
cool_reprocessed,10,700.0,7.817743040033304,0.0,0.0,0.0,0.0,,0.0,0.0,,0.0,0.0,0.0
cool_reprocessed,10,710.0,7.929425083462351,0.0,0.0,0.0,0.0,,0.0,0.0,,0.0,0.0,0.0
cool_reprocessed,10,720.0,8.041107126891397,0.0,0.0,0.0,0.0,,0.0,0.0,,0.0,0.0,0.0
cool_reprocessed,10,730.0,8.152789170320446,0.0,0.0,0.0,0.0,,0.0,0.0,,0.0,0.0,0.0
cool_reprocessed,10,740.0,8.264471213749493,0.0,0.0,0.0,0.0,,0.0,0.0,,0.0,0.0,0.0
cool_reprocessed,10,750.0,8.37615325717854,0.0,0.0,0.0,0.0,,0.0,0.0,,0.0,0.0,0.0
cool_reprocessed,10,760.0,8.487835300607587,0.0,0.0,0.0,0.0,,0.0,0.0,,0.0,0.0,0.0
cool_reprocessed,10,770.0,8.599517344036634,0.0,0.0,0.0,0.0,,0.0,0.0,,0.0,0.0,0.0
cool_reprocessed,10,780.0,8.711199387465681,0.0,0.0,0.0,0.0,,0.0,0.0,,0.0,0.0,0.0
cool_reprocessed,10,790.0,8.822881430894729,0.0,0.0,0.0,0.0,,0.0,0.0,,0.0,0.0,0.0
cool_reprocessed,10,800.0,8.934563474323776,0.0,0.0,0.0,0.0,,0.0,0.0,,0.0,0.0,0.0
cool_reprocessed,10,810.0,9.046245517752823,0.0,0.0,0.0,0.0,,0.0,0.0,,0.0,0.0,0.0
cool_reprocessed,10,820.0,9.15792756118187,0.0,0.0,0.0,0.0,,0.0,0.0,,0.0,0.0,0.0
cool_reprocessed,10,830.0,9.269609604610917,0.0,0.0,0.0,0.0,,0.0,0.0,,0.0,0.0,0.0
cool_reprocessed,10,840.0,9.381291648039964,0.0,0.0,0.0,0.0,,0.0,0.0,,0.0,0.0,0.0
cool_reprocessed,10,850.0,9.492973691469011,0.0,0.0,0.0,0.0,,0.0,0.0,,0.0,0.0,0.0
cool_reprocessed,10,860.0,9.604655734898058,0.0,0.0,0.0,0.0,,0.0,0.0,,0.0,0.0,0.0
cool_reprocessed,10,870.0,9.716337778327105,0.0,0.0,0.0,0.0,,0.0,0.0,,0.0,0.0,0.0
cool_reprocessed,10,880.0,9.828019821756154,0.0,0.0,0.0,0.0,,0.0,0.0,,0.0,0.0,0.0
cool_reprocessed,10,890.0,9.939701865185201,0.0,0.0,0.0,0.0,,0.0,0.0,,0.0,0.0,0.0
cool_reprocessed,10,900.0,10.051383908614248,0.0,0.0,0.0,0.0,,0.0,0.0,,0.0,0.0,0.0
cool_reprocessed,10,910.0,10.163065952043295,0.0,0.0,0.0,0.0,,0.0,0.0,,0.0,0.0,0.0
cool_reprocessed,10,920.0,10.274747995472342,0.0,0.0,0.0,0.0,,0.0,0.0,,0.0,0.0,0.0
cool_reprocessed,10,930.0,10.38643003890139,0.0,0.0,0.0,0.0,,0.0,0.0,,0.0,0.0,0.0
cool_reprocessed,10,940.0,10.498112082330437,0.0,0.0,0.0,0.0,,0.0,0.0,,0.0,0.0,0.0
cool_reprocessed,10,950.0,10.609794125759484,0.0,0.0,0.0,0.0,,0.0,0.0,,0.0,0.0,0.0
cool_reprocessed,10,960.0,10.72147616918853,0.0,0.0,0.0,0.0,,0.0,0.0,,0.0,0.0,0.0
cool_reprocessed,10,970.0,10.833158212617578,8.7623616932481e-07,8.7623616932481e-07,5.4844313965698324e-17,1.0947457002139198e-18,31.705730916688843,7.54584071284935e-07,3.473999657828842e-18,31.759136471820348,7.183654080398898e-07,1.6788532749622556e-18,1.8338213372260524e-35
cool_reprocessed,10,980.0,10.944840256046625,2.7300013733961534e-06,2.7300013733961534e-06,1.708729423537697e-16,3.410789658918629e-18,30.471876692988978,2.350982101706773e-06,1.0823593192185261e-17,30.525282248120483,2.238139235978305e-06,5.2306351949717625e-18,5.713453683437833e-35
cool_reprocessed,10,990.0,11.056522299475672,5.474463200779452e-06,5.474463200779452e-06,3.426509759447211e-16,6.83964581677871e-18,29.716430004807016,4.714417042755542e-06,2.1704517517188404e-17,29.76983555993852,4.48813359765511e-06,1.0488976368518305e-17,1.1457170770734055e-34
cool_reprocessed,10,1000.0,11.168204342904719,9.042381270231501e-06,9.042381270231501e-06,5.659697861642297e-16,1.1297305865505011e-17,29.171576819233188,7.786983819966735e-06,3.5850185758649804e-17,29.224982374364693,7.413222756882361e-06,1.7325045393507566e-17,1.8924249298520973e-34
cool_reprocessed,10,1010.0,11.279886386333766,1.3514386711510578e-05,1.3514386711510578e-05,8.458761391133563e-16,1.6884508151329328e-17,28.735293001753753,1.1638119154050234e-05,5.358027487923862e-17,28.788698556885258,1.1079510598043372e-05,2.5893330113511336e-17,2.8283437249787363e-34
cool_reprocessed,10,1020.0,11.391568429762813,1.89048264142825e-05,1.89048264142825e-05,1.1832680179487078e-15,2.361917728901072e-17,28.370852121827674,1.6280178086709753e-05,7.495166576510722e-17,28.42425767695918,1.5498759143307152e-05,3.622131891983802e-17,3.956476035653682e-34
cool_reprocessed,10,1030.0,11.50325047319186,2.5112990113109094e-05,2.5112990113109094e-05,1.571841887606768e-15,3.137548860488751e-17,28.06253779262712,2.1626432444908238e-05,9.95650740224812e-17,28.11594334775861,2.0588403014231213e-05,4.811605269384785e-17,5.255744823504902e-34
cool_reprocessed,10,1040.0,11.614932516620907,3.217702389816537e-05,3.217702389816537e-05,2.0139853420026956e-15,4.020110078923181e-17,27.79341917413813,2.770973231294436e-05,1.2757173685070784e-16,27.846824729269635,2.6379715550804257e-05,6.165061868149036e-17,6.734133451527851e-34
cool_reprocessed,10,1050.0,11.726614560049956,4.0074999675296965e-05,4.0074999675296965e-05,2.508325884402651e-15,5.0068617476052625e-17,27.55510003802963,3.451119397984866e-05,1.5888471628231233e-16,27.608505593161134,3.285471942584421e-05,7.6783003035388e-17,8.387052722385933e-34
cool_reprocessed,10,1051.69,11.745488825389465,4.1428656101643864e-05,4.1428656101643864e-05,2.5930523093634703e-15,5.175983909436598e-17,27.5190317430253,3.567691574878789e-05,1.64251536469124e-16,27.572437298156807,3.39644886696861e-05,7.937658522715868e-17,8.670351235367987e-34
cool_reprocessed,10,1070.0,11.94997864690805,5.928011318332971e-05,5.928011318332971e-05,3.710389108742093e-15,7.406296531407884e-17,27.130011296375223,5.1049968853234075e-05,2.35026925530397e-16,27.183416851506728,4.859966318031302e-05,1.135796668090683e-16,1.240637401586972e-33
cool_reprocessed,10,1080.0,12.061660690337098,6.977923037233915e-05,6.977923037233915e-05,4.3675371467195634e-15,8.718027751949352e-17,26.9529684190425,6.009144291094742e-05,2.7665260910635455e-16,27.006373974174004,5.720716292476329e-05,1.3369579291073702e-16,1.460367033817039e-33
cool_reprocessed,10,1090.0,12.173342733766145,8.109059830517674e-05,8.109059830517674e-05,5.075524600339633e-15,1.0131239377024522e-16,26.789857594909854,6.983239902000582e-05,3.214986103374307e-16,26.84326315004136,6.648057085407019e-05,1.5536817732392598e-16,1.697095767400769e-33
cool_reprocessed,10,1100.0,12.285024777195192,9.324819302208093e-05,9.324819302208093e-05,5.836478056798063e-15,1.1650176280933662e-16,26.638182794956613,8.030209616293797e-05,3.696996334920578e-16,26.691588350088118,7.644774157280716e-05,1.78661917551365e-16,1.9515346662011358e-33
cool_reprocessed,10,1110.0,12.396706820624239,0.00010628489640520713,0.00010628489640520713,6.652455619071936e-15,1.3278946636834282e-16,26.496104972863144,9.1528851071439e-05,4.2138604484745146e-16,26.54951052799465,8.713563266104062e-05,2.0364001470790888e-16,2.2243718951126696e-33
cool_reprocessed,10,1120.0,12.508388864053286,0.00012010197415914848,0.00012010197415914848,7.517277429622789e-15,1.5005214849695696e-16,26.363408491509382,0.00010342763720904334,4.761663941069142e-16,26.416814046640887,9.846329870143847e-05,2.3011329559916343e-16,2.5135411041720663e-33
cool_reprocessed,10,1130.0,12.620070907482333,0.0001346384780977541,0.0001346384780977541,8.427128693337249e-15,1.6821366218474922e-16,26.23936087205916,0.00011594596812055406,5.337990409624491e-16,26.29276642719065,0.00011038077249320909,2.579649845594981e-16,2.817766745894052e-33
cool_reprocessed,10,1140.0,12.73175295091138,0.00014989244016620028,0.00014989244016620028,9.381886228109362e-15,1.8727154859741054e-16,26.122834532464132,0.00012908214898570085,5.942761826982779e-16,26.176240087595637,0.0001228864405643731,2.8719131083006765e-16,3.1370076320572914e-33
cool_reprocessed,10,1150.0,12.843434994340427,0.00016599875301839904,0.00016599875301839904,1.0389993071697449e-14,2.073943389574929e-16,26.01202179271089,0.00014295234465996301,6.581326260821865e-16,26.065427347842395,0.00013609089206858727,3.1805072639187503e-16,3.474086848898563e-33
cool_reprocessed,10,1160.0,12.955117037769474,0.0001828020370753251,0.0001828020370753251,1.1441723893517992e-14,2.2838790623395854e-16,25.907331279211,0.00015742274766147662,7.247523401589782e-16,25.960736834342505,0.00014986674203979448,3.5024552667138074e-16,3.825752551796967e-33
cool_reprocessed,10,1170.0,13.066799081198521,0.00020030470149871044,0.00020030470149871044,1.2537229484906757e-14,2.5025526036812176e-16,25.808055999153417,0.00017249543267641842,7.941448764940016e-16,25.861461554284922,0.0001642159655830076,3.8378032758060155e-16,4.192055160631794e-33
cool_reprocessed,10,1180.0,13.178481124627568,0.00021845145168085568,0.00021845145168085568,1.3673048912691347e-14,2.72927317777105e-16,25.713896519090333,0.00018812278191445,8.660910094321744e-16,25.76730207422184,0.00017909323047523372,4.185491856119837e-16,4.571837448219525e-33
cool_reprocessed,10,1190.0,13.290163168056615,0.00023729940645731857,0.00023729940645731857,1.4852757289906752e-14,2.9647544118458615e-16,25.624042226937725,0.00020435398412740687,9.40817197115867e-16,25.67744778206923,0.00019454536449766777,4.546615394619599e-16,4.966294819898015e-33
cool_reprocessed,10,1200.0,13.401845211485664,0.00025680631070217936,0.00025680631070217936,1.6073709834844875e-14,3.208468381824998e-16,25.538269627333854,0.00022115265067251734,1.0181559113168166e-15,25.59167518246536,0.00021053772559621994,4.920364290434923e-16,5.374542943860025e-33
cool_reprocessed,10,1210.0,13.513527254914711,0.00027703675216383494,0.00027703675216383494,1.7339949145694908e-14,3.461222029516151e-16,25.45594038898185,0.00023857440226922517,1.0983632220577931e-15,25.509345944113356,0.00022712326479694446,5.307976033602337e-16,5.7979335377734626e-33
cool_reprocessed,10,1220.0,13.625209298343758,0.0002978708341054354,0.0002978708341054354,1.8643970790992526e-14,3.7215173976136176e-16,25.3772139029495,0.00025651598802354386,1.1809637766457976e-15,25.43061945808102,0.0002442036870610092,5.707153423477032e-16,6.233957355820859e-33
cool_reprocessed,10,1230.0,13.736891341772806,0.0003193394482862619,0.0003193394482862619,1.9987708310352144e-14,3.9897404393778214e-16,25.301652430204946,0.0002750040108426618,1.2660800511494175e-15,25.35505798533645,0.00026180431840443365,6.11848834079909e-16,6.683260912826616e-33
cool_reprocessed,10,1240.0,13.848573385201853,0.0003414673624067075,0.0003414673624067075,2.137271193370504e-14,4.266200595738714e-16,25.228910856915512,0.0002940597998075427,1.353810241677992e-15,25.282316412047017,0.0002799454641510812,6.542455330404408e-16,7.146362556914725e-33
cool_reprocessed,10,1250.0,13.9602554286309,0.00036422400093582673,0.00036422400093582673,2.2797067914418136e-14,4.550515864306918e-16,25.15886245502785,0.00031365702433582747,1.4440331259084074e-15,25.212268010159356,0.00029860205753866505,6.978468570432874e-16,7.622622391411126e-33
cool_reprocessed,10,1260.0,14.071937472059947,0.00038759206816005575,0.00038759206816005575,2.4259693700117793e-14,4.842470157128989e-16,25.09134665456616,0.00033378078996137354,1.536680131799122e-15,25.14475220969768,0.0003177599190083325,7.4261966780179e-16,8.111678444855536e-33
cool_reprocessed,10,1270.0,14.183619515488994,0.0004115931346381036,0.0004115931346381036,2.5761939409111927e-14,5.142332970913972e-16,25.02611355147034,0.0003544496724980772,1.6318367798024957e-15,25.079519106601843,0.00033743673276869234,7.886052941316257e-16,8.613982154339933e-33
cool_reprocessed,10,1280.0,14.295301558918041,0.0004361968199327968,0.0004361968199327968,2.7301903505840735e-14,5.449724740721155e-16,24.963077619158277,0.00037563750937154105,1.729382621080601e-15,25.01648317428978,0.0003576075920013425,8.357455276430604e-16,9.128897706189041e-33
cool_reprocessed,10,1290.0,14.406983602347088,0.0004614243388879891,0.0004614243388879891,2.8880913844138344e-14,5.76491051905467e-16,24.90203261017168,0.00039736257006641666,1.8294017657887455e-15,24.95543816530317,0.0003782898892888936,8.840810156082884e-16,9.656869092955173e-33
cool_reprocessed,10,1300.0,14.518665645776135,0.00048723695775615476,0.00048723695775615476,3.049654604815184e-14,6.087406376980276e-16,24.842933299665297,0.00041959149842836225,1.9317406468517954e-15,24.896338854796802,0.0003994518695117557,9.335375448400879e-16,1.0197085679615831e-32
cool_reprocessed,10,1310.0,14.630347689205182,0.0005136021250191188,0.0005136021250191188,3.2146762692646623e-14,6.416805624660173e-16,24.78571682692364,0.0004422962622236364,2.0362702077813723e-15,24.83912238205516,0.00042106684593243147,9.840527471952498e-16,1.074886621526312e-32
cool_reprocessed,10,1320.0,14.74202973263423,0.0005405561642075386,0.0005405561642075386,3.383383729609803e-14,6.753562078432875e-16,24.730181796374403,0.0004655081420117578,2.1431344599039816e-15,24.783587351505908,0.0004431645977004652,1.035696217927357e-15,1.1312970892957939e-32
cool_reprocessed,10,1330.0,14.853711776063276,0.0005680656536932188,0.0005680656536932188,3.5555677972397994e-14,7.097258177542028e-16,24.676287527252292,0.0004891983562505401,2.252200897019833e-15,24.729693082383797,0.00046571772473535727,1.0884039217775207e-15,1.1888700251789459e-32
cool_reprocessed,10,1340.0,14.965393819492324,0.0005961033146729667,0.0005961033146729667,3.7310577319707513e-14,7.447553108020487e-16,24.623980014897647,0.0005133434133847457,2.3633613672901026e-15,24.677385570029152,0.0004887038630338033,1.1421235930328196e-15,1.2475483390291846e-32
cool_reprocessed,10,1350.0,15.07707586292137,0.0006247216519691714,0.0006247216519691714,3.910182165633281e-14,7.805102850876152e-16,24.573067461199123,0.000537988528738767,2.4768240357522534e-15,24.626473016330614,0.0005121660576668471,1.1969558300206285e-15,1.3074419149930162e-32
cool_reprocessed,10,1360.0,15.188757906350418,0.0006538540406158281,0.0006538540406158281,4.092524087302542e-14,8.169075011857172e-16,24.523581827079802,0.0005630763272123088,2.592324755459141e-15,24.576987382211307,0.0005360496874346733,1.252772980463756e-15,1.3684113177349356e-32
cool_reprocessed,10,1370.0,15.300439949779467,0.0006835594061503303,0.0006835594061503303,4.278452316571535e-14,8.540205790642958e-16,24.475343197277432,0.0005886575534259039,2.710097147555281e-15,24.528748752408937,0.000560403061308306,1.3096879446679595e-15,1.4305798689250162e-32
cool_reprocessed,10,1380.0,15.412121993208514,0.000713769496459838,0.000713769496459838,4.467539658074847e-14,8.917642463850502e-16,24.42838889660799,0.0006146734310370729,2.8298706139702524e-15,24.481794451739496,0.0005851702241028229,1.367569952770985e-15,1.493804727871195e-32
cool_reprocessed,10,1390.0,15.52380403663756,0.0007445336217706667,0.0007445336217706667,4.660094748413937e-14,9.302001100070956e-16,24.38257307061793,0.0006411664242953321,2.9518406541770786e-15,24.435978625749435,0.0006103916018609826,1.4265134823096387e-15,1.5581890929443298e-32
cool_reprocessed,10,1400.0,15.635486080066608,0.0007757609329699771,0.0007757609329699771,4.855548955815492e-14,9.692146655133232e-16,24.33796409452983,0.0006680582971088162,3.075647080137459e-15,24.391369649661335,0.0006359927136810605,1.4863444679623143e-15,1.623542831566669e-32
cool_reprocessed,10,1410.0,15.747168123495655,0.0008074884164634774,0.0008074884164634774,5.054133781114345e-14,1.008854122715691e-15,24.294443104219205,0.0006953809008819507,3.2014365312681078e-15,24.34784865935071,0.0006620038821579903,1.5471337750396723e-15,1.6899433503351436e-32
cool_reprocessed,10,1420.0,15.858850166924702,0.0008397153095174401,0.0008397153095174401,5.255844450299851e-14,1.0491175286753708e-15,24.251953678733038,0.0007231335787750144,3.3292059835707006e-15,24.305359233864543,0.0006884244819791626,1.608879942157145e-15,1.757389052970767e-32
cool_reprocessed,10,1430.0,15.970532210353749,0.0008724054855998224,0.0008724054855998224,5.4604548445543645e-14,1.089959747883236e-15,24.210487887507533,0.0007512852198768342,3.4588122067560204e-15,24.263893442639038,0.0007152248955005673,1.6715137515070718e-15,1.8258043324538574e-32
cool_reprocessed,10,1440.0,16.082214253782794,0.0009055719296933858,0.0009055719296933858,5.6680462379106555e-14,1.1313970034245037e-15,24.169976476582995,0.0007798470064023205,3.590306682179492e-15,24.2233820317145,0.0007424157682111332,1.7350600820907968e-15,1.8952163642643653e-32
cool_reprocessed,10,1450.0,16.193896297211843,0.0009392359517596984,0.0009392359517596984,5.878752011101427e-14,1.1734559193870804e-15,24.13034708679637,0.0008088372897481883,3.7237738971081206e-15,24.183752641927875,0.000770014570673904,1.7995597634244034e-15,1.9656697467235968e-32
cool_reprocessed,10,1460.0,16.305578340640892,0.0009733142795782556,0.0009733142795782556,6.092050956720977e-14,1.2160324577176007e-15,24.091651119312665,0.0008381843587783614,3.858883703488599e-15,24.14505667444417,0.0007979530337569319,1.8648532473803418e-15,2.0369902044705183e-32
cool_reprocessed,10,1470.0,16.417260384069937,0.0010078918424786568,0.0010078918424786568,6.308474654151723e-14,1.2592327268165799e-15,24.05374903132317,0.000867961351673554,3.995972819288407e-15,24.107154586454662,0.0008263007851412555,1.931103257078393e-15,2.1093554809289096e-32
cool_reprocessed,10,1480.0,16.528942427498986,0.0010428491443622134,0.0010428491443622134,6.527275167873132e-14,1.3029074314998987e-15,24.01673013393279,0.0008980653625554109,4.1345674802183166e-15,24.070135689064294,0.0008549598582435505,1.998080840069832e-15,2.182515489988243e-32
cool_reprocessed,10,1490.0,16.64062447092803,0.0010782957927359543,0.0010782957927359543,6.749138539929451e-14,1.3471935124135056e-15,23.98043908006087,0.000928590781591552,4.275102245424873e-15,24.033844635192374,0.0008840201126750355,2.0659960024335885e-15,2.2566996225275368e-32
cool_reprocessed,10,1500.0,16.75230651435708,0.0011141384708801404,0.0011141384708801404,6.97348069360087e-14,1.39197438217917e-15,23.944935930417593,0.0009594572476729923,4.4172071435877966e-15,23.998341485549098,0.000913405044513824,2.1346699509561117e-15,2.3317125816647776e-32
cool_reprocessed,10,1510.0,16.863988557786126,0.00115040708418335,0.00115040708418335,7.200488809076687e-14,1.4372874037781361e-15,23.910154988239036,0.0009906905142788246,4.561000740127375e-15,23.96356054337054,0.0009431391711188436,2.2041599838422822e-15,2.407616954567207e-32
cool_reprocessed,10,1520.0,16.975670601215175,0.0011870529981199026,0.0011870529981199026,7.429858479019087e-14,1.483071814553331e-15,23.876108583680285,0.0010222486990493858,4.706290214510185e-15,23.92951413881179,0.0009731826204075342,2.2743729181859688e-15,2.484310956996692e-32
cool_reprocessed,10,1530.0,17.08735264464422,0.0012241239417358273,0.0012241239417358273,7.661888443297223e-14,1.5293872458801133e-15,23.842720376639228,0.0010541729045767992,4.853264797328822e-15,23.896125931770733,0.0010035745221223396,2.3454002020100237e-15,2.561894478168125e-32
cool_reprocessed,10,1540.0,17.19903468807327,0.0012614491783854616,0.0012614491783854616,7.895510047759628e-14,1.5760203840249818e-15,23.81010946122442,0.0010863160984082721,5.0012475717093024e-15,23.863515016355926,0.0010341749011008301,2.416914706868076e-15,2.640010193749524e-32
cool_reprocessed,10,1550.0,17.310716731502314,0.0012990790338229716,0.0012990790338229716,8.131038285276793e-14,1.62303410462e-15,23.778194922708472,0.0011187216193305365,5.150438063371831e-15,23.831600477839977,0.0010650250159467839,2.489012856030647e-15,2.718763427448164e-32
cool_reprocessed,10,1560.0,17.422398774931363,0.0013369219826705491,0.0013369219826705491,8.367900291279543e-14,1.6703140583409511e-15,23.747018695943517,0.0011513106488758888,5.300473403101097e-15,23.80042425107502,0.0010960498313356195,2.5615192884641994e-15,2.797962631372507e-32
cool_reprocessed,10,1566.75,17.49778415424597,0.001362544764927966,0.001362544764927966,8.528275309339267e-14,1.7023264674217577e-15,23.72640690815691,0.0011733760965603269,5.402059641961197e-15,23.779812463288415,0.0011170561776562122,2.610612094048402e-15,2.851586992552388e-32
cool_reprocessed,10,1580.0,17.645762861789457,0.001413669800364883,0.001413669800364883,8.848270944439597e-14,1.766200699823025e-15,23.686413905681228,0.0012174031964851133,5.604754259955789e-15,23.739819460812733,0.0011589700568458772,2.7085667735978293e-15,2.958583466942277e-32
cool_reprocessed,10,1590.0,17.757444905218502,0.001452606371278373,0.001452606371278373,9.091978017336691e-14,1.8148469952863396e-15,23.656913995075406,0.0012509340152647302,5.75912546576292e-15,23.71031955020691,0.001190891457298333,2.7831685669069128e-15,3.0400714459132804e-32
cool_reprocessed,10,1600.0,17.86912694864755,0.0014919391903697465,0.0014919391903697465,9.338165238878291e-14,1.8639883524740402e-15,23.627906051344247,0.0012848060691745254,5.915067670442928e-15,23.681311606475752,0.0012231377142152393,2.8585295648396202e-15,3.122388708573863e-32
cool_reprocessed,10,1610.0,17.9808089920766,0.0015316720553803255,0.0015316720553803255,9.58685637942731e-14,1.9136295161811133e-15,23.599369384458633,0.001319022628697057,6.072595930840661e-15,23.652774939590138,0.0012557119411019384,2.9346570438023344e-15,3.2055432029856456e-32
cool_reprocessed,10,1620.0,18.092491035505645,0.001571847052791284,0.001571847052791284,9.838314861593774e-14,1.9638230681154538e-15,23.57125814401592,0.0013536199372441153,6.231877106561232e-15,23.624663699147426,0.0012886486417523616,3.0116316407616914e-15,3.2896230093830326e-32
cool_reprocessed,10,1630.0,18.204173078934694,0.001612469745307778,0.001612469745307778,1.0092575502788643e-13,2.0145759581699827e-15,23.543554919954808,0.0013886027852236412,6.392933251973638e-15,23.596960475086313,0.00132195237664358,3.0894640137641117e-15,3.374639769613008e-32
cool_reprocessed,10,1640.0,18.31585512236374,0.0016534744943945837,0.0016534744943945837,1.034922746623525e-13,2.0658061793393754e-15,23.51629010652544,0.0014239146470151733,6.555504131017226e-15,23.569695661656944,0.0013555693332821246,3.1680284005166414e-15,3.4604561127810006e-32
cool_reprocessed,10,1650.0,18.42753716579279,0.0016948883616362954,0.0016948883616362954,1.0608440132529128e-13,2.117547541633321e-15,23.489431113019684,0.0014595788271128574,6.719697034327685e-15,23.54283666815119,0.0013895216975888004,3.2473766505451413e-15,3.5471286744300113e-32
cool_reprocessed,10,1660.0,18.539219209221834,0.001736723049541179,0.001736723049541179,1.0870286748593881e-13,2.169814665848192e-15,23.46295743624983,0.001495605403309234,6.885558358654128e-15,23.516362991381335,0.0014238190636404328,3.3275311856521056e-15,3.634681946027192e-32
cool_reprocessed,10,1670.0,18.650901252650883,0.0017789354353663694,0.0017789354353663694,1.1134497405775707e-13,2.2225536755988475e-15,23.436883391553017,0.0015319572398000366,7.052917135941134e-15,23.490288946684522,0.0014584260780838294,3.4084093834115057e-15,3.72302567860913e-32
cool_reprocessed,10,1680.0,18.762583296079928,0.0018215088222729265,0.0018215088222729265,1.1400967597240816e-13,2.275743710307652e-15,23.411205659199375,0.0015686199578490905,7.221707168495895e-15,23.46461121433088,0.001493329052336005,3.489979252970056e-15,3.81212492837804e-32
cool_reprocessed,10,1690.0,18.874265339508977,0.0018644375849648724,0.0018644375849648724,1.166966211381735e-13,2.32937774188241e-15,23.385914233705243,0.0016055887131474185,7.391906153796574e-15,23.439319788836748,0.0015285233746060048,3.572230016358408e-15,3.901967922494416e-32
cool_reprocessed,10,1700.0,18.985947382938022,0.0019076643488843213,0.0019076643488843213,1.1940221843615558e-13,2.3833840881069024e-15,23.36102894797792,0.0016428140967240227,7.563286619842534e-15,23.414434503109426,0.00156396200746359,3.6550517449205915e-15,3.9924345852387764e-32
cool_reprocessed,10,1710.0,19.09762942636707,0.0019512294310719508,0.0019512294310719508,1.2212899134177631e-13,2.4378131199980684e-15,23.336513011873656,0.0016803308282101641,7.736008410966187e-15,23.38991856700516,0.0015996780040608575,3.738521685405996e-15,4.083609293691227e-32
cool_reprocessed,10,1720.0,19.209311469796116,0.00199517916547817,0.00199517916547817,1.2487983993359043e-13,2.492722725936644e-15,23.312329104128658,0.0017181788087902072,7.910255226646626e-15,23.365734659260163,0.0016357093503978804,3.82272861285851e-15,4.175589017355963e-32
cool_reprocessed,10,1730.0,19.320993513225165,0.0020395725953700245,0.0020395725953700245,1.276584597763198e-13,2.5481866729788034e-15,23.28843593690953,0.0017564088844693594,8.086261154789251e-15,23.341841492041034,0.0016721044519640781,3.907785653151856e-15,4.2684973242922797e-32
cool_reprocessed,10,1740.0,19.43267555665421,0.0020844342197809157,0.0020844342197809157,1.304663842838165e-13,2.604235569552291e-15,23.26481337107932,0.001795042152961929,8.264123326323637e-15,23.318218926210825,0.0017088833938218365,3.993739746008336e-15,4.362385487035785e-32
cool_reprocessed,10,1750.0,19.54435760008326,0.002129697405984738,0.002129697405984738,1.332994428611212e-13,2.6607861665366615e-15,23.241489102011705,0.001834021232484892,8.44357756353629e-15,23.29489465714321,0.0017459915484093708,4.0804632242825415e-15,4.4571140540103307e-32
cool_reprocessed,10,1760.0,19.656039643512308,0.0021754657047014726,0.0021754657047014726,1.36164116829591e-13,2.7179678373924316e-15,23.218403253764244,0.0018734352973118105,8.625034412326112e-15,23.271808808895734,0.001783513809797272,4.168154489354662e-15,4.5528997402140375e-32
cool_reprocessed,10,1770.0,19.767721686941353,0.002221547574127563,0.002221547574127563,1.3904841743644483e-13,2.775541274986208e-15,23.195644811719355,0.0019131193983125193,8.807734469939244e-15,23.24905036685086,0.0018212931461136703,4.256446550457309e-15,4.649341679466495e-32
cool_reprocessed,10,1780.0,19.879403730370402,0.002268129325351109,0.002268129325351109,1.419640060398516e-13,2.8337392513373854e-15,23.173114322421903,0.001953233980107209,8.992416400994842e-15,23.226519877553407,0.0018594823009287472,4.345696376397943e-15,4.746829790902157e-32
cool_reprocessed,10,1790.0,19.991085773799448,0.002315217355897454,0.002315217355897454,1.4491128306597582e-13,2.8925697593405805e-15,23.150804433169377,0.0019937845520218893,9.179105569660279e-15,23.20420998830088,0.0018980865191308843,4.435916224723958e-15,4.845377463512359e-32
cool_reprocessed,10,1800.0,20.102767817228496,0.0023628483325129354,0.0023628483325129354,1.4789254351543345e-13,2.952078609434007e-15,23.128694242165544,0.0020348026901814715,9.36794734800383e-15,23.18209979729705,0.0019371358612484152,4.52717634828422e-15,4.945061434898396e-32
cool_reprocessed,10,1810.0,20.214449860657542,0.0024109980166031626,0.0024109980166031626,1.5090627027545575e-13,3.0122355185753545e-15,23.10679172403011,0.002076267521152651,9.558845637654333e-15,23.160197279161615,0.0019766104557348775,4.619430306353041e-15,5.04583097758161e-32
cool_reprocessed,10,1820.0,20.32613190408659,0.002459672244983025,0.002459672244983025,1.539528286768971e-13,3.07304777912281e-15,23.085090755379547,0.0021181840713971256,9.751823579739309e-15,23.13849631051105,0.002016515087790947,4.712689282166332e-15,5.147698307076563e-32
cool_reprocessed,10,1830.0,20.437813947515636,0.0025087820715563127,0.0025087820715563127,1.5702665151333831e-13,3.134404264236618e-15,23.063626513227682,0.0021604757436346723,9.946528531080337e-15,23.117032068359187,0.002056776836666564,4.8067828565492785e-15,5.250477273513158e-32
cool_reprocessed,10,1840.0,20.549495990944685,0.002558250157701815,0.002558250157701815,1.6012289809938908e-13,3.1962083491414103e-15,23.042426332870726,0.0022030759365382706,1.014265386847122e-14,23.09583188800223,0.0020973322977772923,4.901562850047476e-15,5.354006019599114e-32
cool_reprocessed,10,1850.0,20.66117803437373,0.0026080422660427027,0.0026080422660427027,1.6323942549058999e-13,3.258417258587337e-15,23.021497293519126,0.002245955166071422,1.0340063851526485e-14,23.074902848650645,0.002138153402266771,4.99696366444183e-15,5.458212892012691e-32
cool_reprocessed,10,1860.0,20.77286007780278,0.002658073464309434,0.002658073464309434,1.663709177091035e-13,3.320924880500798e-15,23.00086640709531,0.002289040291521636,1.0538421750622708e-14,23.054271962226814,0.002179170520043705,5.092822570979677e-15,5.562920141177281e-32
cool_reprocessed,10,1870.0,20.884542121231824,0.0027082847141420576,0.0027082847141420576,1.6951367949734656e-13,3.383657453956408e-15,22.980548060457004,0.0023322804711095216,1.0737493497309566e-14,23.03395361558851,0.002220335249641662,5.1890264531891995e-15,5.668004209303349e-32
cool_reprocessed,10,1880.0,20.996224164660873,0.0027586620480017166,0.0027586620480017166,1.7266683661602946e-13,3.44659752829002e-15,22.960537606395427,0.0023756636764770806,1.0937223714707053e-14,23.01394316152693,0.0022616361400419538,5.2855485495086504e-15,5.773435864579106e-32
cool_reprocessed,10,1890.0,21.10790620808992,0.0028091852859839436,0.0028091852859839436,1.7582912598899163e-13,3.509719891276413e-15,22.940832894316877,0.002419172529393416,1.1137532395867643e-14,22.994238449448382,0.0023030566471371645,5.382350195591712e-15,5.879172873710958e-32
cool_reprocessed,10,1900.0,21.219588251518967,0.0028597931335096905,0.0028597931335096905,1.7899671114011473e-13,3.572947963131269e-15,22.92144730913673,0.0024627542451018322,1.1338176527144913e-14,22.974852864268236,0.002344546519742934,5.479313952089986e-15,5.985086957005774e-32
cool_reprocessed,10,1910.0,21.331270294948013,0.002910447488179625,0.002910447488179625,1.8216720721012793e-13,3.63623413975047e-15,22.902384436991248,0.0025063760111430624,1.1539005044559905e-14,22.955789992122753,0.002386074520338372,5.5763668154684155e-15,6.0910983722715e-32
cool_reprocessed,10,1920.0,21.44295233837706,0.002961150531401813,0.002961150531401813,1.8534075073508513e-13,3.699581146526077e-15,22.883632643039867,0.0025500397060697574,1.1740026596706617e-14,22.937038198171372,0.0024276424373090187,5.673512965266951e-15,6.197211684844285e-32
cool_reprocessed,10,1930.0,21.55463438180611,0.003011888848999728,0.003011888848999728,1.8851650211108186e-13,3.7629722241498265e-15,22.865186505337583,0.002593733778060286,1.1941188000611902e-14,22.918592060469088,0.0024692392732996735,5.7707267001564536e-15,6.303398821010675e-32
cool_reprocessed,10,1940.0,21.666316425235156,0.003062669337418594,0.003062669337418594,1.916948929920721e-13,3.8264159888533e-15,22.84703358049037,0.0026374641660930824,1.2142516598502875e-14,22.900439135621873,0.002510870682228607,5.868021233606137e-15,6.40967421392105e-32
cool_reprocessed,10,1950.0,21.777998468664205,0.003113401997007614,0.003113401997007614,1.9487029022882292e-13,3.8897999975142214e-15,22.829195857685228,0.0026811533656034086,1.234365557018994e-14,22.882601412816733,0.0025524628796092497,5.965224127848911e-15,6.515849508785059e-32
cool_reprocessed,10,1960.0,21.88968051209325,0.0031639827584438755,0.0031639827584438755,1.9803618004021016e-13,3.9529942287436416e-15,22.81169858624238,0.0027247117557149193,1.2544192313677364e-14,22.865104141373884,0.002593930546204348,6.062135987870377e-15,6.621706905252076e-32
cool_reprocessed,10,1970.0,22.0013625555223,0.003214470855444298,0.003214470855444298,2.0119626991136378e-13,4.016072687540641e-15,22.79451012552463,0.0027681903464416226,1.2744361671944152e-14,22.847915680656122,0.0026353222436399986,6.158870304442911e-15,6.727370369962344e-32
cool_reprocessed,10,1980.0,22.113044598951344,0.0032649339247047427,0.0032649339247047427,2.0435479327650314e-13,4.079119877358242e-15,22.77759786553178,0.002811647384150328,1.2944431803126781e-14,22.831003420663286,0.002676693422563323,6.25555666830053e-15,6.832981455639197e-32
cool_reprocessed,10,1990.0,22.224726642380393,0.0033152454113253363,0.0033152454113253363,2.0750382896448102e-13,4.1419776839376094e-15,22.76099465025566,0.0028549738841689453,1.3143900957018798e-14,22.81440020538715,0.0027179403293683064,6.3519526024540916e-15,6.938275303236816e-32
cool_reprocessed,10,2000.0,22.336408685809438,0.0033654333878759828,0.0033654333878759828,2.106451340596219e-13,4.2046811803860544e-15,22.744681359362723,0.0028981940216169597,1.3342880432493334e-14,22.798086914494228,0.002759085978812659,6.448111893459742e-15,7.043310664127812e-32
cool_reprocessed,10,2010.0,22.448090729238487,0.003415451190192432,0.003415451190192432,2.1377578781502598e-13,4.2671720657626264e-15,22.72866364863733,0.002941267610941348,1.3541185220877715e-14,22.78206920376885,0.002800092114176829,6.543945133589617e-15,7.147989877723546e-32
cool_reprocessed,10,2020.0,22.559772772667532,0.003465393557016438,0.003465393557016438,2.169017200033725e-13,4.329568704081285e-15,22.712902447787265,0.0029842762378469263,1.373919093136037e-14,22.76630800291877,0.002841036405200162,6.639633840626736e-15,7.25251121696934e-32
cool_reprocessed,10,2030.0,22.67145481609658,0.0035151768349241546,0.0035151768349241546,2.2001769469078614e-13,4.391766581023551e-15,22.69741591285365,0.003027147862918578,1.3936565904537146e-14,22.750821467985155,0.0028818502702284646,6.73501773606457e-15,7.356699608706891e-32
cool_reprocessed,10,2040.0,22.783136859525627,0.0035647024116145357,0.0035647024116145357,2.231175396554519e-13,4.4536424930555634e-15,22.682225656944162,0.003069797564677134,1.4132919173780455e-14,22.735631212075667,0.0029224528638591416,6.829907880447801e-15,7.460348673254442e-32
cool_reprocessed,10,2050.0,22.894818902954675,0.0036140189368789074,0.0036140189368789074,2.2620429992623673e-13,4.515257221906878e-15,22.667307797137475,0.0031122672386284973,1.4328443620147182e-14,22.72071335226898,0.0029628840706899993,6.924397485931272e-15,7.563560226798666e-32
cool_reprocessed,10,2060.0,23.00650094638372,0.00366314396189152,0.00366314396189152,2.2927907404500037e-13,4.576632695538489e-15,22.652648889766404,0.0031545719992326564,1.4523208828499803e-14,22.70605444489791,0.0030031582797144314,7.018520180259879e-15,7.666371001123708e-32
cool_reprocessed,10,2070.0,23.11818298981277,0.0037120654330883808,0.0037120654330883808,2.3234110756965154e-13,4.6377538545545225e-15,22.638244799340747,0.003196701466380105,1.471716701026413e-14,22.691650354472266,0.003043265609049313,7.112252869014451e-15,7.768755770059259e-32
cool_reprocessed,10,2076.0,23.1851922158702,0.003741313787704081,0.003741313787704081,2.341717851879466e-13,4.674295955388528e-15,22.629723520709497,0.0032218891307073,1.483312749841117e-14,22.683129075841002,0.003067244311291418,7.168292208239243e-15,7.829967870918271e-32
cool_reprocessed,10,2090.0,23.341547076670864,0.0038092393747856915,0.0038092393747856915,2.384233013369305e-13,4.75916034126454e-15,22.610188194716407,0.0032803842805753498,1.5102430997331067e-14,22.663593749847898,0.0031229318003365577,7.298436452813817e-15,7.972125197098777e-32
cool_reprocessed,10,2100.0,23.453229120099913,0.0038573605131163985,0.0038573605131163985,2.4143524139531655e-13,4.819281586108307e-15,22.596558280802007,0.0033218245289326287,1.529321611206107e-14,22.649963835933526,0.003162382992129884,7.39063571770341e-15,8.072834998099638e-32
cool_reprocessed,10,2110.0,23.564911163528958,0.0039051554352119845,0.0039051554352119845,2.444267633218723e-13,4.878995265237211e-15,22.583188045316327,0.0033629838512297485,1.548270788245211e-14,22.63659360044783,0.0032015667418030876,7.482209957954835e-15,8.172862081000676e-32
cool_reprocessed,10,2120.0,23.676593206958007,0.003952638771769663,0.003952638771769663,2.47398782863493e-13,4.938319657847463e-15,22.570066040897267,0.0034038748469135886,1.567096431459763e-14,22.62347159602877,0.00324049504405251,7.573187205729737e-15,8.272237065497439e-32
cool_reprocessed,10,2130.0,23.788275250387052,0.003999872625298563,0.003999872625298563,2.503551870652791e-13,4.997332353129309e-15,22.557168452859848,0.0034445509965020924,1.5858231625331647e-14,22.610574007991353,0.003279218812428483,7.66368644835651e-15,8.371089922150744e-32
cool_reprocessed,10,2140.0,23.8999572938161,0.004046801160520361,0.004046801160520361,2.5329248115305664e-13,5.0559635920006605e-15,22.544504192131377,0.0034849642165982104,1.6044288445410827e-14,22.597909747262882,0.0033176922714495804,7.753600706412083e-15,8.469303796705603e-32
cool_reprocessed,10,2150.0,24.011639337245146,0.004093344955630442,0.004093344955630442,2.562056940533406e-13,5.114114147013314e-15,22.532087993832484,0.0035250461119099275,1.622881989246473e-14,22.58549354896399,0.0033558503086734285,7.842777809098843e-15,8.566712472102003e-32
cool_reprocessed,10,2160.0,24.123321380674195,0.004139582656253699,0.004139582656253699,2.5909974825791414e-13,5.171882275877584e-15,22.51989246004795,0.003564864409310315,1.6412137771556348e-14,22.573298015179454,0.0033937574002063505,7.931368440067541e-15,8.663480540980667e-32
cool_reprocessed,10,2170.0,24.23500342410324,0.004185362423170986,0.004185362423170986,2.619651400301151e-13,5.229078274792024e-15,22.507951179727364,0.0036042883501521323,1.6593640088139204e-14,22.56135673485887,0.0034312890635783944,8.019081678012648e-15,8.759290228283174e-32
cool_reprocessed,10,2180.0,24.34668546753229,0.004230752918320306,0.004230752918320306,2.648061669748782e-13,5.285787928119378e-15,22.49623970007783,0.003643377063705015,1.6773599065111045e-14,22.549645255209334,0.003468501589961777,8.106049078014309e-15,8.85428523239972e-32
cool_reprocessed,10,2190.0,24.458367510961335,0.0042757902933812115,0.0042757902933812115,2.676250918543825e-13,5.342056402787389e-15,22.484742864205423,0.0036821616825362963,1.695215803246303e-14,22.538148419336927,0.003505424617617213,8.192339906062376e-15,8.948541212979685e-32
cool_reprocessed,10,2200.0,24.570049554390383,0.004320448114253383,0.004320448114253383,2.704202601374089e-13,5.397850672748198e-15,22.47346187202084,0.0037206194425194327,1.7129212187336424e-14,22.526867427152347,0.003542036475054837,8.277903514879957e-15,9.042002847703702e-32
cool_reprocessed,10,2210.0,24.68173159781943,0.004364694669075513,0.004364694669075513,2.7318968695350947e-13,5.4531311180625364e-15,22.462399186392624,0.0037587230345039334,1.7304635802217132e-14,22.51580474152413,0.003578311163913722,8.362679145091809e-15,9.134603768747724e-32
cool_reprocessed,10,2220.0,24.793413641248478,0.004408703118786853,0.004408703118786853,2.7594421058264955e-13,5.508114081310555e-15,22.451506720536123,0.0037966215786597976,1.7479115405537526e-14,22.50491227566763,0.003614390646866874,8.446998570048697e-15,9.226706374100208e-32
cool_reprocessed,10,2230.0,24.905095684677523,0.0044526226023423356,0.0044526226023423356,2.7869316574982133e-13,5.562985892656838e-15,22.44074414045327,0.003834443508260769,1.7653242286149334e-14,22.494149695584774,0.003650397192624449,8.531147537396839e-15,9.318622787600983e-32
cool_reprocessed,10,2240.0,25.01677772810657,0.004496672733453046,0.004496672733453046,2.814502982506716e-13,5.618020931514534e-15,22.430055654571213,0.0038723779469860818,1.7827887143053425e-14,22.483461209702703,0.0036865108472729884,8.615546823190665e-15,9.41081262541682e-32
cool_reprocessed,10,2250.0,25.12845977153562,0.004540762856163637,0.004540762856163637,2.842099338573472e-13,5.673105934792265e-15,22.419461803735153,0.003910346825084376,1.800269055401996e-14,22.472867358866658,0.0037226572882672337,8.70002273219497e-15,9.503086159217529e-32
cool_reprocessed,10,2260.0,25.240141814964666,0.004584909095356797,0.004584909095356797,2.869730818389926e-13,5.728261048481041e-15,22.40895703337852,0.003948364028743023,1.8177716449115848e-14,22.46236258851001,0.003758849735282812,8.784606159404799e-15,9.595477135788473e-32
cool_reprocessed,10,2270.0,25.351823858393715,0.0046290925079125415,0.0046290925079125415,2.897385565307648e-13,5.7834626055606236e-15,22.398544207241905,0.003986413244806844,1.835288972485342e-14,22.45194976237341,0.00379507265816633,8.869260810131415e-15,9.687945910227012e-32
cool_reprocessed,10,2280.0,25.46350590182276,0.004673357450970659,0.004673357450970659,2.925091342810805e-13,5.8387660246381865e-15,22.38821135638411,0.004024532672099749,1.8528386243282016e-14,22.441616911515617,0.003831362422267611,8.954071671883905e-15,9.780585314890737e-32
cool_reprocessed,10,2290.0,25.57518794525181,0.004717635528294901,0.004717635528294901,2.952805341154875e-13,5.8940858533115516e-15,22.377972893213744,0.004062663410165198,1.8703934834927423e-14,22.43137844834525,0.0038676629542449214,9.038907698662071e-15,9.873252207460475e-32
cool_reprocessed,10,2300.0,25.686869988680854,0.004761885799157097,0.004761885799157097,2.9805019352147105e-13,5.949370941345543e-15,22.367836417235203,0.004100770202273981,1.8879373182733305e-14,22.421241972366694,0.0039039406896279414,9.123690448742118e-15,9.965860905578534e-32
cool_reprocessed,10,2310.0,25.798552032109903,0.004805913516746883,0.004805913516746883,3.008059231423425e-13,6.00437797735821e-15,22.357843978465176,0.004138685339255696,1.90539291771061e-14,22.41124953359668,0.003940035968981477,9.20804679061931e-15,1.005800383550087e-31
cool_reprocessed,10,2320.0,25.91023407553895,0.004849836966916799,0.004849836966916799,3.035551265830448e-13,6.059254744484963e-15,22.34796600800292,0.004176510684766867,1.92280717840913e-14,22.401371563134425,0.0039760457666917735,9.29220335793178e-15,1.014992855048752e-31
cool_reprocessed,10,2330.0,26.021916118967997,0.004893628290686998,0.004893628290686998,3.0629606012802387e-13,6.113966436472114e-15,22.338206411276552,0.004214222247624327,1.9401690551632896e-14,22.391611966408057,0.004011947243108829,9.37610677335822e-15,1.0241576746175497e-31
cool_reprocessed,10,2340.0,26.133598162397043,0.004937521738131953,0.004937521738131953,3.0904338567447217e-13,6.168805719008189e-15,22.328511305095297,0.004252021755833705,1.9575714207289802e-14,22.381916860226802,0.0040479324436608335,9.460205855970995e-15,1.0333438670285517e-31
cool_reprocessed,10,2350.0,26.24528020582609,0.004981583501044246,0.004981583501044246,3.1180124621897126e-13,6.223855290323245e-15,22.318865320956398,0.004289966211461425,1.975040518061334e-14,22.37227087608789,0.004084055634418681,9.544627428094538e-15,1.0425652851590792e-31
cool_reprocessed,10,2360.0,26.356962249255137,0.005026014442067847,0.005026014442067847,3.145822139130662e-13,6.27936610275584e-15,22.309224526329068,0.004328228590420792,1.992655982854569e-14,22.36263008146056,0.004120481488766385,9.629756339064517e-15,1.0518639663291222e-31
cool_reprocessed,10,2370.0,26.468644292684186,0.005070608869397875,0.005070608869397875,3.1737341434421613e-13,6.335081170544777e-15,22.299633577427706,0.004366631758093318,2.0103362648046928e-14,22.35303913255921,0.004157041374225035,9.715198486956876e-15,1.0611968625530017e-31
cool_reprocessed,10,2380.0,26.58032633611323,0.0051156194724894955,0.0051156194724894955,3.2019066354501603e-13,6.3913161970406094e-15,22.29003827722304,0.004405393321837071,2.028181547299645e-14,22.343443832354545,0.004193942453395218,9.801438020376982e-15,1.070616857668523e-31
cool_reprocessed,10,2390.0,26.69200837954228,0.005160382092247706,0.005160382092247706,3.229923912730989e-13,6.4472413998867456e-15,22.280579208150932,0.004443941330970907,2.0459285122352937e-14,22.333984763282437,0.004230640228188422,9.88720242203923e-15,1.0799849538618125e-31
cool_reprocessed,10,2400.0,26.80369042297133,0.005205593325342552,0.005205593325342552,3.2582219806427577e-13,6.503727088066099e-15,22.27110826462313,0.004482875670285854,2.0638533381897557e-14,22.324513819754635,0.004267705790016568,9.973826359059375e-15,1.089446937609358e-31
cool_reprocessed,10,2410.0,26.915372466400374,0.005250993415483733,0.005250993415483733,3.286638255671584e-13,6.560448729116e-15,22.26168017254529,0.004521972646711551,2.081853039998161e-14,22.315085727676795,0.0043049261826698946,1.0060812142898717e-14,1.098948446098449e-31
cool_reprocessed,10,2420.0,27.027054509829423,0.0052964500105628365,0.0052964500105628365,3.3150898975873817e-13,6.617240965902527e-15,22.25232166269712,0.004561118283221821,2.099875144229781e-14,22.305727217828625,0.004342192899812222,1.0147906189217293e-14,1.1084617801620198e-31
cool_reprocessed,10,2430.0,27.138736553258468,0.005342217014668594,0.005342217014668594,3.343735826964843e-13,6.67442101930646e-15,22.242980041276745,0.004600531233174855,2.1180203158364e-14,22.29638559640825,0.0043797140998381575,1.0235594973837277e-14,1.1180400778411402e-31
cool_reprocessed,10,2440.0,27.250418596687517,0.005387769162569599,0.005387769162569599,3.372247276146628e-13,6.7313326371966e-15,22.233761406231643,0.0046397591564474126,2.1360803037439292e-14,22.28716696136315,0.004417059154127817,1.0322872097702289e-14,1.1275734095731213e-31
cool_reprocessed,10,2450.0,27.362100640116562,0.005433412056927463,0.005433412056927463,3.400815524252556e-13,6.788357631248253e-15,22.2246022514639,0.004679065227408081,2.1541762697554352e-14,22.278007806595404,0.0044544786051586675,1.0410323090201838e-14,1.1371257330786328e-31
cool_reprocessed,10,2460.0,27.47378268354561,0.0054785799554329375,0.0054785799554329375,3.4290864687025424e-13,6.844789178367187e-15,22.2156138462801,0.004717962248483928,2.1720839149139066e-14,22.269019401411605,0.004491508639955327,1.0496863998901728e-14,1.1465786475937715e-31
cool_reprocessed,10,2470.0,27.585464726974656,0.005523601864729558,0.005523601864729558,3.457266037353557e-13,6.9010383305288414e-15,22.206727937906983,0.004756733548737652,2.189933679962042e-14,22.260133493038488,0.00452841898830071,1.0583125194814158e-14,1.1560010089161097e-31
cool_reprocessed,10,2480.0,27.697146770403705,0.005568315073471987,0.005568315073471987,3.485252387889317e-13,6.956901800592237e-15,22.19797435404943,0.004795239006825593,2.207661054990548e-14,22.251379909180933,0.004565076254420844,1.0668794925828732e-14,1.1653587641786996e-31
cool_reprocessed,10,2490.0,27.80882881383275,0.005612729450714762,0.005612729450714762,3.5130516974290116e-13,7.012391918686395e-15,22.189348585514615,0.0048334871216337985,2.2252699527678418e-14,22.24275414064612,0.0046014885292707045,1.0753892100882459e-14,1.1746539788158866e-31
cool_reprocessed,10,2500.0,27.9205108572618,0.005656701103597324,0.005656701103597324,3.5405739022946274e-13,7.06732890897473e-15,22.180875778025403,0.004871353977642288,2.2427033243194748e-14,22.234281333156908,0.004637537845049932,1.0838141023754791e-14,1.1838565383668436e-31
cool_reprocessed,10,2510.0,28.032192900690845,0.005700289738873445,0.005700289738873445,3.567856373414964e-13,7.12178736745573e-15,22.17254152954842,0.004908890992227926,2.259984841487518e-14,22.225947084679923,0.0046732731511948036,1.0921656091548487e-14,1.1929789384945978e-31
cool_reprocessed,10,2520.0,28.143874944119894,0.00574382999688283,0.00574382999688283,3.595108564821926e-13,7.176185384692005e-15,22.164279913334774,0.004946386345996345,2.2772471785972652e-14,22.217685468466264,0.004708968796165926,1.1005078469339723e-14,1.2020912140386973e-31
cool_reprocessed,10,2530.0,28.25555698754894,0.005787382027702843,0.005787382027702843,3.6223681249240513e-13,7.230598110558519e-15,22.15607847858609,0.004983891838099252,2.29451418325459e-14,22.20948403371758,0.004744674092849915,1.1088523403631557e-14,1.2112059534426653e-31
cool_reprocessed,10,2540.0,28.367239030977988,0.0058305566799873665,0.0058305566799873665,3.6493914808199487e-13,7.284539349919972e-15,22.148008802874337,0.005021072344950812,2.3116315692418502e-14,22.20141435800584,0.004780070002983653,1.1171245287206712e-14,1.220241713590261e-31
cool_reprocessed,10,2550.0,28.478921074407033,0.005873232959966234,0.005873232959966234,3.676102901553158e-13,7.337857936442131e-15,22.140090788446265,0.005057823670930159,2.328551366350686e-14,22.193496343577756,0.004815057332146597,1.1253012298103941e-14,1.2291731724318865e-31
cool_reprocessed,10,2560.0,28.590603117836082,0.005915525304558769,0.005915525304558769,3.702574014095406e-13,7.390696844507658e-15,22.132300565647036,0.005094244365126578,2.345318945205193e-14,22.18570612077854,0.004849729899250955,1.1334043695472213e-14,1.2380242797737428e-31
cool_reprocessed,10,2570.0,28.70228516126513,0.005957295926034189,0.005957295926034189,3.728718576017627e-13,7.442883925863492e-15,22.12466092174666,0.005130215769545219,2.3618796773220514e-14,22.178066476878165,0.004883974741669856,1.141407548041354e-14,1.2467661988604476e-31
cool_reprocessed,10,2580.0,28.813967204694176,0.005998576484728005,0.005998576484728005,3.7545564037739e-13,7.494458736073972e-15,22.117163355079278,0.005165765148964354,2.3782461150243213e-14,22.170568910210783,0.004917817815521792,1.149316831358064e-14,1.255405555690886e-31
cool_reprocessed,10,2587.75,28.900520788351688,0.00603019259854955,0.00603019259854955,3.774345179146414e-13,7.533959051029333e-15,22.11145589852415,0.005192991845054806,2.3907809055799952e-14,22.164861453655654,0.004943737679710406,1.155374423830169e-14,1.2620222996870614e-31
cool_reprocessed,10,2600.0,29.03733129155227,0.006079322749192812,0.006079322749192812,3.80509612850676e-13,7.595340928484835e-15,22.102645855438148,0.005235301019673564,2.41025945856592e-14,22.156051410569653,0.004984016090884762,1.1647876753249555e-14,1.2723044498316014e-31
cool_reprocessed,10,2610.0,29.14901333498132,0.00611873768562982,0.00611873768562982,3.8297662485561873e-13,7.644584880856566e-15,22.09562926904477,0.005269243790181419,2.4258862359678415e-14,22.149034824176276,0.005016329670131618,1.172339508658963e-14,1.280553361937032e-31
cool_reprocessed,10,2620.0,29.260695378410364,0.006157642558553594,0.006157642558553594,3.8541171158237554e-13,7.693191573711404e-15,22.08874766882652,0.005302747311756277,2.441310789296793e-14,22.142153223958026,0.005048225083595505,1.1797936147101201e-14,1.2886955259548286e-31
cool_reprocessed,10,2630.0,29.372377421839413,0.006195921148011931,0.006195921148011931,3.8780759873233735e-13,7.741015804993774e-15,22.082019151543484,0.005335711499823033,2.4564870410124577e-14,22.13542470667499,0.005079607050578925,1.1871277259375285e-14,1.2967066189186928e-31
cool_reprocessed,10,2640.0,29.48405946526846,0.006233559993870271,0.006233559993870271,3.901634438250502e-13,7.788040757976693e-15,22.075443497724883,0.0053681247629825965,2.471409654596613e-14,22.12884905285639,0.0051104645360488645,1.194339263402795e-14,1.3045838238390025e-31
cool_reprocessed,10,2650.0,29.595741508697508,0.006270346993180622,0.006270346993180622,3.924659711694618e-13,7.834001436990678e-15,22.069054919771553,0.005399804445563323,2.4859945379295148e-14,22.122460474903058,0.00514062365147377,1.2013875885496338e-14,1.3122827509809653e-31
cool_reprocessed,10,2660.0,29.707423552126553,0.006306332255543171,0.006306332255543171,3.9471831716502874e-13,7.87896044761087e-15,22.06284173614268,0.005430793700207664,2.5002615578849576e-14,22.116247291274185,0.005170125478247726,1.2082823022903704e-14,1.3198138874777582e-31
cool_reprocessed,10,2670.0,29.8191055955556,0.006341698154314595,0.006341698154314595,3.969318967041998e-13,7.923145642161843e-15,22.056769939105855,0.005461249580498653,2.5142830197387185e-14,22.11017549423736,0.005199119531667374,1.2150583470432523e-14,1.327215401138988e-31
cool_reprocessed,10,2680.0,29.930787638984647,0.006376518759540383,0.006376518759540383,3.991113458896292e-13,7.966649561749127e-15,22.050824752530694,0.0054912358729797385,2.5280882899243797e-14,22.104230307662185,0.00522766653663807,1.2217299145002916e-14,1.3345027936335681e-31
cool_reprocessed,10,2690.0,30.042469682413696,0.006410734535302239,0.006410734535302239,4.012529383211642e-13,8.009397823811443e-15,22.045014373347236,0.005520701307391615,2.5416537643307412e-14,22.09841992847874,0.00525571768377972,1.2282855976829922e-14,1.3416636050515886e-31
cool_reprocessed,10,2700.0,30.15415172584274,0.006444380284793377,0.006444380284793377,4.033588523581584e-13,8.051433910514277e-15,22.039330955923923,0.0055496758550321445,2.5549932413246743e-14,22.092736511055428,0.005283301505822393,1.2347320648226998e-14,1.348705119141489e-31
cool_reprocessed,10,2710.0,30.26583376927179,0.006476444206632417,0.006476444206632417,4.0536575855294266e-13,8.09149370465897e-15,22.03394228551948,0.005577288187790912,2.5677055736155582e-14,22.087347840650985,0.005309588496820507,1.2408754565328465e-14,1.3554155821515803e-31
cool_reprocessed,10,2720.0,30.377515812700835,0.006508337654440461,0.006508337654440461,4.073619946434715e-13,8.131340513173798e-15,22.028608666366345,0.005604753714251491,2.5803503183374635e-14,22.08201422149785,0.005335735727955782,1.2469861857148695e-14,1.362090367689498e-31
cool_reprocessed,10,2730.0,30.489197856129884,0.0065404021132461606,0.0065404021132461606,4.0936893444742303e-13,8.171400978190066e-15,22.023272731325527,0.005632366509427244,2.5930628635186674e-14,22.07667828645703,0.005362023159175704,1.253129680306895e-14,1.368800943078072e-31
cool_reprocessed,10,2740.0,30.600879899558933,0.006572632103871053,0.006572632103871053,4.1138623501868937e-13,8.211668254170838e-15,22.01793554733181,0.005660121854840511,2.6058410368379657e-14,22.071341102463315,0.005388446298480959,1.2593048905078502e-14,1.375546161613398e-31
cool_reprocessed,10,2750.0,30.71256194298798,0.006604998608142817,0.006604998608142817,4.1341208008694366e-13,8.252106086598792e-15,22.012602030716515,0.005687994761051936,2.6186733335065528e-14,22.066007585848006,0.005414981355879841,1.2655062564863397e-14,1.3823199502588395e-31
cool_reprocessed,10,2760.0,30.824243986417027,0.006637699356085995,0.006637699356085995,4.1545884573060655e-13,8.292961514002752e-15,22.007239912177646,0.005716155506272073,2.6316381472339845e-14,22.06064546730915,0.005441790436538441,1.2717716629714911e-14,1.3891636907275374e-31
cool_reprocessed,10,2770.0,30.935926029846073,0.006670451860146528,0.006670451860146528,4.175088508305362e-13,8.33388160409574e-15,22.001895721136584,0.005744360822057904,2.6446234806272643e-14,22.05530127626809,0.005468641948456629,1.2780469858387965e-14,1.3960182629189673e-31
cool_reprocessed,10,2780.0,31.04760807327512,0.006703645221489291,0.006703645221489291,4.1958644953598813e-13,8.375352489317972e-15,21.996506301881276,0.0057729457887809215,2.6577836000087554e-14,22.04991185701278,0.005495854888757397,1.2844067761953444e-14,1.4029650994472423e-31
cool_reprocessed,10,2790.0,31.159290116704167,0.006737077848320657,0.006737077848320657,4.2167902405736445e-13,8.417122306351087e-15,21.991104942438618,0.005801736802609536,2.671038580599431e-14,22.044510497570123,0.005523263986277379,1.2908124094037613e-14,1.40996201039308e-31
cool_reprocessed,10,2800.0,31.270972160133216,0.006770732386408831,0.006770732386408831,4.237854881795892e-13,8.45916937328865e-15,21.985694735243023,0.0058307189186837406,2.6843815419945073e-14,22.039100290374527,0.0055508550134826746,1.2972605604233899e-14,1.4170053637949528e-31
cool_reprocessed,10,2810.0,31.38265420356226,0.006804733930207054,0.006804733930207054,4.259136716633013e-13,8.501649979747092e-15,21.98025598515462,0.005859999863989852,2.6978620801936667e-14,22.033661540286126,0.005578730526660154,1.3037751971341076e-14,1.424121339909458e-31
cool_reprocessed,10,2820.0,31.49433624699131,0.006839132538808436,0.006839132538808436,4.2806670774667934e-13,8.544626668199385e-15,21.974781306262294,0.005889622747675386,2.711500042046242e-14,22.0281868613938,0.005606931565796642,1.310365910771171e-14,1.4313204152994533e-31
cool_reprocessed,10,2830.0,31.606018290420355,0.006873694102197694,0.006873694102197694,4.3022994329894664e-13,8.587806947943165e-15,21.96930835438973,0.005919385962348819,2.7252026103253892e-14,22.022713909521222,0.005635266200288793,1.3169878462624422e-14,1.4385535945050037e-31
cool_reprocessed,10,2840.0,31.717700333849404,0.006908582048002453,0.006908582048002453,4.3241360738440524e-13,8.631395001023061e-15,21.96381155743621,0.005949430246191162,2.7390345789237036e-14,22.017217112567714,0.005663868413140861,1.3236723160574012e-14,1.4458550802994158e-31
cool_reprocessed,10,2850.0,31.82938237727845,0.006943729111173548,0.006943729111173548,4.3461348983049635e-13,8.675306788311358e-15,21.958301932301957,0.005979697672884801,2.7529692793737157e-14,22.011707487433462,0.005692683058393137,1.3304064322895086e-14,1.4532107951900315e-31
cool_reprocessed,10,2860.0,31.941064420707498,0.006978967470032927,0.006978967470032927,4.368190865458305e-13,8.719332637956011e-15,21.952805921743426,0.006010043720245525,2.766940175680617e-14,22.00621147687493,0.005721572550663446,1.3371580406168561e-14,1.4605856167994789e-31
cool_reprocessed,10,2870.0,32.05274646413655,0.007014086335953483,0.007014086335953483,4.3901720410373766e-13,8.763209196364393e-15,21.947356088592493,0.006040286864449058,2.7808636968113822e-14,22.00076164372401,0.005750364078940985,1.3438867543047557e-14,1.467935430459182e-31
cool_reprocessed,10,2880.0,32.16442850756559,0.007049044909881966,0.007049044909881966,4.4120528885924854e-13,8.806885490306138e-15,21.94195816306675,0.006070391970771705,2.79472366723001e-14,21.995363718198256,0.005779024194904903,1.3505847563254973e-14,1.4752516975836546e-31
cool_reprocessed,10,2890.0,32.27611055099464,0.0070837319564929085,0.0070837319564929085,4.4337637850547855e-13,8.850222545383093e-15,21.93662855823107,0.006100263247225294,2.8084759856432484e-14,21.990034113362576,0.005807461704408271,1.3572307341840034e-14,1.4825111384087824e-31
cool_reprocessed,10,2900.0,32.387792594423686,0.007118352443235114,0.007118352443235114,4.4554330211694954e-13,8.893476442365623e-15,21.931335139422906,0.006130077204638087,2.8222019151707827e-14,21.98474069455441,0.005835844646080569,1.363863959287314e-14,1.4897566493241705e-31
cool_reprocessed,10,2910.0,32.499474637852735,0.0071525089574562,0.0071525089574562,4.4768118532183775e-13,8.936150664666494e-15,21.92613783088043,0.006159491605075026,2.835743894247966e-14,21.979543386011933,0.0058638472087852766,1.3704082880617758e-14,1.4969050582550822e-31
cool_reprocessed,10,2920.0,32.611156681281784,0.007185908511093513,0.007185908511093513,4.497716897658741e-13,8.977879160948135e-15,21.921079647817443,0.0061882541374208,2.848985762361795e-14,21.974485202948948,0.005891229191881803,1.3768075845036798e-14,1.5038950475134718e-31
cool_reprocessed,10,2930.0,32.722838724710826,0.00721877819931077,0.00721877819931077,4.518290295147353e-13,9.01894565774767e-15,21.916124611557954,0.006216560368121087,2.862017555572029e-14,21.96953016668946,0.005918176774982062,1.3831053596517943e-14,1.5107741444636945e-31
cool_reprocessed,10,2940.0,32.834520768139875,0.007249988445698425,0.007249988445698425,4.5378250348871016e-13,9.057938892941135e-15,21.911440570706212,0.006243437545313112,2.8743914325092275e-14,21.964846125837717,0.0059437638965437875,1.3890851886288006e-14,1.5173059469353807e-31
cool_reprocessed,10,2950.0,32.946202811568924,0.007279237445242756,0.007279237445242756,4.556132214735976e-13,9.094481799531476e-15,21.907069141574873,0.006268625765030381,2.8859877370177643e-14,21.960474696706378,0.005967743127518255,1.394689246118485e-14,1.5234272919944691e-31
cool_reprocessed,10,2960.0,33.05788485499797,0.007306683750335503,0.007306683750335503,4.573311073888354e-13,9.12877246857587e-15,21.902983080516712,0.006292261567070569,2.8968693301131896e-14,21.956388635648217,0.0059902444540411385,1.3999479104836045e-14,1.5291713621058273e-31
cool_reprocessed,10,2970.0,33.169566898427014,0.007332540317829119,0.007332540317829119,4.589494903720302e-13,9.16107696258887e-15,21.89914770775092,0.006314528342458101,2.907120642461396e-14,21.952553262882425,0.006011442464701181,1.4049019838870555e-14,1.5345827257127134e-31
cool_reprocessed,10,2980.0,33.28124894185606,0.007357488854453952,0.007357488854453952,4.605110389859061e-13,9.19224698746665e-15,21.89545982460313,0.006336013153286525,2.9170119492497e-14,21.948865379734634,0.006031896043678988,1.4096820801538406e-14,1.5398040530667802e-31
cool_reprocessed,10,2990.0,33.39293098528511,0.007381176927414409,0.007381176927414409,4.619936941834047e-13,9.221842223234876e-15,21.891969817982478,0.006356412496706885,2.926403522006012e-14,21.945375373113983,0.006051316255710444,1.4142206737727109e-14,1.5447615856537e-31
cool_reprocessed,10,3000.0,33.50461302871416,0.007403585675252051,0.007403585675252051,4.633962754109439e-13,9.249839104899027e-15,21.888678590640502,0.006375710129888078,2.935287882757785e-14,21.942084145772007,0.006069687637590804,1.4185141509210028e-14,1.5494513760736562e-31
cool_reprocessed,10,3010.0,33.6162950721432,0.0074246837444707356,0.0074246837444707356,4.647168202284343e-13,9.276198460251556e-15,21.88558895793816,0.006393879052291218,2.943652600834082e-14,21.938994513069666,0.0060869844847579475,1.422556504323335e-14,1.5538668625443082e-31
cool_reprocessed,10,3020.0,33.72797711557225,0.007444404223627841,0.007444404223627841,4.659511405958299e-13,9.30083669195116e-15,21.882708989671634,0.006410861642112321,2.951471147961256e-14,21.93611454480314,0.006103151941149701,1.426334913863567e-14,1.557994041577158e-31
cool_reprocessed,10,3030.0,33.8396591590013,0.007462668065669211,0.007462668065669211,4.670942888955728e-13,9.323655040752698e-15,21.880048544470945,0.0064265898267814175,2.9587121844789854e-14,21.93345409960245,0.006118125201555666,1.4298342342634743e-14,1.561816369895447e-31
cool_reprocessed,10,3040.0,33.95134120243035,0.007479269648281447,0.007479269648281447,4.681333950646488e-13,9.344396607715741e-15,21.877635879251663,0.006440886531523664,2.965294187634455e-14,21.931041434383168,0.006131735690468189,1.433015068645098e-14,1.565290814056945e-31
cool_reprocessed,10,3050.0,34.0630232458594,0.007494080245047382,0.007494080245047382,4.690604020149281e-13,9.362900565546657e-15,21.875488009004634,0.006453640901631908,2.971166121468999e-14,21.92889356413614,0.0061438778740044745,1.4358527532505848e-14,1.568390433693435e-31
cool_reprocessed,10,3060.0,34.17470528928844,0.007507210407183306,0.007507210407183306,4.698822292343615e-13,9.379305033936144e-15,21.87358738640139,0.006464948139963318,2.9763718160481884e-14,21.92699294153288,0.006154642385457674,1.4383684695008814e-14,1.5711383653959862e-31
cool_reprocessed,10,3070.0,34.28638733271749,0.007517578673101473,0.007517578673101473,4.705311871879392e-13,9.392258864113385e-15,21.872088902340856,0.006473876929463898,2.980482506009748e-14,21.925494457472347,0.00616314260929882,1.440355011234922e-14,1.5733082766523796e-31
cool_reprocessed,10,3080.0,34.39806937614654,0.007527083900812763,0.007527083900812763,4.711261268984458e-13,9.404134437766669e-15,21.870716964461472,0.006482062500518791,2.9842510285807864e-14,21.924122519592977,0.006170935287828166,1.4421761963481384e-14,1.5752975678962674e-31
cool_reprocessed,10,3088.12,34.488755195410924,0.00753396468845846,0.00753396468845846,4.715568008322354e-13,9.412731107195432e-15,21.86972490594183,0.006487987995193746,2.9869790435570644e-14,21.92313046107332,0.006176576369533964,1.4434945433050095e-14,1.576737606055309e-31
cool_reprocessed,10,3100.0,34.62143346300463,0.007542778289222606,0.007542778289222606,4.721084510658129e-13,9.423742580902784e-15,21.86845550093198,0.006495577961209887,2.990473357888151e-14,21.9218610560635,0.006183802030983336,1.4451832138969226e-14,1.5785821509057612e-31
cool_reprocessed,10,3110.0,34.73311550643368,0.007548646805531088,0.007548646805531088,4.724757661370263e-13,9.431074545982812e-15,21.867611092812076,0.006500631723064833,2.992800039251161e-14,21.92101664794358,0.006188613221459278,1.4463076114245046e-14,1.5798103369589173e-31
cool_reprocessed,10,3120.0,34.844797549862726,0.007553201016206483,0.007553201016206483,4.727608177805116e-13,9.436764453258151e-15,21.86695624956075,0.006504553650683476,2.994605639942147e-14,21.92036180469227,0.0061923469036840725,1.4471801902765217e-14,1.580763459987061e-31
cool_reprocessed,10,3130.0,34.956479593291775,0.007555599698260257,0.007555599698260257,4.729109531849453e-13,9.439761301546864e-15,21.866611505325842,0.006506619312126382,2.995556641615643e-14,21.920017060457347,0.006194313417134031,1.4476397735900792e-14,1.5812654655519332e-31
cool_reprocessed,10,3140.0,35.068161636720816,0.007556767078123104,0.007556767078123104,4.729840204126593e-13,9.441219794279883e-15,21.866443766333923,0.006507624619006515,2.9960194708603215e-14,21.919849321465428,0.006195270471112022,1.4478634415433636e-14,1.5815097793769134e-31
cool_reprocessed,10,3150.0,35.179843680149865,0.007555218350917045,0.007555218350917045,4.728870843535123e-13,9.4392848565211e-15,21.86666630614679,0.006506290909076053,2.995405449438669e-14,21.920071861278295,0.006194000776832933,1.4475667081017482e-14,1.5811856556879537e-31
cool_reprocessed,10,3160.0,35.291525723578914,0.0075507660792150265,0.0075507660792150265,4.72608413150891e-13,9.43372230903379e-15,21.86730631643446,0.006502456767750931,2.99364026433095e-14,21.920711871565963,0.006190350667319205,1.446713660579901e-14,1.5802538668469864e-31
cool_reprocessed,10,3170.0,35.40320776700796,0.007543025052243972,0.007543025052243972,4.721238961582352e-13,9.424050879927715e-15,21.86841998150485,0.0064957904649295736,2.990571191632272e-14,21.921825536636355,0.006184004334910906,1.4452304932630417e-14,1.578633794436314e-31
cool_reprocessed,10,3180.0,35.514889810437005,0.007532369149312684,0.007532369149312684,4.714569347768055e-13,9.410737683869042e-15,21.869954866945186,0.006486613972451178,2.98634646267984e-14,21.92336042207669,0.006175268297384441,1.443188840777085e-14,1.5764036853804574e-31
cool_reprocessed,10,3190.0,35.626571853866054,0.007519351797485377,0.007519351797485377,4.706421684436958e-13,9.394474157618922e-15,21.871832846711435,0.006475403882428567,2.9811854938249756e-14,21.92523840184294,0.00616459627129788,1.4406947387859e-14,1.573679363060655e-31
cool_reprocessed,10,3200.0,35.7382538972951,0.007502142459483377,0.007502142459483377,4.695650223847164e-13,9.372973277558545e-15,21.874320589832557,0.006460583799911688,2.974362534853027e-14,21.927726144964062,0.006150487525792169,1.437397459527632e-14,1.5700777254733914e-31
cool_reprocessed,10,3210.0,35.84993594072415,0.007481723837504666,0.007481723837504666,4.682870047066625e-13,9.347462805156213e-15,21.877279672677624,0.006442999993807684,2.9662671961474774e-14,21.93068522780913,0.006133747710405809,1.4334852870358723e-14,1.5658044363794062e-31
cool_reprocessed,10,3220.0,35.9616179841532,0.00745110563743827,0.00745110563743827,4.663705873795851e-13,9.309209256576033e-15,21.88173205525907,0.006416632666287615,2.9541280468772574e-14,21.935137610390576,0.006108645966658923,1.4276188931052807e-14,1.5593965396781687e-31
cool_reprocessed,10,3230.0,36.07330002758224,0.007417138031971115,0.007417138031971115,4.64244528122822e-13,9.266771051747778e-15,21.88669295367142,0.006387380947490207,2.9406609641544466e-14,21.940098508802926,0.006080798277170879,1.4211107589198244e-14,1.5522876663103705e-31
cool_reprocessed,10,3240.0,36.18498207101129,0.007377925389136663,0.007377925389136663,4.617901778342524e-13,9.217779839515442e-15,21.89244820925733,0.006353612385187348,2.925114389776625e-14,21.945853764388822,0.00604865054445197,1.4135976846885617e-14,1.544081091001541e-31
cool_reprocessed,10,3250.0,36.29666411444034,0.007327553178296798,0.007327553178296798,4.58637341369425e-13,9.154846165743789e-15,21.89988640947322,0.00631023359158601,2.9051433991524176e-14,21.953291964604723,0.006007353854061143,1.4039464566183076e-14,1.5335389976395913e-31
cool_reprocessed,10,3260.0,36.40834615786939,0.007274321261704036,0.007274321261704036,4.553055136626791e-13,9.08833965317997e-15,21.907802663700657,0.00626439211898871,2.8840386255191486e-14,21.961208218832162,0.005963712688787892,1.393747313894818e-14,1.5223984138692975e-31
cool_reprocessed,10,3270.0,36.52002820129843,0.007220361650757475,0.007220361650757475,4.5192813899153247e-13,9.020923979030747e-15,21.91588647956548,0.006217923981358209,2.862645344058355e-14,21.969292034696984,0.005919474937263471,1.3834087461975805e-14,1.5111055353775923e-31
cool_reprocessed,10,3280.0,36.63171024472748,0.0071668023025307954,0.0071668023025307954,4.485758170801857e-13,8.954008382265782e-15,21.9239702954303,0.006171800536041637,2.841410754123955e-14,21.977375850561792,0.00587556533344872,1.373146868141977e-14,1.4998964254339016e-31
cool_reprocessed,10,3290.0,36.74339228815653,0.007113640247946903,0.007113640247946903,4.4524836209175805e-13,8.887589153400693e-15,21.932054111295123,0.006126019226173208,2.8203336785706564e-14,21.985459666426628,0.005831981443202756,1.3629611108579948e-14,1.4887704626581536e-31
cool_reprocessed,10,3300.0,36.85507433158558,0.007060872539952783,0.007060872539952783,4.4194558956787356e-13,8.82166261046739e-15,21.94013792715993,0.006080577513853505,2.79941294898502e-14,21.993543482291436,0.005788720850440721,1.352850909695397e-14,1.477727030279564e-31
cool_reprocessed,10,3310.0,36.96675637501462,0.007008496253356133,0.007008496253356133,4.386673164184354e-13,8.756225098809959e-15,21.948221743024753,0.006035472880008795,2.7786474056206877e-14,22.001627298156258,0.005745781156999843,1.3428157041924211e-14,1.4667655161024425e-31
cool_reprocessed,10,3320.0,37.07843841844367,0.006956508484663205,0.006956508484663205,4.354133609114764e-13,8.691272990882076e-15,21.956305558889575,0.005990702824251386,2.758035897334093e-14,22.00971111402108,0.0057031599825064895,1.3328549380447102e-14,1.4558853124722582e-31
cool_reprocessed,10,3330.0,37.190120461872716,0.00690490635191784,0.00690490635191784,4.321835426630844e-13,8.626802686045898e-15,21.964389374754397,0.005946264864741009,2.7375772815206455e-14,22.017794929885902,0.005660854964244215,1.3229680590744724e-14,1.445085816241951e-31
cool_reprocessed,10,3340.0,37.301802505301765,0.00685368699454172,0.00685368699454172,4.2897768262740267e-13,8.56281061037247e-15,21.972473190619205,0.005902156538047246,2.7172704240513897e-14,22.02587874575071,0.005618863757022776,1.313154519199872e-14,1.4343664287384986e-31
cool_reprocessed,10,3350.0,37.41348454873081,0.006802847573175782,0.006802847573175782,4.2579560308670483e-13,8.499293216443605e-15,21.98055700648404,0.0058583753990129606,2.6971141992101376e-14,22.03396256161553,0.005577184033048137,1.3034137744046464e-14,1.4237265557297271e-31
cool_reprocessed,10,3360.0,37.525166592159856,0.006752385269522818,0.006752385269522818,4.2263712764154243e-13,8.43624698315522e-15,21.98864082234885,0.0058149190206187515,2.6771074896310597e-14,22.042046377480354,0.005535813481793414,1.2937452847079475e-14,1.4131656073913708e-31
cool_reprocessed,10,3370.0,37.636848635588905,0.006702297286191244,0.006702297286191244,4.195020812009666e-13,8.373668415522158e-15,21.99672463821367,0.005771784993848417,2.6572491862367466e-14,22.050130193345176,0.0054947498098708,1.2841485141344085e-14,1.4026829982743742e-31
cool_reprocessed,10,3380.0,37.748530679017954,0.006652580846540027,0.006652580846540027,4.16390289972822e-13,8.311554044484435e-15,22.004808454078493,0.005728970927555406,2.637538188176728e-14,22.058214009209983,0.005453990740904431,1.2746229306844324e-14,1.392278147272439e-31
cool_reprocessed,10,3390.0,37.860212722447,0.006603233194524757,0.006603233194524757,4.1330158145411183e-13,8.249900426714928e-15,22.012892269943315,0.005686474448330259,2.6179734027664427e-14,22.06629782507482,0.005413534015404187,1.265168006304699e-14,1.3819504775898076e-31
cool_reprocessed,10,3400.0,37.971894765876044,0.0065542515945448705,0.0065542515945448705,4.102357844214361e-13,8.1887041444285e-15,22.020976085808122,0.005644293200369046,2.5985537454266692e-14,22.074381640939627,0.0053733773906404405,1.2557832168588936e-14,1.3716994167092917e-31
cool_reprocessed,10,3410.0,38.08357680930509,0.006505633331291994,0.006505633331291994,4.0719272892149896e-13,8.12796180519253e-15,22.029059901672944,0.005602424845342768,2.579278139623399e-14,22.08246545680445,0.005333518640519734,1.2464680420986503e-14,1.3615243963605313e-31
cool_reprocessed,10,3420.0,38.19525885273414,0.006457375709599429,0.006457375709599429,4.0417224626168785e-13,8.067670041738857e-15,22.037143717537766,0.005560867062267729,2.5601455168081614e-14,22.09054927266927,0.005293955555461369,1.2372219656347126e-14,1.3514248524884951e-31
cool_reprocessed,10,3430.0,38.30694089616319,0.006409476054292738,0.006409476054292738,4.0117416900072153e-13,8.007825511777104e-15,22.04522753340259,0.005519617547376874,2.5411548163587848e-14,22.098633088534093,0.005254685942274919,1.228044474908306e-14,1.3414002252222104e-31
cool_reprocessed,10,3440.0,38.41862293959223,0.006361931710041448,0.006361931710041448,3.9819833093936844e-13,7.948424897809414e-15,22.053311349267396,0.005478674013992085,2.5223049855206044e-14,22.106716904398915,0.005215707624038655,1.2189350611627268e-14,1.331449958843727e-31
cool_reprocessed,10,3450.0,38.53030498302128,0.006314740041211852,0.006314740041211852,3.95244567111233e-13,7.88946490694653e-15,22.061395165132218,0.005438034192397403,2.5035949793481002e-14,22.114800720263723,0.005177018439978862,1.209893219415136e-14,1.3215735017573113e-31
cool_reprocessed,10,3460.0,38.64198702645033,0.0062678984317209,0.0062678984317209,3.9231271377361063e-13,7.830942270725256e-15,22.06947898099704,0.005397695829713223,2.48502376064697e-14,22.122884536128545,0.005138616245350054,1.200918448428567e-14,1.3117703064588672e-31
cool_reprocessed,10,3470.0,38.75366906987938,0.006221404284891181,0.006221404284891181,3.8940260839841103e-13,7.772853744927273e-15,22.077562796861862,0.0053576566897713925,2.4665902999166338e-14,22.130968351993367,0.005100498911316087,1.1920102506841395e-14,1.3020398295055863e-31
cool_reprocessed,10,3480.0,38.86535111330842,0.006175255023306966,0.006175255023306966,3.8651408966314796e-13,7.715196109399288e-15,22.085646612726684,0.005317914552991254,2.448293575293162e-14,22.13905216785819,0.005062664324832137,1.1831681323534785e-14,1.2923815314858214e-31
cool_reprocessed,10,3490.0,38.97703315673747,0.006129448088671337,0.006129448088671337,3.836469974419966e-13,7.657966167874532e-15,22.093730428591492,0.005278467216256604,2.4301325724926287e-14,22.147135983722997,0.005025110388527571,1.1743916032713402e-14,1.2827948769891846e-31
cool_reprocessed,10,3500.0,39.08871520016652,0.006083980941664363,0.006083980941664363,3.808011727969166e-13,7.601160747795567e-15,22.101814244456328,0.005239312492793557,2.4121062847548844e-14,22.15521979958782,0.004987835020589676,1.1656801769084378e-14,1.2732793345768657e-31
cool_reprocessed,10,3510.0,39.20039724359557,0.006038851061802335,0.006038851061802335,3.779764579688418e-13,7.544776700138422e-15,22.109898060321136,0.005200448212049326,2.3942137127877458e-14,22.16330361545264,0.004950836154648251,1.1570333703444722e-14,1.2638343767521726e-31
cool_reprocessed,10,3520.0,39.312079287024616,0.005994055947298038,0.005994055947298038,3.751726963689341e-13,7.488810899238012e-15,22.117981876185958,0.005161872219571894,2.376453864711599e-14,22.171387431317463,0.004914111739661057,1.14845070424136e-14,1.2544594799312888e-31
cool_reprocessed,10,3530.0,39.42376133045366,0.0059495931149220645,0.0059495931149220645,3.723897325699036e-13,7.433260242614881e-15,22.12606569205078,0.005123582376890582,2.3588257560044162e-14,22.17947124718227,0.004877659739800121,1.1399317028166618e-14,1.245154124414249e-31
cool_reprocessed,10,3540.0,39.53544337388271,0.0059054600998651625,0.0059054600998651625,3.6962741229739223e-13,7.378121650803215e-15,22.134149507915602,0.00508557656139751,2.3413284094471777e-14,22.187555063047107,0.004841478134338877,1.131475893817208e-14,1.2359177943561292e-31
cool_reprocessed,10,3550.0,39.647125417311756,0.005861654455601588,0.005861654455601588,3.6688558242142117e-13,7.323392067180111e-15,22.14223332378041,0.005047852666229909,2.323960855069698e-14,22.195638878911915,0.004805564917540144,1.1230828084929165e-14,1.2267499777384497e-31
cool_reprocessed,10,3560.0,39.758807460740805,0.005818173753753489,0.005818173753753489,3.641640909479026e-13,7.269068457796162e-15,22.15031713964523,0.005010408600153356,2.3067221300968578e-14,22.203722694776737,0.004769918098544941,1.1147519815708108e-14,1.2176501663407932e-31
cool_reprocessed,10,3570.0,39.870489504169846,0.005775015583956286,0.005775015583956286,3.6146278701021346e-13,7.215147811207244e-15,22.158400955510054,0.004973242287445819,2.289611278895231e-14,22.21180651064156,0.004734535701262126,1.1064829512292257e-14,1.2086178557126296e-31
cool_reprocessed,10,3580.0,39.982171547598895,0.005732177553725048,0.005732177553725048,3.587815208608323e-13,7.161627138307589e-15,22.166484771374876,0.004936351667782605,2.272627352920108e-14,22.21989032650638,0.00469941576425884,1.0982752590722058e-14,1.1996525451453533e-31
cool_reprocessed,10,3590.0,40.093853591027944,0.005689657288321874,0.005689657288321874,3.5612014386303797e-13,7.108503472164078e-15,22.174568587239683,0.004899734696122137,2.255769410662915e-14,22.22797414237119,0.004664556340651787,1.0901284501040951e-14,1.190753737644524e-31
cool_reprocessed,10,3598.44,40.18811323568206,0.00565401571938143,0.00565401571938143,3.5388930991023955e-13,7.06397386278206e-15,22.181391327829594,0.0048690414182826856,2.241638654294002e-14,22.2347968829611,0.004635336284334307,1.0832995874258328e-14,1.1832945306517833e-31
cool_reprocessed,10,3610.0,40.317217677886035,0.0056288678509189265,0.0056288678509189265,3.523152849591942e-13,7.032554798113587e-15,22.18623122470624,0.004847384949818029,2.231668318727829e-14,22.23963677983773,0.0046147192869746565,1.0784812995253085e-14,1.178031486350858e-31
cool_reprocessed,10,3620.0,40.428899721315084,0.005627838478592677,0.005627838478592677,3.5225085573220637e-13,7.0312687282530515e-15,22.186429795544477,0.004846498490221859,2.2312602051125324e-14,22.239835350675996,0.004613875375827117,1.0782840735762347e-14,1.1778160552830811e-31
cool_reprocessed,10,3630.0,40.54058176474413,0.0056851687654244035,0.0056851687654244035,3.558392036694589e-13,7.102895633416559e-15,22.175425453453833,0.004895869336530055,2.2539898531011694e-14,22.22883100858534,0.004660876511291145,1.0892684569161891e-14,1.1898143620115423e-31
cool_reprocessed,10,3640.0,40.65226380817318,0.005801591317718194,0.005801591317718194,3.6312618317820093e-13,7.248350812046956e-15,22.153416025600016,0.004996128383776329,2.3001477179544132e-14,22.20682158073152,0.004756323306586092,1.1115748156400596e-14,1.214179729249827e-31
cool_reprocessed,10,3650.0,40.76394585160222,0.005964974825869916,0.005964974825869916,3.733524860079449e-13,7.452477735012016e-15,22.1232623189317,0.005136828570641409,2.3649241185738174e-14,22.17666787406319,0.004890270140338504,1.1428788119070367e-14,1.248373269061171e-31
cool_reprocessed,10,3660.0,40.87562789503127,0.006144255516727168,0.006144255516727168,3.845738060602077e-13,7.676466166805003e-15,22.091110686571263,0.005291218857582068,2.436003250033699e-14,22.144516241702767,0.005037249974257689,1.177228680757477e-14,1.2858938334656273e-31
cool_reprocessed,10,3670.0,40.98730993846032,0.00634652788943624,0.00634652788943624,3.9723419364040913e-13,7.92917978220615e-15,22.055943374617463,0.005465408780174384,2.5161978571703812e-14,22.10934892974897,0.005203079097321983,1.2159837159004205e-14,1.3282261870012114e-31
cool_reprocessed,10,3680.0,41.09899198188937,0.006602728832496624,0.006602728832496624,4.132700130363819e-13,8.249270290478854e-15,22.0129752028055,0.005686040109317658,2.6177734391522373e-14,22.06638075793702,0.0054131205238743645,1.2650713714164874e-14,1.3818449227312826e-31
cool_reprocessed,10,3690.0,41.21067402531842,0.006931039909863106,0.006931039909863106,4.3381926269743923e-13,8.659453244415242e-15,21.96028785784673,0.00596877017465842,2.747938411834367e-14,22.01369341297822,0.005682280060210467,1.3279752033671616e-14,1.4505551494942626e-31
cool_reprocessed,10,3700.0,41.32235606874746,0.007354265851889202,0.007354265851889202,4.603093087095702e-13,9.188220255492944e-15,21.8959355436045,0.0063332376157291745,2.915734130529235e-14,21.949341098735992,0.006029253726877202,1.4090645584627182e-14,1.539129530480281e-31
cool_reprocessed,10,3710.0,41.43403811217651,0.007868649876208951,0.007868649876208951,4.925050110970555e-13,9.830877701734513e-15,21.822533303414126,0.00677620722239836,3.119671149684287e-14,21.875938858545645,0.006450961597946242,1.507619643729617e-14,1.6467818315776686e-31
cool_reprocessed,10,3720.0,41.54572015560556,0.00848705723743255,0.00848705723743255,5.31211616308046e-13,1.0603499083252966e-14,21.740391029034818,0.007308758103862486,3.3648501364116944e-14,21.793796584166323,0.006957951005519518,1.6261054195965287e-14,1.7762045436055625e-31
cool_reprocessed,10,3730.0,41.65740219903461,0.009301780085235094,0.009301780085235094,5.822057628910858e-13,1.1621391708234591e-14,21.64086868777401,0.008010369045051344,3.687862013069596e-14,21.694274242905514,0.007625885897378728,1.782204901574526e-14,1.9467129287338703e-31
cool_reprocessed,10,3740.0,41.76908424246365,0.010492992765101426,0.010492992765101426,6.567647054474647e-13,1.3109660516321835e-14,21.510035423254486,0.009036199917146485,4.160140216952208e-14,21.56344097838599,0.008602478753039839,2.0104391811878834e-14,2.1960145789038658e-31
cool_reprocessed,10,3750.0,41.8807662858927,0.011905965464945902,0.011905965464945902,7.452037828196576e-13,1.4874990277664973e-14,21.372872310596257,0.010253002794942187,4.720339264608916e-14,21.426277865727762,0.009760877305401743,2.2811622952992366e-14,2.4917270336738304e-31
cool_reprocessed,10,3760.0,41.992448329321746,0.013619346084781367,0.013619346084781367,8.524456291924313e-13,1.701564154505112e-14,21.2268932168188,0.011728506510763912,5.3996405643516036e-14,21.280298771950307,0.011165559526000067,2.6094430448925967e-14,2.8503100332622852e-31
cool_reprocessed,10,3770.0,42.104130372750795,0.01565776177528348,0.01565776177528348,9.800316773792442e-13,1.9562382812471422e-14,21.075459653763325,0.013483919109053952,6.207808003590496e-14,21.12886520889483,0.012836715511709732,2.999999949245326e-14,3.2769176441144554e-31
cool_reprocessed,10,3780.0,42.21581241617984,0.018148135795849906,0.018148135795849906,1.1359061544408433e-12,2.2673788557158194e-14,20.91520380611653,0.015628542480295604,7.19516264588746e-14,20.968609361248035,0.014878400861031328,3.477151284316388e-14,3.7981128625345307e-31
cool_reprocessed,10,3790.0,42.327494459608886,0.020983003080085258,0.020983003080085258,1.31334273698627e-12,2.621559484037195e-14,20.757614745846347,0.018069831452125096,8.319097986631554e-14,20.811020300977837,0.017202512401585376,4.020306930115535e-14,4.391404978978515e-31
cool_reprocessed,10,3800.0,42.439176503037935,0.024290186791086053,0.024290186791086053,1.5203419777596049e-12,3.0347500454614576e-14,20.598706720461827,0.020917862880749143,9.630291872778359e-14,20.652112275593318,0.0199138435006504,4.653957582586758e-14,5.083545325117497e-31
cool_reprocessed,10,3810.0,42.55085854646698,0.02897100563933106,0.02897100563933106,1.8133181267897486e-12,3.6195588546601316e-14,20.407374930142446,0.02494882104831445,1.148608870546242e-13,20.460780485273936,0.02375132300628569,5.5507943405280035e-14,6.0631654070202875e-31
cool_reprocessed,10,3820.0,42.662540589896025,0.03483179119192751,0.03483179119192751,2.1801493238857426e-12,4.351789502993762e-14,20.20734433625909,0.02999592544553867,1.380970506793432e-13,20.26074989139058,0.02855617557037173,6.673710668714939e-14,7.289733537338305e-31
cool_reprocessed,10,3830.0,42.774222633325074,0.04104359824346804,0.04104359824346804,2.5689512338680052e-12,5.127875825186163e-14,20.029170287163588,0.03534531733220294,1.6272490367949845e-13,20.082575842295093,0.033648806374100663,7.863882106165229e-14,8.589764820299832e-31
cool_reprocessed,10,3840.0,42.88590467675412,0.04852060770380355,0.04852060770380355,3.0369431619838247e-12,6.062033104207005e-14,19.847468277756683,0.04178425746858586,1.9236888462450318e-13,19.900873832888188,0.039778689092855445,9.296464126727185e-14,1.0154582613380642e-30
cool_reprocessed,10,3850.0,42.99758672018317,0.05575250639318131,0.05575250639318131,3.489593413335559e-12,6.965566908418665e-14,19.696622866364784,0.04801211674578946,2.2104107877931688e-13,19.75002842149629,0.04570762244983059,1.0682083349477674e-13,1.166810266533846e-30
cool_reprocessed,10,3860.0,43.10926876361222,0.06377895339803509,0.06377895339803509,3.991975071356413e-12,7.968369423787256e-14,19.55059038613414,0.05492421335958517,2.5286340605203094e-13,19.603995941265644,0.05228795099549576,1.2219936648867633e-13,1.3347908897367994e-30
cool_reprocessed,10,3870.0,43.22095080704126,0.07243661871510114,0.07243661871510114,4.533865182129843e-12,9.05003464277183e-14,19.412388432829864,0.062379893199653945,2.8718831456643283e-13,19.46579398796137,0.05938577176105412,1.3878730280073643e-13,1.5159818967370182e-30
cool_reprocessed,10,3880.0,43.33263285047031,0.08202946069140701,0.08202946069140701,5.134288738689086e-12,1.0248538296699359e-13,19.277359216147964,0.07064091460813068,3.2522090316520294e-13,19.330764771279455,0.0672502791642137,1.5716702134228708e-13,1.7167446467424508e-30
cool_reprocessed,10,3890.0,43.44431489389936,0.09257744840471924,0.09257744840471924,5.794495621384866e-12,1.156637526797569e-13,19.14602084004435,0.0797244742593007,3.670403429345811e-13,19.199426395175855,0.07589784447016543,1.7737678251934657e-13,1.9374970604253412e-30
cool_reprocessed,10,3900.0,43.55599693732841,0.10583653782419915,0.10583653782419915,6.624392501333982e-12,1.3222929931989662e-13,19.000694795394175,0.0911427402770019,4.196084446849216e-13,19.05410035052568,0.08676805448261166,2.0278096745736835e-13,2.2149884713125043e-30
cool_reprocessed,10,3910.0,43.66767898075745,0.1192984193506323,0.1192984193506323,7.466982299440172e-12,1.4904820891730326e-13,18.870697133033865,0.10273564379432507,4.729805530887524e-13,18.92410268816537,0.0978045197122683,2.2857369854860046e-13,2.4967239947548295e-30
cool_reprocessed,10,3920.0,43.7793610241865,0.13397517626585437,0.13397517626585437,8.385612107745076e-12,1.6738495086942453e-13,18.744723014047672,0.11537475568453773,5.311692586985733e-13,18.79812856917919,0.10983697721539781,2.566941097750991e-13,2.8038849056443384e-30
cool_reprocessed,10,3930.0,43.89104306761555,0.14976760472888756,0.14976760472888756,9.374072679482056e-12,1.871155825884546e-13,18.623739146636602,0.128974645054882,5.937812496178009e-13,18.677144701768093,0.12278409662674257,2.869521283013148e-13,3.1343950271843108e-30
cool_reprocessed,10,3940.0,44.0027251110446,0.16675661044547518,0.16675661044547518,1.0437427966679961e-11,2.0834118546841256e-13,18.50707620950063,0.14360498508134312,6.611372914161619e-13,18.56048176463215,0.13671220693653793,3.195027680536358e-13,3.4899475856382755e-30
cool_reprocessed,10,3950.0,44.11440715447364,0.18335988189987956,0.18335988189987956,1.1476639841721293e-11,2.2908486242504817e-13,18.404023055390546,0.15790314419564602,7.269640186966458e-13,18.457428610522037,0.15032408041390288,3.5131434766212534e-13,3.8374273465377194e-30
cool_reprocessed,10,3960.0,44.22608919790269,0.20637892146686596,0.20637892146686596,1.2917419710661688e-11,2.578442260204022e-13,18.27562051053048,0.17772633935878338,8.182272401645284e-13,18.329026065661985,0.16919579825678369,3.954184274940495e-13,4.319178812616982e-30
cool_reprocessed,10,3970.0,44.33777124133174,0.23010913047150464,0.23010913047150464,1.4402712236448315e-11,2.8749210541919923e-13,18.157449228480168,0.1981619688728682,9.123100238344213e-13,18.210854783611673,0.18865055471545028,4.4088509561124796e-13,4.8158139109269785e-30
cool_reprocessed,10,3980.0,44.449453284760786,0.25548163993766365,0.25548163993766365,1.5990797645353472e-11,3.191918304637816e-13,18.043884618715786,0.22001189034602844,1.0129040101242314e-12,18.097290173847277,0.20945171969098203,4.894983828761359e-13,5.34681971583304e-30
cool_reprocessed,10,3990.0,44.56113532818983,0.27929246890396714,0.27929246890396714,1.7481136238221367e-11,3.4894043425569735e-13,17.947135793928858,0.24051694696324996,1.10730642647883e-12,18.000541349060363,0.22897257087808479,5.351195174390331e-13,5.845142060242695e-30
cool_reprocessed,10,4000.0,44.672817371618876,0.3002970806655323,0.3002970806655323,1.8795831479649883e-11,3.751830263965296e-13,17.868406081220776,0.2586053870592739,1.1905830779422507e-12,17.92181163635228,0.2461927987425008,5.753639885984318e-13,6.2847347930807874e-30
cool_reprocessed,10,4010.0,44.784499415047925,0.32084920161624503,0.32084920161624503,2.0082204963810483e-11,4.008602887930432e-13,17.79653144941374,0.2763041578284367,1.2720657462569462e-12,17.849937004545247,0.26304206069914926,6.147414952267096e-13,6.714857621195825e-30
cool_reprocessed,10,4020.0,44.896181458476974,0.34119442691986596,0.34119442691986596,2.1355628685995404e-11,4.2627906138055805e-13,17.729779034862638,0.2938247572721293,1.3527281386775788e-12,17.783184589994143,0.27972170322995354,6.537225933901746e-13,7.140650456262205e-30
cool_reprocessed,10,4030.0,45.00786350190602,0.3621912005791471,0.3621912005791471,2.2669833334410747e-11,4.525118608090215e-13,17.664939119450544,0.3119064474674532,1.4359737145410574e-12,17.71834467458205,0.2969355051766288,6.939520468817919e-13,7.5800791502291e-30
cool_reprocessed,10,4040.0,45.119545545335065,0.38244757524715595,0.38244757524715595,2.3937695825130737e-11,4.778196258226621e-13,17.60585407729794,0.32935053183826524,1.5162838422543887e-12,17.65925963242946,0.3135423052189117,7.327629087712912e-13,8.004012484431266e-30
cool_reprocessed,10,4050.0,45.23122758876411,0.4019080307590297,0.4019080307590297,2.5155741107181945e-11,5.021329910336009e-13,17.551967146372156,0.34610919835225357,1.5934384018995775e-12,17.605372701503647,0.32949658621509736,7.700488033875128e-13,8.411288511136615e-30
cool_reprocessed,10,4060.0,45.34290963219316,0.4205914399009566,0.4205914399009566,2.632515044315927e-11,5.254755355889376e-13,17.502632783173887,0.36219869959557804,1.6675122181130127e-12,17.55603833830539,0.3448138206567646,8.058458906608602e-13,8.802302207398329e-30
cool_reprocessed,10,4070.0,45.45459167562221,0.43889591498775643,0.43889591498775643,2.7470841997311057e-11,5.483446502151781e-13,17.456380010099885,0.377961876028222,1.7400836804817466e-12,17.50978556523139,0.3598203932852573,8.409169468689353e-13,9.185385423499321e-30
cool_reprocessed,10,4080.0,45.56627371905125,0.456487246495112,0.456487246495112,2.8571897331522507e-11,5.703227825987734e-13,17.41371223538713,0.3931109180477631,1.8098277537997853e-12,17.467117790518635,0.37424230883570064,8.746216323703653e-13,9.553543691757789e-30
cool_reprocessed,10,4090.0,45.6779557624803,0.47344369495077254,0.47344369495077254,2.9633214834042424e-11,5.915077093201129e-13,17.37411301368835,0.407713220895025,1.8770547163415712e-12,17.427518568819856,0.38814372769991395,9.071098929764645e-13,9.908414879117294e-30
cool_reprocessed,10,4100.0,45.78963780590935,0.49057740395922805,0.49057740395922805,3.0705627214577603e-11,6.129141005675508e-13,17.33551500508083,0.422468174356686,1.944984460988587e-12,17.388920560212334,0.4021904702266235,9.399377817216425e-13,1.0266995844677514e-29
cool_reprocessed,10,4100.88,45.799465825731104,0.49208199462181124,0.49208199462181124,3.079980073260547e-11,6.147938953262108e-13,17.332190170790007,0.4237638754331027,1.9509496877504706e-12,17.38559572592151,0.40342398000754537,9.428205512874114e-13,1.0298484506723529e-29
cool_reprocessed,10,4120.0,46.01300189276744,0.5237811896326917,0.5237811896326917,3.278387838712212e-11,6.543980096657777e-13,17.264409112532483,0.4510621181502422,2.0766269839822667e-12,17.31781466766399,0.4294119567148684,1.00355565812361e-12,1.0961897661976356e-29
cool_reprocessed,10,4130.0,46.12468393619649,0.5398797163420871,0.5398797163420871,3.379149788988197e-11,6.745110722302569e-13,17.23154132922098,0.4649256086694995,2.1404525577691627e-12,17.284946884352486,0.44261002489932494,1.0344001555710982e-12,1.1298813927374769e-29
cool_reprocessed,10,4140.0,46.23636597962554,0.5559688513390545,0.5559688513390545,3.479852955794256e-11,6.946124010439985e-13,17.199657705498062,0.4787810113731104,2.2042408963825942e-12,17.253063260629567,0.45580039346857887,1.0652266586607644e-12,1.1635533639341057e-29
cool_reprocessed,10,4150.0,46.34804802305459,0.5711766808763437,0.5711766808763437,3.575039962115006e-11,7.136126507236737e-13,17.170357685741955,0.49187746450913816,2.2645351372030478e-12,17.22376324087346,0.4682682406693786,1.094364595803235e-12,1.1953809045843244e-29
cool_reprocessed,10,4160.0,46.45973006648363,0.5859844088425219,0.5859844088425219,3.6677227010986656e-11,7.321130243539957e-13,17.142568704311408,0.504629364106947,2.3232431016635477e-12,17.195974259442913,0.48040807227523885,1.122735945287615e-12,1.2263710970128575e-29
cool_reprocessed,10,4170.0,46.57141210991268,0.6007213284586806,0.6007213284586806,3.759962245026493e-11,7.505249319526281e-13,17.115601227456217,0.5173202860198471,2.3816703333805817e-12,17.169006782587722,0.4924898530141811,1.1509716272037223e-12,1.2572130989561478e-29
cool_reprocessed,10,4180.0,46.68309415334173,0.614685039134217,0.614685039134217,3.8473622131201864e-11,7.67970813275758e-13,17.090652249490127,0.5293453473225668,2.4370320358611053e-12,17.14405780462163,0.5039377332413943,1.1777258542248616e-12,1.2864368989773012e-29
cool_reprocessed,10,4190.0,46.794776196770776,0.6279803529781103,0.6279803529781103,3.930578632648822e-11,7.845816177290965e-13,17.067418715315988,0.540794808552941,2.4897437560129944e-12,17.12082427044748,0.5148376411530323,1.2031994445306245e-12,1.3142618519586826e-29
cool_reprocessed,10,4200.0,46.906458240199825,0.6410630622844983,0.6410630622844983,4.012464343583854e-11,8.009267998406191e-13,17.045031972333867,0.5520611821602511,2.5416125663234473e-12,17.09843752746537,0.5255632493145769,1.2282656882367402e-12,1.3416418578459845e-29
cool_reprocessed,10,4210.0,47.01814028362887,0.6535833233050948,0.6535833233050948,4.090829646271051e-11,8.165692743214608e-13,17.024031451050824,0.5628431948929048,2.5912514468264003e-12,17.077437006182343,0.5358277450426603,1.2522542908003704e-12,1.3678447499554274e-29
cool_reprocessed,10,4220.0,47.129822327057916,0.6664287445604842,0.6664287445604842,4.171230152551804e-11,8.326179951790006e-13,17.002899554563292,0.573905224295013,2.642179484960544e-12,17.05630510969481,0.5463588171492619,1.276865894723885e-12,1.3947281501258874e-29
cool_reprocessed,10,4230.0,47.241504370486965,0.6788613557021558,0.6788613557021558,4.2490468477234596e-11,8.481509622788003e-13,16.982831139070633,0.584611756004625,2.6914708613772095e-12,17.036236694202124,0.556551454806151,1.300686561642498e-12,1.4207476051394827e-29
cool_reprocessed,10,4240.0,47.35318641391601,0.6906760443682528,0.6906760443682528,4.322995917311594e-11,8.629119138000579e-13,16.96409787415599,0.5947861543994062,2.7383123703450516e-12,17.017503429287494,0.5662375005796609,1.3233232998349203e-12,1.445473847820456e-29
cool_reprocessed,10,4250.0,47.464868457345055,0.7018774784099062,0.7018774784099062,4.393106577765143e-11,8.76906681629351e-13,16.946630588918318,0.6044324392701774,2.7827225184194934e-12,17.000036144049822,0.5754207813179631,1.3447850528228097e-12,1.4689166472302803e-29
cool_reprocessed,10,4260.0,47.576550500774104,0.712424184440498,0.712424184440498,4.459119243881335e-11,8.900834500424917e-13,16.93043722204778,0.6135148951808274,2.824536876721696e-12,16.98384277717927,0.5840672958609325,1.3649923583180472e-12,1.490989206242827e-29
cool_reprocessed,10,4270.0,47.68823254420315,0.7230776307309185,0.7230776307309185,4.5258000057150706e-11,9.033935768407093e-13,16.91432154098849,0.6226892720856694,2.8667744264408966e-12,16.967727096119994,0.5928013193575272,1.3854041762963997e-12,1.5132851554472734e-29
cool_reprocessed,10,4280.0,47.7999145876322,0.7330729189289886,0.7330729189289886,4.5883613040617256e-11,9.158814187722605e-13,16.89941591639778,0.6312968661638478,2.9064025871989177e-12,16.952821471529283,0.6009957645724693,1.4045549748059522e-12,1.5342036856461224e-29
cool_reprocessed,10,4290.0,47.911596631061244,0.7429329673463765,0.7429329673463765,4.650076125938675e-11,9.282002957904896e-13,16.88490978075756,0.6397879964530623,2.9454945649411465e-12,16.938315335889065,0.6090793360485336,1.4234466562456416e-12,1.5548391807408078e-29
cool_reprocessed,10,4300.0,48.02327867449029,0.752458141716936,0.752458141716936,4.709694944705256e-11,9.40100790258771e-13,16.87107799256848,0.647990744876212,2.9832588728555097e-12,16.924483547699985,0.6168883674636951,1.4416967248303736e-12,1.5747738383286024e-29
cool_reprocessed,10,4310.0,48.13496071791934,0.7612124711396833,0.7612124711396833,4.764488984055431e-11,9.510382119600386e-13,16.858519119719396,0.6555296684774555,3.017967024018203e-12,16.9119246748509,0.6240654364412669,1.4584698678892851e-12,1.593095241450902e-29
cool_reprocessed,10,4320.0,48.24664276134839,0.7695049666906245,0.7695049666906245,4.8163923687223095e-11,9.613986309500823e-13,16.84675528858407,0.6626708768331471,3.050844149746436e-12,16.900160843715575,0.630863879781846,1.4743581452746333e-12,1.6104501005773933e-29
cool_reprocessed,10,4330.0,48.35832480477744,0.7773041899924277,0.7773041899924277,4.865208323418893e-11,9.711427689730952e-13,16.835806334949446,0.6693872963076704,3.0817656068036954e-12,16.88921189008095,0.637257923335094,1.4893013216017228e-12,1.6267726202419922e-29
cool_reprocessed,10,4340.0,48.47000684820648,0.7846725386112875,0.7846725386112875,4.911327399440699e-11,9.803485838556169e-13,16.825562722402132,0.6757326615118372,3.110978781832075e-12,16.878968277533637,0.6432987225482172,1.5034189495231638e-12,1.6421933885124885e-29
cool_reprocessed,10,4350.0,48.58168889163553,0.7915420908276181,0.7915420908276181,4.954324469379789e-11,9.889312160437149e-13,16.816098822452936,0.6816484806263317,3.138214386666054e-12,16.86950437758444,0.6489305931028626,1.5165808922044361e-12,1.6565702561567478e-29
cool_reprocessed,10,4360.0,48.69337093506458,0.7983284744682289,0.7983284744682289,4.9968009806340706e-11,9.974099396694304e-13,16.806829807314863,0.6874926778600289,3.1651202543655623e-12,16.860235362446367,0.6544942794967479,1.5295834853397651e-12,1.6707730653518344e-29
cool_reprocessed,10,4370.0,48.80505297849363,0.805076055111427,0.805076055111427,5.039034620862548e-11,1.0058401838827913e-12,16.797691582105124,0.6933034593037934,3.191872280436006e-12,16.85109713723663,0.660026153997852,1.5425117326062917e-12,1.6848946661157987e-29
cool_reprocessed,10,4380.0,48.91673502192267,0.8118877762266817,0.8118877762266817,5.081669721372e-11,1.0143505634619948e-12,16.78854384999365,0.6991694762881951,3.218878603219799e-12,16.841949405125142,0.6656106128340862,1.555562871902775e-12,1.699150502569129e-29
cool_reprocessed,10,4390.0,49.02841706535172,0.8184543951006846,0.8184543951006846,5.1227707075931466e-11,1.02255471894989e-12,16.779797643787056,0.7048244197589034,3.2449131730309914e-12,16.83320319891856,0.6709941293014564,1.5681443995639118e-12,1.712893379462532e-29
cool_reprocessed,10,4400.0,49.14009910878077,0.825179804782516,0.825179804782516,5.164865578023173e-11,1.0309572633655527e-12,16.770912380221326,0.7106161083429137,3.2715772982421707e-12,16.82431793535283,0.6765078273653551,1.5810301676537018e-12,1.726968579971126e-29
cool_reprocessed,10,4410.0,49.251781152209816,0.832071796073953,0.832071796073953,5.2080030959057876e-11,1.0395679303253817e-12,16.761881853290355,0.7165512512073768,3.298901866921709e-12,16.815287408421845,0.6821580941651102,1.594235103212977e-12,1.7413924089896794e-29
cool_reprocessed,10,4420.0,49.36346319563886,0.8389474858813148,0.8389474858813148,5.251038581511943e-11,1.0481582306532195e-12,16.752946914516947,0.7224723558015064,3.3261618053656083e-12,16.806352469648438,0.6877949965059792,1.6074088054120186e-12,1.7557821216245775e-29
cool_reprocessed,10,4430.0,49.475145239067906,0.8457605937681544,0.8457605937681544,5.293682361934284e-11,1.056670342827222e-12,16.74416524092515,0.7283395670252981,3.3531736262607327e-12,16.797570796056654,0.6933805922602844,1.6204626017387617e-12,1.770040860367737e-29
cool_reprocessed,10,4440.0,49.586827282496955,0.852617355472389,0.852617355472389,5.3365993750478597e-11,1.0652369948964769e-12,16.735398435066763,0.7342443713962463,3.380358520754052e-12,16.788803990198282,0.6990019767590439,1.633600038021106e-12,1.784390959527863e-29
cool_reprocessed,10,4450.0,49.698509325926004,0.8598750576432808,0.8598750576432808,5.382025906212013e-11,1.0743045711084236e-12,16.726195477869602,0.7404944517330406,3.409133017563205e-12,16.779601033001093,0.7049520646051574,1.647505669270831e-12,1.799580162583095e-29
cool_reprocessed,10,4460.0,49.810191369355046,0.8667252710257767,0.8667252710257767,5.4249019328625825e-11,1.0828630418821351e-12,16.717580208220262,0.7463936169173737,3.4362919500290757e-12,16.770985763351767,0.7105680805880047,1.6606305590825074e-12,1.8139165571592881e-29
cool_reprocessed,10,4470.0,49.921873412784095,0.8727339107698804,0.8727339107698804,5.462510483635637e-11,1.090370073381486e-12,16.710079228918268,0.7515680481948271,3.4601143088243276e-12,16.763484784049773,0.7154941485736069,1.6721430084261927e-12,1.8264916734991357e-29
cool_reprocessed,10,4480.0,50.03355545621314,0.8786922530182432,0.8786922530182432,5.4998042184099163e-11,1.0978142645540833e-12,16.702691863135435,0.7566991650207202,3.483737253935107e-12,16.75609741826694,0.7203789811225585,1.683559088642007e-12,1.838961525272046e-29
cool_reprocessed,10,4490.0,50.14523749964219,0.8842494605905193,0.8842494605905193,5.5345872195614576e-11,1.1047572889439957e-12,16.6958468479012,0.7614848386343703,3.5057698267510034e-12,16.749252403032692,0.724934951105282,1.6942066017885482e-12,1.850591866700758e-29
cool_reprocessed,10,4500.0,50.25691954307124,0.8894245516065672,0.8894245516065672,5.566978523004672e-11,1.111222907274268e-12,16.689511073023816,0.7659414467782325,3.5262874281105057e-12,16.74291662815532,0.7291776501623769,1.7041219862530068e-12,1.8614224996505806e-29
cool_reprocessed,10,4510.0,50.36860158650028,0.8943612488721098,0.8943612488721098,5.597877701133058e-11,1.1173906829195885e-12,16.68350142249718,0.7701927585269871,3.5458598735443826e-12,16.73690697762867,0.7332249066780073,1.7135806124338225e-12,1.871754212832374e-29
cool_reprocessed,10,4520.0,50.48028362992933,0.898845567066806,0.898845567066806,5.625945402924177e-11,1.122993268425523e-12,16.67807115452853,0.7740544971754822,3.5636387788433667e-12,16.731476709660036,0.7369012888937699,1.7221724881754272e-12,1.8811391693957186e-29
cool_reprocessed,10,4530.0,50.59196567335838,0.9028077649814801,0.9028077649814801,5.650745112641029e-11,1.1279435310172035e-12,16.67329564240837,0.7774666040233373,3.5793476421403866e-12,16.726701197539874,0.7401496208176882,1.7297639905328623e-12,1.8894314122094805e-29
cool_reprocessed,10,4540.0,50.70364771678743,0.9065915150286591,0.9065915150286591,5.6744279030598636e-11,1.1326708456840078e-12,16.668754731566132,0.7807250377827255,3.5943490160043973e-12,16.722160286697637,0.7432516556819385,1.737013589876884e-12,1.897350192344514e-29
cool_reprocessed,10,4550.0,50.81532976021647,0.9104745279384527,0.9104745279384527,5.6987319875764476e-11,1.1375221766786496e-12,16.66411435634854,0.7840689532622495,3.6097439357671396e-12,16.717519911480046,0.7464350692992029,1.7444533751408853e-12,1.90547671368201e-29
cool_reprocessed,10,4560.0,50.92701180364552,0.9140454027470822,0.9140454027470822,5.721082375062459e-11,1.1419835307970964e-12,16.659864435098065,0.7871440662802622,3.6239013265455723e-12,16.713269990229556,0.7493625824843035,1.7512951092267621e-12,1.9129499801892274e-29
cool_reprocessed,10,4570.0,51.03869384707457,0.9177539205656624,0.9177539205656624,5.7442942810199954e-11,1.1466168523583208e-12,16.655468235676558,0.7903377126645851,3.6386044283848025e-12,16.708873790808063,0.7524029396496785,1.7584005649280223e-12,1.9207113113728462e-29
cool_reprocessed,10,4580.0,51.15037589050362,0.9213716010948588,0.9213716010948588,5.766937629208159e-11,1.151136684274341e-12,16.651196801511126,0.7934531331389908,3.652947389061999e-12,16.70460235664263,0.7553688256065625,1.7653319779612101e-12,1.928282534723304e-29
cool_reprocessed,10,4590.0,51.26205793393266,0.9249334349431512,0.9249334349431512,5.7892314286092866e-11,1.1555867428621974e-12,16.64700765975342,0.7965204603968417,3.6670689352882235e-12,16.700413214884925,0.7582889267338309,1.7721563897241767e-12,1.9357368799550074e-29
cool_reprocessed,10,4600.0,51.37373997736171,0.9283016428532952,0.9283016428532952,5.81031330796928e-11,1.1597948904554404e-12,16.64306105919139,0.7994210437404042,3.680422815825194e-12,16.696466614322894,0.7610502873514807,1.7786098175540918e-12,1.9427859972478887e-29
cool_reprocessed,10,4610.0,51.48542202079076,0.9316386763462051,0.9316386763462051,5.831200064189379e-11,1.1639640895774624e-12,16.63916508260548,0.8022947807615938,3.693653099644071e-12,16.692570637736985,0.7637860902214126,1.785003515742273e-12,1.949769871500708e-29
cool_reprocessed,10,4620.0,51.597104064219806,0.9346764219729189,0.9346764219729189,5.850213554014593e-11,1.1677593665582692e-12,16.63563063837001,0.8049107814960763,3.705696801601623e-12,16.689036193501515,0.7662765276777175,1.7908237835792427e-12,1.9561273843977448e-29
cool_reprocessed,10,4630.0,51.70878610764885,0.9372072410240845,0.9372072410240845,5.866054150361974e-11,1.1709213032270305e-12,16.632694768368957,0.807090234719042,3.7157306997966165e-12,16.68610032350046,0.7683513711092169,1.7956727889058092e-12,1.961423981524364e-29
cool_reprocessed,10,4640.0,51.8204681510779,0.9394389839733711,0.9394389839733711,5.880022805764058e-11,1.1737095823271691e-12,16.630112411364472,0.8090121340193546,3.7245788557089175e-12,16.683517966495977,0.7701810227380007,1.7999487696179161e-12,1.9660946604838494e-29
cool_reprocessed,10,4650.0,51.932150194506946,0.9414085650658942,0.9414085650658942,5.892350569396833e-11,1.1761703235151573e-12,16.627838493647836,0.810708268659251,3.732387622661284e-12,16.68124404877934,0.7717957459995254,1.8037224527677848e-12,1.9702166768526205e-29
cool_reprocessed,10,4660.0,52.043832237935995,0.9429824723755963,0.9429824723755963,5.902201779569168e-11,1.1781367206123683e-12,16.62602480581713,0.8120636628179917,3.7386276680357775e-12,16.679430360948636,0.7730860837033688,1.8067380318249884e-12,1.9735106116482724e-29
cool_reprocessed,10,4670.0,52.15551428136504,0.9443541307248607,0.9443541307248607,5.910787097522741e-11,1.1798504333448352e-12,16.62444664600175,0.8132448872159729,3.744065860161166e-12,16.67785220113324,0.7742106114782493,1.8093661053882684e-12,1.9763812719066863e-29
cool_reprocessed,10,4680.0,52.267196324794085,0.9455727049130114,0.9455727049130114,5.91841424961998e-11,1.1813728868791344e-12,16.62304653857678,0.81429428086605,3.748897121938383e-12,16.676452093708285,0.7752096361413972,1.8117008723588413e-12,1.9789315516434212e-29
cool_reprocessed,10,4690.0,52.378878368223134,0.9464020603893172,0.9464020603893172,5.923605251055899e-11,1.1824090611132275e-12,16.622094664015428,0.8150084929172777,3.752185254455357e-12,16.675500219146933,0.7758895673129279,1.8132899030405774e-12,1.9806672592321263e-29
cool_reprocessed,10,4700.0,52.49056041165218,0.9471340611863485,0.9471340611863485,5.928186901864317e-11,1.1833236030519842e-12,16.6212552189182,0.8156388665094032,3.755087406417854e-12,16.67466077404969,0.776489684118937,1.8146924038484564e-12,1.982199219139119e-29
cool_reprocessed,10,4710.0,52.60224245508123,0.9483279300186801,0.9483279300186801,5.93565942118804e-11,1.1848151903849077e-12,16.619887502981477,0.8166669847674923,3.7598207192622755e-12,16.673293058112982,0.7774684545702237,1.81697983578656e-12,1.984697794540618e-29
cool_reprocessed,10,4715.75,52.666459630052934,0.948803275039561,0.948803275039561,5.938634643220625e-11,1.1854090735592676e-12,16.61934341904216,0.8170763353440587,3.761705312135409e-12,16.672748974173665,0.7778581570635003,1.8178905885869813e-12,1.9856926151978245e-29
cool_reprocessed,10,4730.0,52.82560654193932,0.9500612925159632,0.9500612925159632,5.946508673974605e-11,1.1869808064679269e-12,16.617904795831727,0.8181596961802392,3.766692954092635e-12,16.671310350963232,0.7788895185495861,1.8203009282124787e-12,1.9883254433914006e-29
cool_reprocessed,10,4740.0,52.93728858536837,0.9513294083741209,0.9513294083741209,5.954445911297653e-11,1.1885651560208117e-12,16.616456551131115,0.8192517533910788,3.771720632944014e-12,16.66986210626262,0.7799291590001616,1.8227306161619506e-12,1.9909794058734063e-29
cool_reprocessed,10,4750.0,53.04897062879742,0.9536067158064769,0.9536067158064769,5.968699758398347e-11,1.1914103621500653e-12,16.613860604447986,0.8212128912372813,3.780749437640437e-12,16.66726615957949,0.781796165795986,1.827093897631891e-12,1.9957454439657344e-29
cool_reprocessed,10,4760.0,53.16065267222646,0.9558270451969623,0.9558270451969623,5.982596975434353e-11,1.194184381459455e-12,16.61133556991522,0.8231249615782684,3.789552342396991e-12,16.664741125046724,0.7836164602376182,1.831348010163657e-12,2.000392236182814e-29
cool_reprocessed,10,4770.0,53.27233471565551,0.9574848675497207,0.9574848675497207,5.992973416489519e-11,1.1962556197350894e-12,16.609454059443344,0.8245526204494784,3.796125084413178e-12,16.66285961457485,0.7849755940791426,1.8345243689852505e-12,2.0038617916636855e-29
cool_reprocessed,10,4780.0,53.38401675908456,0.9589326603710784,0.9589326603710784,6.002035266117686e-11,1.1980644528116824e-12,16.607813580414863,0.8257994092031987,3.801865125673834e-12,16.661219135546368,0.7861625392399127,1.8372983148741494e-12,2.0068917891239983e-29
cool_reprocessed,10,4790.0,53.49569880251361,0.960494222631759,0.960494222631759,6.011809207653077e-11,1.2000154263395313e-12,16.606046964482296,0.827144172235678,3.808056226828061e-12,16.659452519613787,0.787442756092223,1.8402902410319354e-12,2.0101598877180678e-29
cool_reprocessed,10,4800.0,53.60738084594266,0.9622639974095544,0.9622639974095544,6.022886367779528e-11,1.202226534938063e-12,16.604048263789586,0.8286682406362272,3.815072824850068e-12,16.65745381892109,0.7888936719809946,1.8436810987546165e-12,2.0138637416141087e-29
cool_reprocessed,10,4810.0,53.7190628893717,0.9637582366359932,0.9637582366359932,6.032238929125839e-11,1.2040933968932085e-12,16.602363600005823,0.8299550274163585,3.820997011437074e-12,16.655769155137328,0.7901186953356425,1.846544035148599e-12,2.0169909439281552e-29
cool_reprocessed,10,4820.0,53.83074493280075,0.9654251446096804,0.9654251446096804,6.04267223780006e-11,1.2061759864971648e-12,16.600487342097914,0.8313905105078764,3.827605775070608e-12,16.65389289722942,0.7914852778491278,1.8497378018620204e-12,2.0204795141519742e-29
cool_reprocessed,10,4830.0,53.9424269762298,0.9674666043451227,0.9674666043451227,6.055449895536467e-11,1.2087265309117573e-12,16.59819390008733,0.8331485445316502,3.8356995181397425e-12,16.651599455218836,0.7931589294366649,1.85364920324276e-12,2.0247519609568425e-29
cool_reprocessed,10,4840.0,54.054109019658846,0.9696748630648833,0.9696748630648833,6.069271561290959e-11,1.2114854694525855e-12,16.595718513007547,0.835050220031409,3.844454566499316e-12,16.649124068139052,0.7949693279705452,1.857880188579157e-12,2.0293734912019737e-29
cool_reprocessed,10,4850.0,54.16579106308789,0.9718459828151338,0.9718459828151338,6.082860771301728e-11,1.21419800757238e-12,16.59329024724331,0.8369199127441095,3.853062370574886e-12,16.646695802374815,0.7967492788329869,1.862040016295299e-12,2.0339172955586806e-29
cool_reprocessed,10,4860.0,54.277473106516936,0.9740248719712182,0.9740248719712182,6.096498610637307e-11,1.2169202525770618e-12,16.59085873969918,0.8387962961985195,3.8617009778906704e-12,16.644264294830684,0.7985355992937028,1.8662147300580175e-12,2.0384773600318888e-29
cool_reprocessed,10,4870.0,54.389155149945985,0.9759630445782025,0.9759630445782025,6.108629786078178e-11,1.2193417528552384e-12,16.588700423900825,0.8404653829445711,3.869385220118042e-12,16.64210597903233,0.8001245729111017,1.8699282350953465e-12,2.042533643493291e-29
cool_reprocessed,10,4880.0,54.500837193375034,0.9781036044066042,0.9781036044066042,6.122027719124207e-11,1.222016110237677e-12,16.58632170848191,0.8423087585169229,3.877871863755636e-12,16.639727263613416,0.8018794698080748,1.8740295105322346e-12,2.0470134908499197e-29
cool_reprocessed,10,4890.0,54.612519236804076,0.9799048238482864,0.9799048238482864,6.133301693885698e-11,1.2242665049462664e-12,16.58432411778312,0.8438599059668499,3.8850131299383595e-12,16.637729672914624,0.8033561650010961,1.8774806156845405e-12,2.050783153368791e-29
cool_reprocessed,10,4900.0,54.724201280233125,0.9816855240628624,0.9816855240628624,6.144447237183944e-11,1.2264912634891364e-12,16.582352889462264,0.8453933829730412,3.892073043866473e-12,16.635758444593755,0.804816037899548,1.880892406354253e-12,2.0545098724463757e-29
cool_reprocessed,10,4910.0,54.83588332366217,0.9836046408524427,0.9836046408524427,6.15645914075849e-11,1.2288889559459774e-12,16.58023243388873,0.8470460595128246,3.899681735796495e-12,16.633637989020237,0.8063893889707385,1.8845694007765497e-12,2.0585262751475708e-29
cool_reprocessed,10,4920.0,54.94756536709122,0.9854232036621707,0.9854232036621707,6.16784166903051e-11,1.2311610189881282e-12,16.578226895927365,0.8486121424672742,3.906891762955729e-12,16.631632451058884,0.8078803027912248,1.8880537355206735e-12,2.0623322345456344e-29
cool_reprocessed,10,4930.0,55.059247410520264,0.9875481176380931,0.9875481176380931,6.181141673450025e-11,1.2338158288669057e-12,16.575888192974325,0.850442044376388,3.9153163757298846e-12,16.629293748105844,0.8096223727362941,1.8921250337760736e-12,2.0667793376500624e-29
cool_reprocessed,10,4940.0,55.17092945394931,0.9891447491210678,0.9891447491210678,6.191135116017827e-11,1.2358106169297627e-12,16.574134232090607,0.8518170078017087,3.92164651527412e-12,16.627539787222098,0.8109313404175074,1.895184151954413e-12,2.0701208304846047e-29
cool_reprocessed,10,4950.0,55.28261149737836,0.9906518927004307,0.9906518927004307,6.200568446728388e-11,1.2376936012333938e-12,16.57248117274964,0.8531149073611424,3.927621863544713e-12,16.625886727881145,0.8121669431582593,1.898071812864372e-12,2.0732750395333234e-29
cool_reprocessed,10,4960.0,55.39429354080741,0.991861658709679,0.991861658709679,6.208140467738132e-11,1.2392050500679131e-12,16.571156100426556,0.8541567157143221,3.932418203674589e-12,16.62456165555806,0.8131587466049672,1.900389703517219e-12,2.0758068851686388e-29
cool_reprocessed,10,4970.0,55.50597558423646,0.9927604210000412,0.9927604210000412,6.213765891905584e-11,1.240327939292683e-12,16.570172720432147,0.8549306984964999,3.935981512287602e-12,16.623578275563652,0.8138955796210531,1.902111716448676e-12,2.077687850053289e-29
cool_reprocessed,10,4980.0,55.6176576276655,0.9937199710385023,0.9937199710385023,6.219771791389933e-11,1.2415267750809325e-12,16.56912381171677,0.8557570295702119,3.939785825122407e-12,16.622529366848276,0.8146822483058721,1.9039501976492427e-12,2.0796960339154342e-29
cool_reprocessed,10,4990.0,55.72933967109455,0.9946901722478704,0.9946901722478704,6.225844357394312e-11,1.2427389181531783e-12,16.568064289197174,0.8565925330613481,3.943632366485756e-12,16.62146984432868,0.8154776491487586,1.9058090863081933e-12,2.0817265089647726e-29
cool_reprocessed,10,5000.0,55.8410217145236,0.995069201693873,0.995069201693873,6.22821673263589e-11,1.2432124672610467e-12,16.567650645213313,0.8569189400193283,3.945135098525149e-12,16.621056200344817,0.8157883891663118,1.9065353001407255e-12,2.082519756618601e-29
cool_reprocessed,10,5010.0,55.95270375795265,0.9951858330232431,0.9951858330232431,6.228946737338975e-11,1.2433581832800927e-12,16.56752339432854,0.8570193788581214,3.945597504908848e-12,16.620928949460044,0.8158840071234862,1.9067587637412143e-12,2.0827638472278172e-29
cool_reprocessed,10,5020.0,56.06438580138169,0.9951998699094299,0.9951998699094299,6.229034595318374e-11,1.2433757205849144e-12,16.56750808035647,0.8570314669356258,3.9456531567291196e-12,16.620913635487973,0.8158955149952521,1.9067856581712436e-12,2.0827932241724114e-29
cool_reprocessed,10,5030.0,56.17606784481074,0.9950810408925076,0.9950810408925076,6.228290835115306e-11,1.2432272588346577e-12,16.567637727347808,0.8569291355248543,3.9451820372084006e-12,16.621043282479313,0.8157980953061126,1.9065579838395912e-12,2.082544534156703e-29
cool_reprocessed,10,5040.0,56.28774988823979,0.9951328246108959,0.9951328246108959,6.228614953499027e-11,1.24329195600767e-12,16.567581227432036,0.856973729859596,3.9453873432962566e-12,16.62098678256354,0.8158405491938794,1.90665720054423e-12,2.0826529091485436e-29
cool_reprocessed,10,5050.0,56.399431931668836,0.9955469716648372,0.9955469716648372,6.231207132622588e-11,1.2438093801022586e-12,16.567129467728755,0.8573303788784497,3.9470293055594575e-12,16.62053502286026,0.816180079708378,1.90745069910337e-12,2.0835196523062156e-29
cool_reprocessed,10,5060.0,56.51111397509788,0.995849917169989,0.995849917169989,6.233103292468609e-11,1.2441878719983643e-12,16.566799127847837,0.8575912649964367,3.948230388804e-12,16.620204682979356,0.8164284437671111,1.9080311374272652e-12,2.0841536685119061e-29
cool_reprocessed,10,5070.0,56.62279601852693,0.9960201695569403,0.9960201695569403,6.234168915606554e-11,1.2444005807121688e-12,16.56661352419615,0.8577378804224931,3.948905385745144e-12,16.62001907932764,0.8165680219193304,1.9083573380423617e-12,2.084509979368311e-29
cool_reprocessed,10,5080.0,56.734478061955976,0.9962062963858376,0.9962062963858376,6.23533389813054e-11,1.2446331225231132e-12,16.566410651038034,0.8578981663650751,3.949643319834763e-12,16.61981620616954,0.8167206144281411,1.9087139538123924e-12,2.0848995128778958e-29
cool_reprocessed,10,5090.0,56.846160105385025,0.9964851926830076,0.9964851926830076,6.237079532084187e-11,1.2449815679911516e-12,16.566106732633365,0.8581383421427392,3.950749055565445e-12,16.61951228776487,0.8169492622052259,1.909248314271673e-12,2.0854831979602154e-29
cool_reprocessed,10,5100.0,56.957842148814066,0.9972181598421418,0.9972181598421418,6.241667231429338e-11,1.245897317276505e-12,16.565308410238593,0.858769547932251,3.953655038848461e-12,16.618713965370098,0.8175501712646601,1.9106526666125494e-12,2.087017180307625e-29
cool_reprocessed,10,5110.0,57.069524192243115,0.9982683941630632,0.9982683941630632,6.248240731000641e-11,1.2472094515472595e-12,16.564165553596744,0.8596739731516466,3.9578188862211755e-12,16.617571108728235,0.8184111857181807,1.912664897322582e-12,2.0892151517840554e-29
cool_reprocessed,10,5120.0,57.181206235672164,0.9991060320404455,0.9991060320404455,6.253483572639113e-11,1.24825597358858e-12,16.56325490428498,0.8603953177182202,3.961139855842474e-12,16.616660459416487,0.8190979070572908,1.914269796940866e-12,2.090968193105776e-29
cool_reprocessed,10,5130.0,57.29288827910121,0.9997496615007337,0.9997496615007337,6.257512100270519e-11,1.2490601067764675e-12,16.562555692397005,0.8609495889929581,3.963691643366302e-12,16.61596124752851,0.8196255743187582,1.915502979803084e-12,2.0923152060217726e-29
cool_reprocessed,10,5140.0,57.40457032253026,1.0,1.0,6.259078988711343e-11,1.249372872906495e-12,16.56228385679804,0.8611651717896844,3.964684156448092e-12,16.615689411929544,0.8198308095332693,1.915982624017801e-12,2.0928391242273375e-29
cool_reprocessed,10,5150.0,57.5162523659593,0.999852512050396,0.999852512050396,6.258155849984888e-11,1.2491886054631792e-12,16.562444001614686,0.8610381603042269,3.9640994133110305e-12,16.61584955674619,0.819709894368149,1.915700039669108e-12,2.0925304556760542e-29
cool_reprocessed,10,5160.0,57.62793440938835,0.999663337940631,0.999663337940631,6.25697179428925e-11,1.2489522564621827e-12,16.56264944452787,0.860875250149493,3.963349397715235e-12,16.616054999659376,0.8195548036045976,1.915337585361884e-12,2.0921345446978473e-29
cool_reprocessed,10,5170.0,57.7396164528174,0.9998549466140723,0.9998549466140723,6.25817108811124e-11,1.2491916471409934e-12,16.56244135793407,0.8610402568656732,3.964109065587065e-12,16.615846913065575,0.8197118902984584,1.9157047042508084e-12,2.0925355508261658e-29
cool_reprocessed,10,5180.0,57.85129849624645,0.9999374676599823,0.9999374676599823,6.258687593855822e-11,1.2492947466971974e-12,16.562351752546412,0.8611113211163506,3.964436235470358e-12,16.615757307677917,0.8197795435943304,1.9158628131408875e-12,2.0927082540996187e-29
cool_reprocessed,10,5190.0,57.96298053967549,0.9999074575147888,0.9999074575147888,6.258499757986594e-11,1.2492572528358808e-12,16.562384338174176,0.8610854774245097,3.964317254723177e-12,16.61578989330568,0.8197549403527024,1.915805314224153e-12,2.0926454476936343e-29
cool_reprocessed,10,5200.0,58.07466258310454,0.9994471731704775,0.9994471731704775,6.255618801918282e-11,1.2486821860622746e-12,16.562884246872976,0.8606890965780688,3.962492372675825e-12,16.61628980200448,0.8193775850660899,1.914923417418345e-12,2.09168214660959e-29
cool_reprocessed,10,5210.0,58.18634462653359,0.9990183460588485,0.9990183460588485,6.252934739154096e-11,1.2481464211018387e-12,16.563350197496923,0.8603198056048147,3.9607922086204944e-12,16.616755752628443,0.8190260193880136,1.914101792123756e-12,2.090784680452844e-29
cool_reprocessed,10,5220.0,58.29802666996264,0.9984870126063914,0.9984870126063914,6.249609081105821e-11,1.2474825874998709e-12,16.56392780593962,0.8598622397409518,3.9586856392997466e-12,16.617333361071125,0.8185904158535534,1.9130837664612887e-12,2.0896726850155305e-29
cool_reprocessed,10,5230.0,58.40970871339168,0.9978579333038279,0.9978579333038279,6.245671624060913e-11,1.246696632884341e-12,16.56461207064894,0.8593204985552904,3.956191538555724e-12,16.618017625780446,0.8180746772596722,1.911878461448448e-12,2.088356123238884e-29
cool_reprocessed,10,5235.56,58.47180392953824,0.9973734964874275,0.9973734964874275,6.242639495762022e-11,1.246091390667293e-12,16.565139298310832,0.8589033184410734,3.95427089958494e-12,16.618544853442337,0.8176775210323148,1.9109502889257898e-12,2.0873422749163046e-29
cool_reprocessed,10,5250.0,58.63307280024978,0.9962512450340146,0.9962512450340146,6.235615235269916e-11,1.2446892801448193e-12,16.566361663921704,0.8579368745754041,3.949821527028044e-12,16.61976721905321,0.8167574647147635,1.9088000746412724e-12,2.0849935831673816e-29
cool_reprocessed,10,5260.0,58.74475484367883,0.9954599239684906,0.9954599239684906,6.23066229421537e-11,1.243700625071794e-12,16.56722440545672,0.8572554164340713,3.946684188936897e-12,16.620629960588225,0.8161087153250142,1.907283917229709e-12,2.0833374754816277e-29
cool_reprocessed,10,5270.0,58.85643688710787,0.9944910989932813,0.9944910989932813,6.224598342169297e-11,1.242490201429173e-12,16.568281605782396,0.8564210981078609,3.942843103907313e-12,16.6216871609139,0.8153144427612922,1.9054276654114934e-12,2.0813098806689808e-29
cool_reprocessed,10,5280.0,58.96811893053692,0.9938266903390887,0.9938266903390887,6.220439755921923e-11,1.2416601072801006e-12,16.569007216709714,0.8558489325150347,3.940208933442629e-12,16.62241277184122,0.8147697400764646,1.9041546699748136e-12,2.0799193802430114e-29
cool_reprocessed,10,5290.0,59.079800973965966,0.9931049767489698,0.9931049767489698,6.215922493554143e-11,1.2407584178985983e-12,16.569795961105605,0.8552274179072171,3.937347567006392e-12,16.62320151623711,0.8141780570396263,1.9027718792766282e-12,2.0784089498051243e-29
cool_reprocessed,10,5300.0,59.191483017395015,0.99251097817651,0.99251097817651,6.212204609569935e-11,1.2400162921956217e-12,16.570445558801815,0.8547158870245218,3.934992550277207e-12,16.62385111393332,0.813691078709105,1.9016337883331038e-12,2.077165806352945e-29
cool_reprocessed,10,5310.0,59.303165060824064,0.9921158335747343,0.9921158335747343,6.209731368295458e-11,1.2395226092492879e-12,16.570877904876532,0.854375602255652,3.933425926735041e-12,16.62428346000805,0.8133671269903485,1.9008766981421273e-12,2.0763388322706218e-29
cool_reprocessed,10,5320.0,59.414847104253106,0.9916341858885367,0.9916341858885367,6.206716697382817e-11,1.2389208516958544e-12,16.57140513092417,0.8539608240432255,3.9315163457845835e-12,16.624810686055675,0.8129722573778633,1.899953869544474e-12,2.075330821148854e-29
cool_reprocessed,10,5330.0,59.526529147682155,0.9914278662998506,0.9914278662998506,6.205425326780312e-11,1.2386630815986007e-12,16.57163105289947,0.8537831487991911,3.9306983537801545e-12,16.625036608030975,0.8128031102224482,1.899558564797557e-12,2.074899027441557e-29
cool_reprocessed,10,5340.0,59.6382111911112,0.9911306533954752,0.9911306533954752,6.203565047735362e-11,1.2382917518583963e-12,16.571956586607563,0.8535271993973366,3.9295199984870854e-12,16.625362141739082,0.8125594459264504,1.89898911003714e-12,2.074277008647055e-29
cool_reprocessed,10,5350.0,59.74989323454025,0.990894046872262,0.990894046872262,6.202084108817326e-11,1.237996142086741e-12,16.572215808674507,0.853323442100127,3.92858192835319e-12,16.62562136380601,0.8123654686089836,1.8985357760499342e-12,2.073781829258227e-29
cool_reprocessed,10,5360.0,59.861575277969294,0.9905403288172969,0.9905403288172969,6.199870159571566e-11,1.2375542163442103e-12,16.572603451593544,0.853018832430558,3.92717954798482e-12,16.626009006725035,0.8120754796496351,1.8978580584028196e-12,2.0730415542738502e-29
cool_reprocessed,10,5370.0,59.97325732139834,0.9901964768966568,0.9901964768966568,6.197717963239861e-11,1.237124617082266e-12,16.57298041483468,0.8527227191322498,3.925816283722895e-12,16.626385969966172,0.8117935792511772,1.8971992440976386e-12,2.0723219275213944e-29
cool_reprocessed,10,5380.0,60.08493936482739,0.9899570733267905,0.9899570733267905,6.196219517385888e-11,1.236825512756398e-12,16.573242949146312,0.8525165531158788,3.924867124182449e-12,16.626648504277817,0.8115973088286886,1.8967405510176468e-12,2.0718208943638982e-29
cool_reprocessed,10,5390.0,60.19662140825644,0.9894807017807522,0.9894807017807522,6.193237870251259e-11,1.236230347069353e-12,16.57376553576251,0.8521063185315989,3.9229784614612876e-12,16.627171090894016,0.8112067647584614,1.8958278314128606e-12,2.0708239253546806e-29
cool_reprocessed,10,5400.0,60.30830345168548,0.9891993642145268,0.9891993642145268,6.191476956201763e-11,1.2358788515459817e-12,16.574074285407,0.8518640404180496,3.92186304686986e-12,16.627479840538506,0.8109761155537907,1.8952887935244895e-12,2.0702351310889694e-29
cool_reprocessed,10,5410.0,60.41998549511453,0.9885463342002407,0.9885463342002407,6.187389589760347e-11,1.2350629735609389e-12,16.574791281890064,0.8513016737136132,3.919273989118535e-12,16.628196837021555,0.810440741428529,1.894037599364155e-12,2.0688684443257766e-29
cool_reprocessed,10,5420.0,60.53166753854358,0.9879012220196869,0.9879012220196869,6.183351781665681e-11,1.2342569879025733e-12,16.575500050178114,0.8507461255718228,3.916716323077162e-12,16.62890560530962,0.8099118585873059,1.892801575635672e-12,2.0675183283147978e-29
cool_reprocessed,10,5430.0,60.64334958197263,0.9869558757129345,0.9869558757129345,6.177434784460032e-11,1.2330758978714146e-12,16.576539514543263,0.8499320262571677,3.9129683235524245e-12,16.62994506967477,0.8091368345593519,1.890990308538255e-12,2.0655398705780828e-29
cool_reprocessed,10,5440.0,60.75503162540167,0.9860934598268103,0.9860934598268103,6.17203685530766e-11,1.2319984188581273e-12,16.57748866081537,0.8491893437324393,3.909549116952437e-12,16.630894215946874,0.8084297994452759,1.8893379346857637e-12,2.0637349728702465e-29
cool_reprocessed,10,5450.0,60.86671366883072,0.9854352153960169,0.9854352153960169,6.167916851421445e-11,1.2311760261225523e-12,16.578213661517246,0.8486224865541154,3.906939385686601e-12,16.631619216648737,0.8078901503807079,1.8880767497940073e-12,2.0623573731721773e-29
cool_reprocessed,10,5460.0,60.97839571225977,0.9849108680063112,0.9849108680063112,6.164634919691753e-11,1.2305209207178746e-12,16.57879153254519,0.8481709368441822,3.9048605138981605e-12,16.632197087676694,0.807460274235729,1.887072109306382e-12,2.061259998440315e-29
cool_reprocessed,10,5470.0,61.09007775568882,0.984378072928382,0.984378072928382,6.161300113214198e-11,1.229855261000692e-12,16.579379028780913,0.8477121122793687,3.902748149694061e-12,16.632784583912432,0.8070234724156748,1.8860512831949078e-12,2.0601449440560291e-29
cool_reprocessed,10,5480.0,61.201759799117866,0.9837334371664623,0.9837334371664623,6.157265287061395e-11,1.229049870566844e-12,16.580090273450786,0.8471569744127133,3.900192372502098e-12,16.63349582858229,0.8064949801571262,1.884816172276249e-12,2.0587958251126078e-29
cool_reprocessed,10,5490.0,61.31344184254691,0.9831420056667642,0.9831420056667642,6.153563470588371e-11,1.2283109520949389e-12,16.580743226451496,0.8466476542036739,3.897847533405621e-12,16.634148781583,0.8060101063919453,1.8836829997995307e-12,2.057558054130739e-29
cool_reprocessed,10,5500.0,61.42512388597596,0.9823857774013693,0.9823857774013693,6.148830178141768e-11,1.2273661410144291e-12,16.58157869105738,0.8459964167595928,3.894849327183151e-12,16.634984246188885,0.8053901271609345,1.8822340795832427e-12,2.0559753900300735e-29
cool_reprocessed,10,5510.0,61.536805929405006,0.9812668110798868,0.9812668110798868,6.141826479549901e-11,1.225968134846673e-12,16.582816081404097,0.8450328019351264,3.8904129791367705e-12,16.636221636535588,0.8044727640957532,1.880090159554421e-12,2.0536335735337823e-29
cool_reprocessed,10,5520.0,61.648487972834054,0.9798007241222716,0.9798007241222716,6.132650125477868e-11,1.2241364455725065e-12,16.584439466583014,0.8437702589084132,3.884600407403938e-12,16.63784502171452,0.8032708208384453,1.8772811624183314e-12,2.0505652893893658e-29
cool_reprocessed,10,5530.0,61.760170016263096,0.9785573080067357,0.9785573080067357,6.124867485794893e-11,1.2225829552080213e-12,16.585818195143865,0.8426994722556717,3.879670655230801e-12,16.639223750275356,0.8022514299978589,1.874898798746541e-12,2.0479630194950777e-29
cool_reprocessed,10,5540.0,61.871852059692145,0.9777445592415027,0.9777445592415027,6.119780427075322e-11,1.2215675289482508e-12,16.586720336909742,0.8419995613256378,3.876448363078109e-12,16.640125892041247,0.8015851135197105,1.8733415862346623e-12,2.0462620670810304e-29
cool_reprocessed,10,5550.0,61.983534103121194,0.9767784662157987,0.9767784662157987,6.113733574516997e-11,1.2203605185292322e-12,16.587793665028094,0.8411675956591927,3.872618109365445e-12,16.641199220159585,0.8007930806923632,1.871490568784229e-12,2.044240189799194e-29
cool_reprocessed,10,5560.0,62.09521614655024,0.9755969645602567,0.9755969645602567,6.106338462329667e-11,1.2188843824115038e-12,16.589107755811845,0.8401501275830281,3.8679338284709006e-12,16.642513310943336,0.7998244492336353,1.869226832141962e-12,2.0417674969091364e-29
cool_reprocessed,10,5570.0,62.206898189979285,0.9744722705834247,0.9744722705834247,6.099298913890548e-11,1.2174792202665288e-12,16.590360143248454,0.8391815803012589,3.863474772080103e-12,16.64376569837996,0.7989023904601321,1.867071938025015e-12,2.03941369335164e-29
cool_reprocessed,10,5580.0,62.31858023340833,0.9735019868174236,0.9735019868174236,6.093225831157682e-11,1.2162669740502653e-12,16.59144175127974,0.8383460057152257,3.859627903405779e-12,16.64484730641123,0.7981069219347744,1.86521289118899e-12,2.0373830455245497e-29
cool_reprocessed,10,5590.0,62.43026227683738,0.972400875350513,0.972400875350513,6.086333887510914e-11,1.214891275253461e-12,16.59267050399493,0.837397766869664,3.855262344218435e-12,16.646076059126436,0.7972041968294706,1.863103180751283e-12,2.035078596366464e-29
cool_reprocessed,10,5600.0,62.54194432026643,0.9712640988693377,0.9712640988693377,6.079218713722727e-11,1.2134710175553222e-12,16.59394051661483,0.8364188145559661,3.850755384514096e-12,16.647346071746334,0.7962722324466504,1.8609251367659582e-12,2.0326995060711585e-29
cool_reprocessed,10,5610.0,62.65362636369548,0.9699316225025824,0.9699316225025824,6.070878638892615e-11,1.2118062577289092e-12,16.59543105983483,0.8352713323166836,3.84547253657398e-12,16.64883661496632,0.7951798272682093,1.858372135200341e-12,2.0299108473987048e-29
cool_reprocessed,10,5620.0,62.76530840712452,0.9684859529205619,0.9684859529205619,6.061830078787172e-11,1.210000077369947e-12,16.59705054174237,0.834026372022732,3.839740913286685e-12,16.650456096873874,0.7939946228044641,1.855602257401119e-12,2.0268852935367473e-29
cool_reprocessed,10,5630.0,62.87699045055357,0.9667800517584002,0.9667800517584002,6.051152708666267e-11,1.2078687707340824e-12,16.598964654974075,0.8325573093553628,3.832977553976596e-12,16.65237021010558,0.7925960724737052,1.8523337804161252e-12,2.0233151168425103e-29
cool_reprocessed,10,5640.0,62.98867249398262,0.9652514831687367,0.9652514831687367,6.041585277123899e-11,1.2059590186037798e-12,16.600682662755553,0.8312409593232528,3.826917262307112e-12,16.654088217887058,0.791342904849414,1.84940506955871e-12,2.020116068693997e-29
cool_reprocessed,10,5650.0,63.10035453741167,0.9635904174385279,0.9635904174385279,6.031188535513082e-11,1.2038837281403426e-12,16.602552675686148,0.8298105073683437,3.820331661323735e-12,16.655958230817653,0.7899811119871292,1.846222496482279e-12,2.0166397253459034e-29
cool_reprocessed,10,5660.0,63.21203658084071,0.961960957970997,0.961960957970997,6.020989619996902e-11,1.2018479256841086e-12,16.60439024136523,0.8284072736260631,3.813871369189241e-12,16.657795796496735,0.7886452309127616,1.8431004804559484e-12,2.0132295288209119e-29
cool_reprocessed,10,5670.0,63.32371862426976,0.960403797830085,0.960403797830085,6.01124323167686e-11,1.1999024520452818e-12,16.606149184881296,0.8270663015458105,3.8076977210495146e-12,16.6595547400128,0.7873686230538648,1.8401169886831477e-12,2.0099706431553237e-29
cool_reprocessed,10,5680.0,63.43540066769881,0.9587346479664127,0.9587346479664127,6.000795890836139e-11,1.197817061484794e-12,16.60803779995134,0.8256288878167184,3.801080069030275e-12,16.661443355082845,0.7860002025698979,1.83691892654747e-12,2.0064773810164316e-29
cool_reprocessed,10,5690.0,63.54708271112786,0.9569126957757128,0.9569126957757128,5.989392148160892e-11,1.195540763842001e-12,16.6101030653142,0.8240598860454217,3.793856604046001e-12,16.663508620445704,0.7845065100304655,1.8334280978082976e-12,2.0026643281892633e-29
cool_reprocessed,10,5700.0,63.6587647545569,0.9551226590382067,0.9551226590382067,5.978188166828147e-11,1.193304340500655e-12,16.61213598615604,0.8225183687508575,3.786759673753352e-12,16.665541541287546,0.7830389827628618,1.829998418522883e-12,1.9989180692712062e-29
cool_reprocessed,10,5710.0,63.77044679798595,0.953221223139407,0.953221223139407,5.966286929345589e-11,1.1909287380691242e-12,16.614299598803434,0.8208809183784206,3.779221080970879e-12,16.66770515393494,0.7814801270306732,1.8263553003800992e-12,1.9949386698299884e-29
cool_reprocessed,10,5720.0,63.882128841414996,0.9513567976847057,0.9513567976847057,5.954617343156049e-11,1.188599375482464e-12,16.61642529262297,0.8192753401114337,3.771829222909746e-12,16.66983084775449,0.7799516136008309,1.822783093605115e-12,1.9910367272941837e-29
cool_reprocessed,10,5730.0,63.993810884844045,0.9493500713188125,0.9493500713188125,5.942057084323193e-11,1.1860922259975704e-12,16.618717888407808,0.8175472172558141,3.763873186680562e-12,16.6721234435393,0.7783064374997688,1.8189382407569046e-12,1.9868369718440236e-29
cool_reprocessed,10,5740.0,64.1054929282731,0.9476261541195725,0.9476261541195725,5.931266950403153e-11,1.1839384106137035e-12,16.620691260353503,0.8160626398047798,3.757038399473708e-12,16.674096815485022,0.7768931170667478,1.8156352453579157e-12,1.9832290904825262e-29
cool_reprocessed,10,5749.06,64.2066768596198,0.946140661883863,0.946140661883863,5.921969137162729e-11,1.1820824769114946e-12,16.62239458836556,0.8147833856284226,3.751148891942263e-12,16.675800143497064,0.7756752647645906,1.8127890680461829e-12,1.9801201942128973e-29
cool_reprocessed,10,5760.0,64.32885701513118,0.9446613825088725,0.9446613825088725,5.912710210708293e-11,1.1802343053889314e-12,16.62409345209044,0.813509481751334,3.7452840164412776e-12,16.677499007221947,0.7744625059570662,1.8099547944676332e-12,1.9770243004612546e-29
cool_reprocessed,10,5770.0,64.44053905856023,0.9439170728129509,0.9439170728129509,5.908051517529455e-11,1.1793043850458056e-12,16.624949253472657,0.8128685081641809,3.742333063582366e-12,16.678354808604162,0.7738522979365152,1.8085287100233593e-12,1.975466580009088e-29
cool_reprocessed,10,5780.0,64.55222110198928,0.9430545753894181,0.9430545753894181,5.902653078028003e-11,1.1782268041618919e-12,16.625941790637008,0.812125755422276,3.738913533712308e-12,16.679347345768512,0.7731451959755601,1.8068761799466102e-12,1.9736615116565733e-29
cool_reprocessed,10,5790.0,64.66390314541833,0.9426427414501318,0.9426427414501318,5.900075376871778e-11,1.1777122700100054e-12,16.62641603750722,0.8117710983772017,3.7372807422181324e-12,16.679821592638724,0.7728075618237217,1.806087113274957e-12,1.9727996094757502e-29
cool_reprocessed,10,5800.0,64.77558518884737,0.9420309670068366,0.9420309670068366,5.896246232307919e-11,1.176947935616215e-12,16.627120908257616,0.811244259533645,3.7348552497754804e-12,16.68052646338912,0.7723060102866233,1.8049149640717854e-12,1.9715192639856197e-29
cool_reprocessed,10,5810.0,64.88726723227641,0.9412438516483209,0.9412438516483209,5.891319615105741e-11,1.1759645350394375e-12,16.628028475951247,0.8105664232007106,3.731734585984277e-12,16.681434031082752,0.7716607088650553,1.8034068647217717e-12,1.969871958168038e-29
cool_reprocessed,10,5820.0,64.99894927570547,0.9401625661906747,0.9401625661906747,5.884551764016989e-11,1.174613606320786e-12,16.629276468822077,0.8096352578238228,3.727447630661749e-12,16.682682023953582,0.7707742377329767,1.8013351405733184e-12,1.9676090016578178e-29
cool_reprocessed,10,5830.0,65.11063131913451,0.9390866066989899,0.9390866066989899,5.87781724856988e-11,1.1732693317195287e-12,16.630519740144983,0.8087086789833273,3.723181791112087e-12,16.683925295276488,0.7698921329918837,1.7992736208831035e-12,1.9653571915375363e-29
cool_reprocessed,10,5840.0,65.22231336256357,0.9382549722406054,0.9382549722406054,5.872611982805117e-11,1.1722303101870488e-12,16.631481670259127,0.8079925043521065,3.7198846231509726e-12,16.684887225390632,0.7692103334406305,1.7976802237113041e-12,1.9636167144059733e-29
cool_reprocessed,10,5850.0,65.33399540599261,0.9375151513091827,0.9375151513091827,5.867981385157841e-11,1.171305997984521e-12,16.632338118927173,0.8073553963326043,3.716951466825553e-12,16.685743674058678,0.7686038054475127,1.7962627396618137e-12,1.96206838821577e-29
cool_reprocessed,10,5860.0,65.44567744942165,0.9366761835957159,0.9366761835957159,5.862730219970273e-11,1.170257814482071e-12,16.633310162351997,0.8066329065575106,3.713625224824199e-12,16.6867157174835,0.7679159938678088,1.7946552921006993e-12,1.9603125637610627e-29
cool_reprocessed,10,5870.0,65.55735949285071,0.935510334709205,0.935510334709205,5.8554330797007e-11,1.168801234509356e-12,16.634662382867,0.8056289181008777,3.709003002215037e-12,16.688067937998504,0.7669601950313871,1.792421545891914e-12,1.957872629598436e-29
cool_reprocessed,10,5880.0,65.66904153627975,0.9344869062166091,0.9344869062166091,5.849027359926244e-11,1.167522590713347e-12,16.635850805452897,0.8047475771272367,3.704945431485184e-12,16.6892563605844,0.7661211568218028,1.790460674683175e-12,1.955730758408282e-29
cool_reprocessed,10,5890.0,65.78072357970879,0.9335878727513328,0.9335878727513328,5.843400238453585e-11,1.1663993626899959e-12,16.63689585275923,0.8039733608186674,3.701381047749287e-12,16.690301407890736,0.7653841014881679,1.7887381421852954e-12,1.9538492259981624e-29
cool_reprocessed,10,5900.0,65.89240562313785,0.932538535140259,0.932538535140259,5.836832351460048e-11,1.1650883487441996e-12,16.63811688896623,0.8030697078145617,3.697220755547897e-12,16.691522444097735,0.7645238221850075,1.7867276295557496e-12,1.9516531311911836e-29
cool_reprocessed,10,5910.0,66.00408766656689,0.9314885600283735,0.9314885600283735,5.830260474298576e-11,1.1637765383221831e-12,16.639340042982163,0.80216550581696,3.69305793585714e-12,16.692745598113667,0.7636630202390405,1.784715895485726e-12,1.9494557021975648e-29
cool_reprocessed,10,5920.0,66.11576970999594,0.9305535765809186,0.9305535765809186,5.824408339047819e-11,1.1626083953663165e-12,16.6404304001176,0.8013603306358121,3.689351021796475e-12,16.693835955249106,0.7628964920024136,1.7829244834466583e-12,1.9474989322582263e-29
cool_reprocessed,10,5930.0,66.22745175342499,0.9300680258332331,0.9300680258332331,5.821369238565027e-11,1.1620017614337386e-12,16.640997070995006,0.8009421912427688,3.687425966439974e-12,16.69440262612651,0.762498422539869,1.7819941766510139e-12,1.9464827526566723e-29
cool_reprocessed,10,5940.0,66.33913379685403,0.9294490622779028,0.9294490622779028,5.817495096781081e-11,1.1612284451583911e-12,16.64171987281336,0.8004091613863111,3.684971971438737e-12,16.695125427944866,0.7619909771472309,1.7808082532341007e-12,1.945187361511606e-29
cool_reprocessed,10,5950.0,66.45081584028308,0.9290826552346803,0.9290826552346803,5.8152017261555306e-11,1.160770666138147e-12,16.642147975701143,0.8000936244019895,3.683519283239661e-12,16.695553530832647,0.761690585364367,1.7801062237059684e-12,1.9444205305161573e-29
cool_reprocessed,10,5960.0,66.56249788371213,0.9290862189861134,0.9290862189861134,5.8152240319572475e-11,1.1607751185925134e-12,16.642143811070035,0.8000966933806047,3.683533412388507e-12,16.695549366201526,0.7616935070375896,1.7801130517917909e-12,1.9444279888745858e-29
cool_reprocessed,10,5970.0,66.67417992714118,0.9288251590851684,0.9288251590851684,5.813590037416447e-11,1.160448957434069e-12,16.64244893023909,0.79987187768616,3.682498392335346e-12,16.695854485370596,0.7614794820876613,1.7796128655577523e-12,1.943881632500121e-29
cool_reprocessed,10,5980.0,66.78586197057022,0.928633869243858,0.928633869243858,5.812392739189948e-11,1.1602099650954734e-12,16.642672558651746,0.7997071455371064,3.6817399885322136e-12,16.69607811378325,0.7613226567822042,1.7792463575456506e-12,1.9434812936361595e-29
cool_reprocessed,10,5990.0,66.89754401399927,0.9281623901150436,0.9281623901150436,5.80944171408117e-11,1.1596209118617912e-12,16.643223940601565,0.7993011241321457,3.679870722700107e-12,16.69662949573307,0.7609361236663502,1.7783430117272552e-12,1.9424945636691204e-29
cool_reprocessed,10,6000.0,67.00922605742832,0.9278577815360394,0.9278577815360394,5.807535144924543e-11,1.1592403421663284e-12,16.643580320958343,0.7990388058328787,3.6786630458930104e-12,16.696985876089848,0.7606863961684344,1.7777593869827562e-12,1.9418570669174048e-29
cool_reprocessed,10,6010.0,67.12090810085736,0.9274110072096321,0.9274110072096321,5.804738749125431e-11,1.1586821544426042e-12,16.644103241490235,0.798654059343327,3.6768917267995955e-12,16.69750879662174,0.7603201168107372,1.7769033751365025e-12,1.9409220401273993e-29
cool_reprocessed,10,6020.0,67.2325901442864,0.9267177712443513,0.9267177712443513,5.8003997304609235e-11,1.1578160442330593e-12,16.644915128377242,0.7980570686741952,3.674143265151367e-12,16.698320683508733,0.7597517806081235,1.7755751470726805e-12,1.9394712087769382e-29
cool_reprocessed,10,6030.0,67.34427218771546,0.9259767076079581,0.9259767076079581,5.7957613546250765e-11,1.1568901794286521e-12,16.64578370079665,0.7974188904804537,3.671205181893239e-12,16.699189255928154,0.7591442338071837,1.7741552820220595e-12,1.9379202818051523e-29
cool_reprocessed,10,6040.0,67.4559542311445,0.9251126320247903,0.9251126320247903,5.790353037297813e-11,1.1558106268349015e-12,16.646797329034207,0.7966747786824357,3.667779395118681e-12,16.700202884165698,0.7584358380223373,1.7724997282188722e-12,1.9361119106184094e-29
cool_reprocessed,10,6050.0,67.56763627457356,0.9241266675078919,0.9241266675078919,5.7841818075064786e-11,1.15457878951384e-12,16.647955099663797,0.7958257003798623,3.663870357219712e-12,16.7013606547953,0.7576275139342772,1.7706106373365965e-12,1.9340484455023442e-29
cool_reprocessed,10,6060.0,67.6793183180026,0.9230459084476608,0.9230459084476608,5.7774172511807266e-11,1.1532285184618395e-12,16.649225602906945,0.7948949883180951,3.659585488896677e-12,16.70263115803845,0.7567414743590176,1.7685399217564439e-12,1.9317865906572294e-29
cool_reprocessed,10,6070.0,67.79100036143164,0.9218618787970264,0.9218618787970264,5.77000631607243e-11,1.1517492239356199e-12,16.65061921622962,0.7938753432206024,3.654891185300042e-12,16.704024771361127,0.7557707703720266,1.7662713415195065e-12,1.9293086070801364e-29
cool_reprocessed,10,6080.0,67.9026824048607,0.9205273010874596,0.9205273010874596,5.761653088771678e-11,1.1500818387485016e-12,16.652192173351374,0.7927260513780767,3.649600006199374e-12,16.705597728482893,0.7546766424480075,1.7637143138175754e-12,1.9265155506352335e-29
cool_reprocessed,10,6090.0,68.01436444828974,0.9191382422046029,0.9191382422046029,5.7529588595039064e-11,1.1483463862613905e-12,16.653831766821803,0.7915298422465954,3.644092826454138e-12,16.707237321953293,0.7535378491795856,1.761052901134284e-12,1.9236084738593354e-29
cool_reprocessed,10,6100.0,68.1260464917188,0.9176348939916068,0.9176348939916068,5.743549284291226e-11,1.1464681437855407e-12,16.655609057566657,0.7902352111244908,3.638132525612448e-12,16.709014612698162,0.7523053579971147,1.7581725120803355e-12,1.9204622079018402e-29
cool_reprocessed,10,6110.0,68.23772853514784,0.9161064015470909,0.9161064015470909,5.733982329347352e-11,1.14455848678892e-12,16.657419062035764,0.7889189266659301,3.632072535834425e-12,16.71082461716727,0.7510522527989616,1.7552439471157003e-12,1.917263319112871e-29
cool_reprocessed,10,6120.0,68.34941057857688,0.9143911361246249,0.9143911361246249,5.723246347581532e-11,1.1424154807002564e-12,16.6594538381299,0.7874417998237272,3.625272050189871e-12,16.712859393261404,0.749646025359097,1.751957528370677e-12,1.9136735445283e-29
cool_reprocessed,10,6130.0,68.46109262200594,0.9126785728876365,0.9126785728876365,5.712527279008059e-11,1.1402758506488263e-12,16.661489220189715,0.7859670000095454,3.618482277857268e-12,16.71489477532122,0.7482420132541399,1.7486762869660756e-12,1.9100894251832172e-29
cool_reprocessed,10,6140.0,68.57277466543498,0.9110675578430033,0.9110675578430033,5.702443808591697e-11,1.1382630921542173e-12,16.663407401438583,0.7845796499618781,3.612095112034011e-12,16.716812956570088,0.7469212534859279,1.7455896101335272e-12,1.90671782986809e-29
cool_reprocessed,10,6150.0,68.68445670886402,0.9095434846874529,0.9095434846874529,5.692904514326533e-11,1.1363589564973476e-12,16.665225188710615,0.7832671712410586,3.6060526433409326e-12,16.718630743842105,0.7456717713570251,1.7426695124497607e-12,1.9035281899399698e-29
cool_reprocessed,10,6160.0,68.79613875229307,0.9081013294261177,0.9081013294261177,5.6838779506318494e-11,1.134557166835316e-12,16.6669480781294,0.7820252373576834,3.600334953225178e-12,16.720353633260906,0.744489448041652,1.7399063680279062e-12,1.9005099909858367e-29
cool_reprocessed,10,6170.0,68.90782079572212,0.906470244919252,0.906470244919252,5.6736688638661146e-11,1.13251933409902e-12,16.668899974658736,0.780620604188125,3.59386821832298e-12,16.722305529790226,0.7431522347099712,1.7367812384544472e-12,1.8970963935149474e-29
cool_reprocessed,10,6180.0,69.01950283915117,0.904765867532154,0.904765867532154,5.663001031173695e-11,1.1303899312263845e-12,16.670943335840867,0.7791528537427702,3.5871109002997445e-12,16.724348890972372,0.7417549336169564,1.7335156809959986e-12,1.8935294058367804e-29
cool_reprocessed,10,6190.0,69.13118488258021,0.9030007833959541,0.9030007833959541,5.6519532301434984e-11,1.1281846829882187e-12,16.673063539086264,0.7776328247593964,3.580112899190155e-12,16.72646909421777,0.7403078632606813,1.73013381046111e-12,1.8898353686989883e-29
cool_reprocessed,10,6200.0,69.24286692600926,0.9013233208342867,0.9013233208342867,5.641453859469416e-11,1.1260889067683554e-12,16.67508233643624,0.7761882524243073,3.573462289948877e-12,16.728487891567745,0.7389326277707877,1.726919821340515e-12,1.886324709420504e-29
cool_reprocessed,10,6210.0,69.35454896943831,0.8994991809430329,0.8994991809430329,5.630036423803599e-11,1.1238098758718362e-12,16.677281926232475,0.7746173666814873,3.5662301514228782e-12,16.73068748136398,0.7374371416870393,1.723424801005095e-12,1.8825070780880245e-29
cool_reprocessed,10,6220.0,69.46623101286735,0.8975124407241841,0.8975124407241841,5.617601259843775e-11,1.1213276965368942e-12,16.679682663810247,0.772906455199621,3.5583533539542303e-12,16.733088218941752,0.7358083508450882,1.7196182412673435e-12,1.8783491504283418e-29
cool_reprocessed,10,6230.0,69.5779130562964,0.8953627904839842,0.8953627904839842,5.6041464291922604e-11,1.1186419818405513e-12,16.682286251802488,0.7710552512812313,3.549830669705004e-12,16.735691806933993,0.7340460013484514,1.7154995487594044e-12,1.873850278302246e-29
cool_reprocessed,10,6240.0,69.68959509972545,0.8932844981118168,0.8932844981118168,5.591138233073229e-11,1.116045419728797e-12,16.684809363320788,0.7692654982735248,3.5415908968646056e-12,16.738214918452293,0.7323421532305308,1.711517576686703e-12,1.869500746714191e-29
cool_reprocessed,10,6250.0,69.8012771431545,0.8913674369334392,0.8913674369334392,5.5791391957315714e-11,1.1136502954968297e-12,16.687141945364168,0.7676145919545158,3.53399035478375e-12,16.740547500495673,0.7307704874127368,1.7078445207797525e-12,1.865488646076545e-29
cool_reprocessed,10,6260.0,69.91295918658355,0.8893935204069443,0.8893935204069443,5.5667842962751174e-11,1.1111841377352453e-12,16.689548954016196,0.7659147237898785,3.526164399205005e-12,16.7429545091477,0.7291522098288692,1.7040625310137268e-12,1.8613575563419378e-29
cool_reprocessed,10,6262.94,69.94579370735168,0.8888126650605958,0.8888126650605958,5.563148676781306e-11,1.1104584328224348e-12,16.690258270749915,0.7654145113957551,3.5238614912161484e-12,16.743663825881434,0.7286760067200506,1.702949622263055e-12,1.8601419195475828e-29
cool_reprocessed,10,6280.0,70.13632327344163,0.8852571825801491,0.8852571825801491,5.540894631093211e-11,1.1060163094612703e-12,16.694610209009817,0.7623526537146861,3.509765126157393e-12,16.74801576414132,0.7257611126398247,1.6961373796105193e-12,1.8527008667069992e-29
cool_reprocessed,10,6290.0,70.24800531687069,0.8831171320050621,0.8831171320050621,5.527499885503905e-11,1.1033425883261088e-12,16.697238081971456,0.7605097166935526,3.501280501548348e-12,16.75064363710296,0.7240066332444091,1.6920370798941337e-12,1.8482220851356322e-29
cool_reprocessed,10,6300.0,70.35968736029973,0.8810753162464706,0.8810753162464706,5.514719999390485e-11,1.1007915991058516e-12,16.69975127069366,0.7587513760750424,3.4931853469598743e-12,16.75315682582518,0.7223326897781251,1.6881249963792266e-12,1.8439488932315878e-29
cool_reprocessed,10,6310.0,70.47136940372879,0.8790226666034472,0.8790226666034472,5.5018723031386516e-11,1.0982270743242768e-12,16.7022836718045,0.756983705692584,3.4850472394414406e-12,16.755689226936006,0.7206498643595971,1.6841921553299974e-12,1.8396530277503372e-29
cool_reprocessed,10,6320.0,70.58305144715783,0.8771004465188886,0.8771004465188886,5.489840975795712e-11,1.0958255046948734e-12,16.704660526544608,0.7553283567032476,3.477426243926985e-12,16.7580660816761,0.7190739691115723,1.6805092150484451e-12,1.8356301303519975e-29
cool_reprocessed,10,6330.0,70.69473349058687,0.8752118119996827,0.8752118119996827,5.4780198631591955e-11,1.0934658959597428e-12,16.70700093095494,0.7537019304330678,3.4699384045713684e-12,16.760406486086445,0.7175256083447792,1.6768906241265264e-12,1.831677522138837e-29
cool_reprocessed,10,6340.0,70.80641553401593,0.8732477107300074,0.8732477107300074,5.4657263981704696e-11,1.0910120011137692e-12,16.70944021734112,0.7520105148257554,3.462151363385827e-12,16.76284577247261,0.715915377610856,1.6731274402220172e-12,1.827566974157716e-29
cool_reprocessed,10,6350.0,70.91809757744497,0.8712397771022944,0.8712397771022944,5.453158582990524e-11,1.0885033433087078e-12,16.711939618700335,0.7502813523183037,3.454190540744834e-12,16.76534517383184,0.714269211759359,1.669280274281138e-12,1.8233646921027864e-29
cool_reprocessed,10,6360.0,71.02977962087401,0.8692674122554831,0.8692674122554831,5.440813395619774e-11,1.0860391241736274e-12,16.714400359860072,0.7485828204061674,3.4463707370859456e-12,16.767805914991577,0.7126522062903027,1.665501257506424e-12,1.8192368497841288e-29
cool_reprocessed,10,6370.0,71.14146166430307,0.8673548162205624,0.8673548162205624,5.42884230596371e-11,1.083649578570769e-12,16.716791870881558,0.7469357593131908,3.4387878978886107e-12,16.770197426013063,0.7110842011346836,1.6618367567367508e-12,1.815234093973405e-29
cool_reprocessed,10,6380.0,71.25314370773211,0.8652873920075849,0.8652873920075849,5.4159021345115094e-11,1.081066594842285e-12,16.71938291751919,0.74515536558566,3.4305912138667614e-12,16.772788472650696,0.7093892630685096,1.6578756078682121e-12,1.8109073076941107e-29
cool_reprocessed,10,6390.0,71.36482575116116,0.8632317666311482,0.8632317666311482,5.4030358129091926e-11,1.0784983522601066e-12,16.721965322158034,0.7433851326052255,3.42244130850521e-12,16.775370877289525,0.7077039980520482,1.6539370653654694e-12,1.8066052144815494e-29
cool_reprocessed,10,6400.0,71.4765077945902,0.8612041477833192,0.8612041477833192,5.390344786381631e-11,1.0759651002750352e-12,16.72451857471868,0.7416390178718109,3.414402440183907e-12,16.777924129850184,0.7060416936506076,1.650052182884898e-12,1.8023617344277922e-29
cool_reprocessed,10,6410.0,71.58818983801925,0.859278224616121,0.859278224616121,5.378290281151948e-11,1.0735589041146356e-12,16.726949341132986,0.7399804799166768,3.4067667631163798e-12,16.78035489626449,0.7044627625013449,1.646362147561353e-12,1.798331087073224e-29
cool_reprocessed,10,6420.0,71.6998718814483,0.8575193920735046,0.8575193920735046,5.367281609339796e-11,1.0713614664479055e-12,16.72917398173029,0.7384658345879653,3.3997935476008232e-12,16.782579536861796,0.7030208173940982,1.6429922549711428e-12,1.7946501335150722e-29
cool_reprocessed,10,6430.0,71.81155392487734,0.8556768455089231,0.8556768455089231,5.355748964851702e-11,1.0690594387530504e-12,16.731509406291202,0.736879097659147,3.3924884324287093e-12,16.784914961422707,0.7015102409524545,1.6394619677694609e-12,1.7907939799765052e-29
cool_reprocessed,10,6440.0,71.9232359683064,0.8538290187014866,0.8538290187014866,5.344183270906499e-11,1.0667508140660098e-12,16.733856579574798,0.7352878135690833,3.385162382761406e-12,16.787262134706303,0.6999953356050366,1.6359215637142184e-12,1.7869267757391062e-29
cool_reprocessed,10,6450.0,72.03491801173544,0.8518894640775333,0.8518894640775333,5.332043445312254e-11,1.064327587133322e-12,16.736325739175506,0.7336175366781511,3.3774726612732524e-12,16.78973129430701,0.698405228967547,1.6322054107563905e-12,1.7828675999385204e-29
cool_reprocessed,10,6460.0,72.14660005516448,0.8499297693958185,0.8499297693958185,5.319777561505645e-11,1.0618791977588087e-12,16.738826254347536,0.731929915870917,3.3697030908171827e-12,16.792231809479027,0.6967986108901988,1.628450669797845e-12,1.778766274237088e-29
cool_reprocessed,10,6470.0,72.25828209859354,0.8480622136489366,0.8480622136489366,5.308088382570089e-11,1.0595459242700136e-12,16.741214573876313,0.7303216419053266,3.362298822136236e-12,16.794620129007818,0.695267531150384,1.6248724654374346e-12,1.7748577805033376e-29
cool_reprocessed,10,6480.0,72.36996414202258,0.8462252694809316,0.8462252694809316,5.2965908039246924e-11,1.0572508960574644e-12,16.743568882210248,0.7287397295653185,3.3550159186970667e-12,16.796974437341753,0.693761547726061,1.621352912330246e-12,1.7710133518795155e-29
cool_reprocessed,10,6490.0,72.48164618545162,0.8443874246945153,0.8443874246945153,5.285087588237522e-11,1.0549547426367033e-12,16.745929464756735,0.7271570416441014,3.3477294445903515e-12,16.79933501988824,0.6922548259470169,1.6178316336538308e-12,1.7671670384062464e-29
cool_reprocessed,10,6500.0,72.59332822888068,0.842568265490676,0.842568265490676,5.27370132708765e-11,1.0526819344759283e-12,16.748271112242712,0.7255904450958145,3.3405170529168326e-12,16.801676667374217,0.6907634231842633,1.6143461562289524e-12,1.763359830851253e-29
cool_reprocessed,10,6510.0,72.70501027230972,0.84070255662122,0.84070255662122,5.2620237079037853e-11,1.0503509684256889e-12,16.750677936468513,0.7239837615967397,3.3331201065215557e-12,16.804083491600018,0.6892338575714638,1.6107714904535989e-12,1.7594552023348376e-29
cool_reprocessed,10,6520.0,72.81669231573878,0.8389363739638089,0.8389363739638089,5.250969031142558e-11,1.0481443477249216e-12,16.75296129526334,0.7224627866051584,3.3261177501223253e-12,16.806366850394845,0.687785886613655,1.607387515171158e-12,1.755758866168876e-29
cool_reprocessed,10,6530.0,72.92837435916782,0.8372595895023706,0.8372595895023706,5.2404739047513704e-11,1.0460494187050891e-12,16.755133530782707,0.7210187982263695,3.3194698293342815e-12,16.808539085914212,0.6864112070512209,1.6041748252788186e-12,1.752249626045081e-29
cool_reprocessed,10,6540.0,73.04005640259686,0.8355272411373708,0.8355272411373708,5.229630999498872e-11,1.0438850696514345e-12,16.75738232181464,0.7195269601490248,3.3126016152181183e-12,16.810787876946144,0.6849909744887497,1.6008556759127335e-12,1.7486240996100183e-29
cool_reprocessed,10,6550.0,73.15173844602592,0.8338733449417965,0.8338733449417965,5.2192791325716446e-11,1.041818736610081e-12,16.759533627595793,0.7181026823476411,3.306044439175116e-12,16.8129391827273,0.6836350594318481,1.5976868395400843e-12,1.7451627609445102e-29
cool_reprocessed,10,6560.0,73.26342048945496,0.8321865788886117,0.8321865788886117,5.208721530609283e-11,1.0397113368602921e-12,16.7617320882543,0.716650098169681,3.299356944528419e-12,16.815137643385803,0.6822521966529722,1.5944550250913988e-12,1.741632630954986e-29
cool_reprocessed,10,6570.0,73.37510253288401,0.8306090014770425,0.8306090014770425,5.198847348979465e-11,1.0377403544373676e-12,16.763792273457703,0.7152915434470355,3.2931023483592003e-12,16.817197828589208,0.680958850086544,1.5914324141827893e-12,1.7383310152265568e-29
cool_reprocessed,10,6580.0,73.48678457631306,0.8289725978720781,0.8289725978720781,5.188604969558581e-11,1.0356958761641987e-12,16.76593341941402,0.7138823296554491,3.2866145249130435e-12,16.819338974545524,0.6796172759943631,1.5882970933097975e-12,1.7349062857390607e-29
cool_reprocessed,10,6590.0,73.5984666197421,0.8272380137977191,0.8272380137977191,5.177748070824607e-11,1.033528733875919e-12,16.768207648796498,0.71238856626307,3.279737446915405e-12,16.821613203928003,0.6781952105284776,1.5849736603634278e-12,1.7312760803239805e-29
cool_reprocessed,10,6600.0,73.71014866317115,0.8255617715720744,0.8255617715720744,5.167256338330084e-11,1.0314344823107783e-12,16.77040992098025,0.7109450448388618,3.2730916759210227e-12,16.82381547611174,0.6768209755076536,1.5817620093854476e-12,1.7277679750124695e-29
cool_reprocessed,10,6610.0,73.8218307066002,0.8237939603670915,0.8237939603670915,5.156191468360967e-11,1.0292258269468524e-12,16.77273734777635,0.7094226673988309,3.2660828628450355e-12,16.826142902907854,0.6753716694163705,1.5783749138341566e-12,1.7240682305584339e-29
cool_reprocessed,10,6620.0,73.93351275002924,0.8219851135155983,0.8219851135155983,5.1448697530389894e-11,1.0269659027593544e-12,16.775123975893685,0.7078649514892236,3.2589113563914795e-12,16.82852953102519,0.6738887210377892,1.5749091946971862e-12,1.7202826050978935e-29
cool_reprocessed,10,6630.0,74.0451947934583,0.8200738493968994,0.8200738493968994,5.132906999951763e-11,1.0245780212164926e-12,16.77765144857829,0.7062190373961086,3.251333797821286e-12,16.831057003709795,0.6723218078281243,1.5712472458558504e-12,1.7162826367735484e-29
cool_reprocessed,10,6640.0,74.15687683688734,0.8181975211950064,0.8181975211950064,5.121162913527368e-11,1.022233787660378e-12,16.780138458225316,0.7046032088977917,3.243894749126944e-12,16.83354401335682,0.6707835361594163,1.5676522336240687e-12,1.7123557837027357e-29
cool_reprocessed,100,0.0,0.0,0.0,0.0,0.0,0.0,,0.0,0.0,,0.0,0.0,0.0
cool_reprocessed,100,10.0,0.1116820434290472,0.0,0.0,0.0,0.0,,0.0,0.0,,0.0,0.0,0.0
cool_reprocessed,100,20.0,0.2233640868580944,0.0,0.0,0.0,0.0,,0.0,0.0,,0.0,0.0,0.0
cool_reprocessed,100,30.0,0.3350461302871416,0.0,0.0,0.0,0.0,,0.0,0.0,,0.0,0.0,0.0
cool_reprocessed,100,40.0,0.4467281737161888,0.0,0.0,0.0,0.0,,0.0,0.0,,0.0,0.0,0.0
cool_reprocessed,100,50.0,0.558410217145236,0.0,0.0,0.0,0.0,,0.0,0.0,,0.0,0.0,0.0
cool_reprocessed,100,60.0,0.6700922605742832,0.0,0.0,0.0,0.0,,0.0,0.0,,0.0,0.0,0.0
cool_reprocessed,100,70.0,0.7817743040033304,0.0,0.0,0.0,0.0,,0.0,0.0,,0.0,0.0,0.0
cool_reprocessed,100,80.0,0.8934563474323776,0.0,0.0,0.0,0.0,,0.0,0.0,,0.0,0.0,0.0
cool_reprocessed,100,90.0,1.0051383908614246,0.0,0.0,0.0,0.0,,0.0,0.0,,0.0,0.0,0.0
cool_reprocessed,100,100.0,1.116820434290472,0.0,0.0,0.0,0.0,,0.0,0.0,,0.0,0.0,0.0
cool_reprocessed,100,110.0,1.2285024777195193,0.0,0.0,0.0,0.0,,0.0,0.0,,0.0,0.0,0.0
cool_reprocessed,100,120.0,1.3401845211485663,0.0,0.0,0.0,0.0,,0.0,0.0,,0.0,0.0,0.0
cool_reprocessed,100,130.0,1.4518665645776134,0.0,0.0,0.0,0.0,,0.0,0.0,,0.0,0.0,0.0
cool_reprocessed,100,140.0,1.5635486080066607,0.0,0.0,0.0,0.0,,0.0,0.0,,0.0,0.0,0.0
cool_reprocessed,100,150.0,1.675230651435708,0.0,0.0,0.0,0.0,,0.0,0.0,,0.0,0.0,0.0
cool_reprocessed,100,160.0,1.7869126948647551,0.0,0.0,0.0,0.0,,0.0,0.0,,0.0,0.0,0.0
cool_reprocessed,100,170.0,1.8985947382938022,0.0,0.0,0.0,0.0,,0.0,0.0,,0.0,0.0,0.0
cool_reprocessed,100,180.0,2.0102767817228493,0.0,0.0,0.0,0.0,,0.0,0.0,,0.0,0.0,0.0
cool_reprocessed,100,190.0,2.121958825151897,0.0,0.0,0.0,0.0,,0.0,0.0,,0.0,0.0,0.0
cool_reprocessed,100,200.0,2.233640868580944,0.0,0.0,0.0,0.0,,0.0,0.0,,0.0,0.0,0.0
cool_reprocessed,100,210.0,2.345322912009991,0.0,0.0,0.0,0.0,,0.0,0.0,,0.0,0.0,0.0
cool_reprocessed,100,220.0,2.4570049554390385,0.0,0.0,0.0,0.0,,0.0,0.0,,0.0,0.0,0.0
cool_reprocessed,100,230.0,2.5686869988680856,0.0,0.0,0.0,0.0,,0.0,0.0,,0.0,0.0,0.0
cool_reprocessed,100,240.0,2.6803690422971327,0.0,0.0,0.0,0.0,,0.0,0.0,,0.0,0.0,0.0
cool_reprocessed,100,250.0,2.7920510857261798,0.0,0.0,0.0,0.0,,0.0,0.0,,0.0,0.0,0.0
cool_reprocessed,100,260.0,2.903733129155227,0.0,0.0,0.0,0.0,,0.0,0.0,,0.0,0.0,0.0
cool_reprocessed,100,270.0,3.0154151725842744,0.0,0.0,0.0,0.0,,0.0,0.0,,0.0,0.0,0.0
cool_reprocessed,100,280.0,3.1270972160133215,0.0,0.0,0.0,0.0,,0.0,0.0,,0.0,0.0,0.0
cool_reprocessed,100,290.0,3.2387792594423686,0.0,0.0,0.0,0.0,,0.0,0.0,,0.0,0.0,0.0
cool_reprocessed,100,300.0,3.350461302871416,0.0,0.0,0.0,0.0,,0.0,0.0,,0.0,0.0,0.0
cool_reprocessed,100,310.0,3.462143346300463,0.0,0.0,0.0,0.0,,0.0,0.0,,0.0,0.0,0.0
cool_reprocessed,100,320.0,3.5738253897295102,0.0,0.0,0.0,0.0,,0.0,0.0,,0.0,0.0,0.0
cool_reprocessed,100,330.0,3.6855074331585573,0.0,0.0,0.0,0.0,,0.0,0.0,,0.0,0.0,0.0
cool_reprocessed,100,340.0,3.7971894765876044,0.0,0.0,0.0,0.0,,0.0,0.0,,0.0,0.0,0.0
cool_reprocessed,100,350.0,3.908871520016652,0.0,0.0,0.0,0.0,,0.0,0.0,,0.0,0.0,0.0
cool_reprocessed,100,360.0,4.020553563445699,0.0,0.0,0.0,0.0,,0.0,0.0,,0.0,0.0,0.0
cool_reprocessed,100,370.0,4.132235606874747,0.0,0.0,0.0,0.0,,0.0,0.0,,0.0,0.0,0.0
cool_reprocessed,100,380.0,4.243917650303794,0.0,0.0,0.0,0.0,,0.0,0.0,,0.0,0.0,0.0
cool_reprocessed,100,390.0,4.355599693732841,0.0,0.0,0.0,0.0,,0.0,0.0,,0.0,0.0,0.0
cool_reprocessed,100,400.0,4.467281737161888,0.0,0.0,0.0,0.0,,0.0,0.0,,0.0,0.0,0.0
cool_reprocessed,100,410.0,4.578963780590935,0.0,0.0,0.0,0.0,,0.0,0.0,,0.0,0.0,0.0
cool_reprocessed,100,420.0,4.690645824019982,0.0,0.0,0.0,0.0,,0.0,0.0,,0.0,0.0,0.0
cool_reprocessed,100,430.0,4.802327867449029,0.0,0.0,0.0,0.0,,0.0,0.0,,0.0,0.0,0.0
cool_reprocessed,100,440.0,4.914009910878077,0.0,0.0,0.0,0.0,,0.0,0.0,,0.0,0.0,0.0
cool_reprocessed,100,450.0,5.025691954307124,0.0,0.0,0.0,0.0,,0.0,0.0,,0.0,0.0,0.0
cool_reprocessed,100,460.0,5.137373997736171,0.0,0.0,0.0,0.0,,0.0,0.0,,0.0,0.0,0.0
cool_reprocessed,100,470.0,5.249056041165218,0.0,0.0,0.0,0.0,,0.0,0.0,,0.0,0.0,0.0
cool_reprocessed,100,480.0,5.360738084594265,0.0,0.0,0.0,0.0,,0.0,0.0,,0.0,0.0,0.0
cool_reprocessed,100,490.0,5.4724201280233125,0.0,0.0,0.0,0.0,,0.0,0.0,,0.0,0.0,0.0
cool_reprocessed,100,500.0,5.5841021714523595,0.0,0.0,0.0,0.0,,0.0,0.0,,0.0,0.0,0.0
cool_reprocessed,100,504.062,5.629467417493239,0.0,0.0,0.0,0.0,,0.0,0.0,,0.0,0.0,0.0
cool_reprocessed,100,512.0,5.718120623567216,0.0,0.0,0.0,0.0,,0.0,0.0,,0.0,0.0,0.0
cool_reprocessed,100,514.0,5.740457032253026,0.0,0.0,0.0,0.0,,0.0,0.0,,0.0,0.0,0.0
cool_reprocessed,100,516.0,5.762793440938835,0.0,0.0,0.0,0.0,,0.0,0.0,,0.0,0.0,0.0
cool_reprocessed,100,518.0,5.785129849624645,0.0,0.0,0.0,0.0,,0.0,0.0,,0.0,0.0,0.0
cool_reprocessed,100,520.0,5.807466258310454,0.0,0.0,0.0,0.0,,0.0,0.0,,0.0,0.0,0.0
cool_reprocessed,100,522.0,5.8298026669962635,0.0,0.0,0.0,0.0,,0.0,0.0,,0.0,0.0,0.0
cool_reprocessed,100,524.0,5.852139075682073,0.0,0.0,0.0,0.0,,0.0,0.0,,0.0,0.0,0.0
cool_reprocessed,100,526.0,5.874475484367882,0.0,0.0,0.0,0.0,,0.0,0.0,,0.0,0.0,0.0
cool_reprocessed,100,528.0,5.896811893053692,0.0,0.0,0.0,0.0,,0.0,0.0,,0.0,0.0,0.0
cool_reprocessed,100,530.0,5.919148301739502,0.0,0.0,0.0,0.0,,0.0,0.0,,0.0,0.0,0.0
cool_reprocessed,100,540.0,6.030830345168549,0.0,0.0,0.0,0.0,,0.0,0.0,,0.0,0.0,0.0
cool_reprocessed,100,550.0,6.142512388597596,0.0,0.0,0.0,0.0,,0.0,0.0,,0.0,0.0,0.0
cool_reprocessed,100,560.0,6.254194432026643,0.0,0.0,0.0,0.0,,0.0,0.0,,0.0,0.0,0.0
cool_reprocessed,100,570.0,6.36587647545569,0.0,0.0,0.0,0.0,,0.0,0.0,,0.0,0.0,0.0
cool_reprocessed,100,580.0,6.477558518884737,0.0,0.0,0.0,0.0,,0.0,0.0,,0.0,0.0,0.0
cool_reprocessed,100,590.0,6.589240562313784,0.0,0.0,0.0,0.0,,0.0,0.0,,0.0,0.0,0.0
cool_reprocessed,100,600.0,6.700922605742832,0.0,0.0,0.0,0.0,,0.0,0.0,,0.0,0.0,0.0
cool_reprocessed,100,610.0,6.812604649171879,0.0,0.0,0.0,0.0,,0.0,0.0,,0.0,0.0,0.0
cool_reprocessed,100,620.0,6.924286692600926,0.0,0.0,0.0,0.0,,0.0,0.0,,0.0,0.0,0.0
cool_reprocessed,100,630.0,7.035968736029973,0.0,0.0,0.0,0.0,,0.0,0.0,,0.0,0.0,0.0
cool_reprocessed,100,640.0,7.1476507794590205,0.0,0.0,0.0,0.0,,0.0,0.0,,0.0,0.0,0.0
cool_reprocessed,100,650.0,7.259332822888068,0.0,0.0,0.0,0.0,,0.0,0.0,,0.0,0.0,0.0
cool_reprocessed,100,660.0,7.371014866317115,0.0,0.0,0.0,0.0,,0.0,0.0,,0.0,0.0,0.0
cool_reprocessed,100,670.0,7.482696909746162,0.0,0.0,0.0,0.0,,0.0,0.0,,0.0,0.0,0.0
cool_reprocessed,100,680.0,7.594378953175209,0.0,0.0,0.0,0.0,,0.0,0.0,,0.0,0.0,0.0
cool_reprocessed,100,690.0,7.706060996604257,0.0,0.0,0.0,0.0,,0.0,0.0,,0.0,0.0,0.0
cool_reprocessed,100,700.0,7.817743040033304,0.0,0.0,0.0,0.0,,0.0,0.0,,0.0,0.0,0.0
cool_reprocessed,100,710.0,7.929425083462351,0.0,0.0,0.0,0.0,,0.0,0.0,,0.0,0.0,0.0
cool_reprocessed,100,720.0,8.041107126891397,0.0,0.0,0.0,0.0,,0.0,0.0,,0.0,0.0,0.0
cool_reprocessed,100,730.0,8.152789170320446,0.0,0.0,0.0,0.0,,0.0,0.0,,0.0,0.0,0.0
cool_reprocessed,100,740.0,8.264471213749493,0.0,0.0,0.0,0.0,,0.0,0.0,,0.0,0.0,0.0
cool_reprocessed,100,750.0,8.37615325717854,0.0,0.0,0.0,0.0,,0.0,0.0,,0.0,0.0,0.0
cool_reprocessed,100,760.0,8.487835300607587,0.0,0.0,0.0,0.0,,0.0,0.0,,0.0,0.0,0.0
cool_reprocessed,100,770.0,8.599517344036634,0.0,0.0,0.0,0.0,,0.0,0.0,,0.0,0.0,0.0
cool_reprocessed,100,780.0,8.711199387465681,0.0,0.0,0.0,0.0,,0.0,0.0,,0.0,0.0,0.0
cool_reprocessed,100,790.0,8.822881430894729,0.0,0.0,0.0,0.0,,0.0,0.0,,0.0,0.0,0.0
cool_reprocessed,100,800.0,8.934563474323776,0.0,0.0,0.0,0.0,,0.0,0.0,,0.0,0.0,0.0
cool_reprocessed,100,810.0,9.046245517752823,0.0,0.0,0.0,0.0,,0.0,0.0,,0.0,0.0,0.0
cool_reprocessed,100,820.0,9.15792756118187,0.0,0.0,0.0,0.0,,0.0,0.0,,0.0,0.0,0.0
cool_reprocessed,100,830.0,9.269609604610917,0.0,0.0,0.0,0.0,,0.0,0.0,,0.0,0.0,0.0
cool_reprocessed,100,840.0,9.381291648039964,0.0,0.0,0.0,0.0,,0.0,0.0,,0.0,0.0,0.0
cool_reprocessed,100,850.0,9.492973691469011,0.0,0.0,0.0,0.0,,0.0,0.0,,0.0,0.0,0.0
cool_reprocessed,100,860.0,9.604655734898058,0.0,0.0,0.0,0.0,,0.0,0.0,,0.0,0.0,0.0
cool_reprocessed,100,870.0,9.716337778327105,0.0,0.0,0.0,0.0,,0.0,0.0,,0.0,0.0,0.0
cool_reprocessed,100,880.0,9.828019821756154,0.0,0.0,0.0,0.0,,0.0,0.0,,0.0,0.0,0.0
cool_reprocessed,100,890.0,9.939701865185201,0.0,0.0,0.0,0.0,,0.0,0.0,,0.0,0.0,0.0
cool_reprocessed,100,900.0,10.051383908614248,0.0,0.0,0.0,0.0,,0.0,0.0,,0.0,0.0,0.0
cool_reprocessed,100,910.0,10.163065952043295,0.0,0.0,0.0,0.0,,0.0,0.0,,0.0,0.0,0.0
cool_reprocessed,100,920.0,10.274747995472342,0.0,0.0,0.0,0.0,,0.0,0.0,,0.0,0.0,0.0
cool_reprocessed,100,930.0,10.38643003890139,0.0,0.0,0.0,0.0,,0.0,0.0,,0.0,0.0,0.0
cool_reprocessed,100,940.0,10.498112082330437,0.0,0.0,0.0,0.0,,0.0,0.0,,0.0,0.0,0.0
cool_reprocessed,100,950.0,10.609794125759484,0.0,0.0,0.0,0.0,,0.0,0.0,,0.0,0.0,0.0
cool_reprocessed,100,960.0,10.72147616918853,0.0,0.0,0.0,0.0,,0.0,0.0,,0.0,0.0,0.0
cool_reprocessed,100,970.0,10.833158212617578,8.838153384972619e-07,8.838153384972619e-07,5.5318700150890144e-17,1.1042149085771504e-18,31.696380020761886,7.611109878073527e-07,3.5040486697659015e-18,31.74978557589339,7.245790444381305e-07,1.6933748314011647e-18,1.8496833189992972e-35
cool_reprocessed,100,980.0,10.944840256046625,2.7459456207310175e-06,2.7459456207310175e-06,1.7187090538861438e-16,3.4307099690177205e-18,30.465554025684476,2.3647127322019585e-06,1.0886807096980288e-17,30.51895958081598,2.2512108211782453e-06,5.261184095818405e-18,5.746822428066595e-35
cool_reprocessed,100,990.0,11.056522299475672,5.493657696178321e-06,5.493657696178321e-06,3.438523745732209e-16,6.863626898639186e-18,29.712629868018347,4.730946673683126e-06,2.1780617628987318e-17,29.76603542314985,4.503869836356548e-06,1.0525752688179328e-17,1.149734176167461e-34
cool_reprocessed,100,1000.0,11.168204342904719,9.042906526327692e-06,9.042906526327692e-06,5.660026623581833e-16,1.1297962106222922e-17,29.17151375254972,7.787436152223045e-06,3.585226823317245e-17,29.224919307681212,7.413653378012915e-06,1.7326051775061028e-17,1.892534857502932e-34
cool_reprocessed,100,1010.0,11.279886386333766,1.3532171734466205e-05,1.3532171734466205e-05,8.469893177483095e-16,1.690672827655411e-17,28.733865105029132,1.16534349963991e-05,5.365078687797286e-17,28.787270660160637,1.1094091307810651e-05,2.5927405908462078e-17,2.832065844165418e-34
cool_reprocessed,100,1020.0,11.391568429762813,1.8961217486896656e-05,1.8961217486896656e-05,1.1867975797262094e-15,2.3689630765408944e-17,28.367618307670362,1.6328740114444927e-05,7.517523855726568e-17,28.421023862801867,1.5544990282018865e-05,3.6329363235116466e-17,3.968277779956088e-34
cool_reprocessed,100,1030.0,11.50325047319186,2.5186647614925634e-05,2.5186647614925634e-05,1.5764521688265767e-15,3.1467514289543155e-17,28.05935794174743,2.1689863720113675e-05,9.985710275293679e-17,28.112763496878934,2.0648789703573665e-05,4.82571791874569e-17,5.271160153664352e-34
cool_reprocessed,100,1040.0,11.614932516620907,3.223623987835624e-05,3.223623987835624e-05,2.017691716976782e-15,4.027508362852485e-17,27.791422909768464,2.776072705269812e-05,1.2780650950917914e-16,27.844828464899955,2.6428262635781445e-05,6.176407547060026e-17,6.7465264035401434e-34
cool_reprocessed,100,1048.56,11.710532345796173,3.8886194564972986e-05,3.8886194564972986e-05,2.4339176335256363e-15,4.858335662004123e-17,27.587795244770028,3.3487436422792056e-05,1.5417147949630632e-16,27.641200799901533,3.188010036987002e-05,7.450527310066369e-17,8.138254937789192e-34
cool_reprocessed,100,1060.0,11.838296603479003,4.895790531718199e-05,4.895790531718199e-05,3.0643139650209312e-15,6.116667881761184e-17,27.33772678660184,4.216084294293414e-05,1.9410263154391726e-16,27.391132341733346,4.0137199149238454e-05,9.380249589602941e-17,1.0246101968801608e-33
cool_reprocessed,100,1070.0,11.94997864690805,5.869567153502247e-05,5.869567153502247e-05,3.6738084443316154e-15,7.3332779772887e-17,27.14076866746803,5.0546668060768516e-05,2.3270979898698484e-16,27.194174222599536,4.812051991065633e-05,1.1245988676615929e-16,1.2284059781129187e-33
cool_reprocessed,100,1080.0,12.061660690337098,6.921301915088055e-05,6.921301915088055e-05,4.332097539125522e-15,8.647286857906789e-17,26.961814371610863,5.960384152715077e-05,2.7440776044743448e-16,27.01521992674237,5.6742965520708056e-05,1.3261094204889842e-16,1.4485171438485877e-33
cool_reprocessed,100,1090.0,12.173342733766145,8.052269222768965e-05,8.052269222768965e-05,5.039978910368024e-15,1.0060286732267411e-16,26.797488139713913,6.934333808522624e-05,3.192470421096671e-16,26.850893694845418,6.601498395482508e-05,1.542800791473866e-16,1.6852104068222542e-33
cool_reprocessed,100,1100.0,12.285024777195192,9.271144772711748e-05,9.271144772711748e-05,5.80288274481811e-15,1.158311677981491e-16,26.64445044976039,7.983986980879348e-05,3.6757160792506817e-16,26.697856004891896,7.60077012431241e-05,1.7763352289269175e-16,1.9403014506706913e-33
cool_reprocessed,100,1110.0,12.396706820624239,0.00010574750087611733,0.00010574750087611733,6.6188196084244024e-15,1.3211805897227681e-16,26.501608575510993,9.10660647583114e-05,4.192554413075231e-16,26.555014130642498,8.669505924938736e-05,2.0261037421194798e-16,2.21312507122803e-33
cool_reprocessed,100,1120.0,12.508388864053286,0.00011957909155759746,0.00011957909155759746,7.484549794573481e-15,1.4939887315886432e-16,26.36814573239473,0.0001029773489236528,4.740933297408624e-16,26.42155128752622,9.803462343491802e-05,2.2911146162019046e-16,2.5025980125130284e-33
cool_reprocessed,100,1130.0,12.620070907482333,0.00013415231721201052,0.00013415231721201052,8.39669949948634e-15,1.6760626596223302e-16,26.243288410202517,0.00011552730329786528,5.318715666012568e-16,26.296693965334022,0.00010998220282068649,2.570335087499363e-16,2.8075921806705206e-33
cool_reprocessed,100,1140.0,12.73175295091138,0.00014942757026281507,0.00014942757026281507,9.352789653661735e-15,1.8669075275069038e-16,26.12620701992126,0.00012868181921549227,5.92433120357517e-16,26.179612575052765,0.00012250532589515314,2.8630062817275273e-16,3.1272786528424876e-33
cool_reprocessed,100,1150.0,12.843434994340427,0.0001655398578263373,0.0001655398578263373,1.0361270459150906e-14,2.0682100775302375e-16,26.01502741212351,0.00014255716010305768,6.563132515847492e-16,26.068432967255,0.0001357146756517884,3.1717149117763943e-16,3.464482910779897e-33
cool_reprocessed,100,1160.0,12.955117037769474,0.0001823473880154334,0.0001823473880154334,1.1413267049737935e-14,2.278198800318374e-16,25.910034989889162,0.00015703121972571093,7.229498002344814e-16,25.963440545020667,0.00014949400673296988,3.4937442697260215e-16,3.816237478393621e-33
cool_reprocessed,100,1170.0,13.066799081198521,0.00019983068743651612,0.00019983068743651612,1.2507560570336417e-14,2.4966304005743996e-16,25.8106284008148,0.00017208722827511812,7.922655604516863e-16,25.864033955946304,0.00016382735425066872,3.828721248738972e-16,4.1821348088838524e-33
cool_reprocessed,100,1180.0,13.178481124627568,0.00021798769080925577,0.00021798769080925577,1.3644021753419173e-14,2.723479075246126e-16,25.71620392971939,0.00018772340720378934,8.642523440521617e-16,25.769609484850896,0.00017871302502444012,4.176606278402989e-16,4.5621316792558244e-33
cool_reprocessed,100,1190.0,13.290163168056615,0.00023683108544659257,0.00023683108544659257,1.482344470792468e-14,2.9589033361797294e-16,25.626187093175353,0.0002039506823837523,9.3896045222451e-16,25.67959264830686,0.00019416142050432286,4.537642445429464e-16,4.956493614558565e-33
cool_reprocessed,100,1200.0,13.401845211485664,0.00025633935828797813,0.00025633935828797813,1.6044482914400326e-14,3.2026344050325857e-16,25.54024562484323,0.00022075052751652414,1.0163045924784179e-15,25.593651179974735,0.00021015490362047187,4.911417563316395e-16,5.364770381044098e-33
cool_reprocessed,100,1210.0,13.513527254914711,0.000276574526713787,0.000276574526713787,1.731101808967048e-14,3.455447110131582e-16,25.45775341209623,0.00023817634981012902,1.096530644139281e-15,25.511158967227736,0.00022674431813204477,5.29911987429563e-16,5.788259902712723e-33
cool_reprocessed,100,1220.0,13.625209298343758,0.00029744782788199814,0.00029744782788199814,1.8617494497340425e-14,3.716232472607287e-16,25.37875685222439,0.00025615170979646947,1.1792866905736572e-15,25.432162407355897,0.00024385689352641107,5.699048697737461e-16,6.225104516078849e-33
cool_reprocessed,100,1230.0,13.736891341772806,0.0003189284222111862,0.0003189284222111862,1.9961981863648956e-14,3.9846051910952535e-16,25.30305079591667,0.0002746500495021092,1.2644504625816779e-15,25.356456351048173,0.00026146734656456506,6.110613152620458e-16,6.674658798316655e-33
cool_reprocessed,100,1240.0,13.848573385201853,0.000341075806782573,0.000341075806782573,2.1348204157905723e-14,4.261308605988438e-16,25.230156569078865,0.0002937226057412197,1.352257847298618e-15,25.28356212421037,0.00027962445478676973,6.534953192682627e-16,7.138167927619726e-33
cool_reprocessed,100,1250.0,13.9602554286309,0.0003638458764249628,0.0003638458764249628,2.2773400802607482e-14,4.545791679242373e-16,25.159990213560455,0.0003133313966764714,1.4425339816510205e-15,25.21339576869196,0.00029829205941481906,6.971223770507568e-16,7.614708853709472e-33
cool_reprocessed,100,1260.0,14.071937472059947,0.00038722390661324,0.00038722390661324,2.4236650178096532e-14,4.8378704466346e-16,25.092378451440972,0.0003334637420596635,1.535220487547448e-15,25.145784006572477,0.00031745808882936754,7.419142766752594e-16,8.103973415963414e-33
cool_reprocessed,100,1270.0,14.183619515488994,0.0004112251776579123,0.0004112251776579123,2.5738908691077277e-14,5.137735816219497e-16,25.027084614549132,0.0003541328007620195,1.6303779465928769e-15,25.080490169680637,0.0003371350702997487,7.879002949511932e-16,8.606281406698163e-33
cool_reprocessed,100,1280.0,14.295301558918041,0.00043580506529941203,0.00043580506529941203,2.7277383273895245e-14,5.44483026460329e-16,24.964053172593815,0.0003753001439253828,1.7278294376924052e-15,25.01745872772532,0.00035728641948311617,8.349949325726166e-16,9.120698911950591e-33
cool_reprocessed,100,1290.0,14.406983602347088,0.0004610169633622622,0.0004610169633622622,2.885541588820242e-14,5.759820879745379e-16,24.90299159235274,0.0003970117524518212,1.8277866504961713e-15,24.956397147484232,0.00037795591028185285,8.833004911795455e-16,9.648343378570234e-33
cool_reprocessed,100,1300.0,14.518665645776135,0.00048683470939381166,0.00048683470939381166,3.047136900542199e-14,6.08238079505945e-16,24.843830021436098,0.00041924509614830286,1.930145859142656e-15,24.897235576567603,0.00039912209391122246,9.327668439672988e-16,1.018866726851215e-32
cool_reprocessed,100,1310.0,14.630347689205182,0.0005132129660219073,0.0005132129660219073,3.212240492361948e-14,6.411943577716537e-16,24.786539806711538,0.00044196113204894924,2.034727315270789e-15,24.83994536184303,0.00042074780139671046,9.833071253186124e-16,1.0740721743514026e-32
cool_reprocessed,100,1320.0,14.74202973263423,0.0005401753657664005,0.0005401753657664005,3.3810002820879415e-14,6.748804486008845e-16,24.73094692010755,0.00046518021165677787,2.1416247143576012e-15,24.784352475239054,0.0004428524074061979,1.0349666147308834e-15,1.1305001394197353e-32
cool_reprocessed,100,1330.0,14.853711776063276,0.000567689785271416,0.000567689785271416,3.553215207098373e-14,7.092562179442201e-16,24.6770061572578,0.0004888746714565079,2.250710697443002e-15,24.730411712389305,0.00046540957622283265,1.0876837644124294e-15,1.1880833930402353e-32
cool_reprocessed,100,1340.0,14.965393819492324,0.000595742024194442,0.000595742024194442,3.7287963863277965e-14,7.443039242789408e-16,24.624638265011477,0.0005130322826077411,2.3619289646540205e-15,24.67804382014298,0.0004884076659683179,1.1414313667537433e-15,1.2467922161805174e-32
cool_reprocessed,100,1350.0,15.07707586292137,0.0006243579886991944,0.0006243579886991944,3.9079059685012013e-14,7.800559340632334e-16,24.573699674513385,0.0005376753545964036,2.475382225747493e-15,24.62710522964489,0.0005118679153138242,1.196259057514359e-15,1.306680826273564e-32
cool_reprocessed,100,1360.0,15.188757906350418,0.000653515391377352,0.000653515391377352,4.0904044549694534e-14,8.164844020137347e-16,24.524144305807177,0.0005627846942826802,2.5909821181887617e-15,24.57754986093868,0.0005357720523553458,1.252124134407199e-15,1.367702579359263e-32
cool_reprocessed,100,1370.0,15.300439949779467,0.0006832173740418344,0.0006832173740418344,4.276311510587784e-14,8.53593253426278e-16,24.47588660225258,0.0005883630072864335,2.708741098273731e-15,24.529292157384084,0.0005601226528479115,1.3090326170912253e-15,1.429864050746614e-32
cool_reprocessed,100,1380.0,15.412121993208514,0.0007133942109631098,0.0007133942109631098,4.465190716507507e-14,8.912953748658427e-16,24.428959904766607,0.0006143502482378128,2.8283827255072292e-15,24.482365459898112,0.0005848625534902341,1.3668509122802077e-15,1.493019315700887e-32
cool_reprocessed,100,1390.0,15.52380403663756,0.000744175015217953,0.000744175015217953,4.657850201674633e-14,9.297520767080886e-16,24.383096144260954,0.0006408576048217595,2.9504188924591363e-15,24.43650169939246,0.0006100976051605674,1.4258263983857805e-15,1.5574385871206062e-32
cool_reprocessed,100,1400.0,15.635486080066608,0.0007754138288604135,0.0007754138288604135,4.8533764037764274e-14,9.6878100305476e-16,24.33845000174562,0.0006677593831386751,3.074270921973634e-15,24.391855556877125,0.0006357081470379247,1.4856794225196653e-15,1.6228163985059945e-32
cool_reprocessed,100,1410.0,15.747168123495655,0.0008071687299422555,0.0008071687299422555,5.0521328379263917e-14,1.0084547150482426e-15,24.29487303479062,0.000695105597983984,3.2001690751823896e-15,24.348278589922124,0.0006617417932985001,1.5465212612198786e-15,1.6892742978760423e-32
cool_reprocessed,100,1420.0,15.858850166924702,0.0008394034682179201,0.0008394034682179201,5.2538926109742126e-14,1.0487279226150985e-15,24.252356958593175,0.0007228650319087421,3.3279696313111673e-15,24.30576251372468,0.0006881688248741312,1.6082824596458134e-15,1.7567364192985815e-32
cool_reprocessed,100,1430.0,15.970532210353749,0.0008721106947565449,0.0008721106947565449,5.4586097253811414e-14,1.0895914442004638e-15,24.21085482602954,0.0007510313562696409,3.457643454170212e-15,24.264260381161044,0.00071498321688488,1.6709489373736324e-15,1.8251873826435823e-32
cool_reprocessed,100,1440.0,16.082214253782794,0.0009052776412959161,0.0009052776412959161,5.6662042635854315e-14,1.1310293274838941e-15,24.170329371241614,0.0007795935754839578,3.589139921632618e-15,24.22373492637312,0.0007421745015159994,1.7344962306347948e-15,1.8946004659923347e-32
cool_reprocessed,100,1450.0,16.193896297211843,0.0009389270037426388,0.0009389270037426388,5.876818281059246e-14,1.1730699281154278e-15,24.13070428269308,0.0008085712344760032,3.722549015799718e-15,24.184109837824586,0.0007697612855709743,1.7989678243919927e-15,1.965023168226142e-32
cool_reprocessed,100,1460.0,16.305578340640892,0.0009730046758275187,0.0009730046758275187,6.090113122389912e-14,1.2156456471900798e-15,24.09199653854953,0.0008379177388111713,3.8576562224032746e-15,24.145402093681035,0.0007976992110633307,1.8642600519735987e-15,2.0363422536279683e-32
cool_reprocessed,100,1470.0,16.417260384069937,0.001007571061234507,0.001007571061234507,6.30646685900649e-14,1.2588319514320017e-15,24.05409464305621,0.0008676851060383287,3.9947010229720396e-15,24.107500198187715,0.0008260377987941808,1.9304886457884907e-15,2.1086841373908342e-32
cool_reprocessed,100,1480.0,16.528942427498986,0.0010425475852139825,0.0010425475852139825,6.525387685344585e-14,1.3025306716805222e-15,24.017044140071526,0.00089780567031972,4.133371893441093e-15,24.070449695203017,0.0008547126307629342,1.997503057981708e-15,2.1818843752045563e-32
cool_reprocessed,100,1490.0,16.64062447092803,0.0010779741540568569,0.0010779741540568569,6.747125378031157e-14,1.346791665772964e-15,23.980762986408358,0.0009283137975632129,4.273827049649755e-15,24.034168541539863,0.000883756423376374,2.065379748313226e-15,2.2560264845160574e-32
cool_reprocessed,100,1500.0,16.75230651435708,0.0011138747986330307,0.0011138747986330307,6.97183034817908e-14,1.3916449572262932e-15,23.945192911388155,0.0009592301823170141,4.416161766407186e-15,23.99859846651966,0.0009131888778820248,2.134164759512214e-15,2.331160758070054e-32
cool_reprocessed,100,1510.0,16.863988557786126,0.0011501912638896856,0.0011501912638896856,7.199137972811274e-14,1.437017763757809e-15,23.910358695163744,0.0009905046573585553,4.560145080828443e-15,23.96376425029525,0.0009429622349927749,2.2037464759097107e-15,2.4071652774128239e-32
cool_reprocessed,100,1520.0,16.975670601215175,0.0011868733060687135,0.0011868733060687135,7.42873377227705e-14,1.4828473121790982e-15,23.876272951180418,0.0010220939545132544,4.705577792281796e-15,23.929678506311923,0.000973035303327741,2.274028631338216e-15,2.483934890441651e-32
cool_reprocessed,100,1530.0,17.08735264464422,0.0012239561092319085,0.0012239561092319085,7.660837966398324e-14,1.5291775605025255e-15,23.842869245812075,0.0010540283730697303,4.852599394459598e-15,23.89627480094358,0.001003436927864786,2.3450786378487705e-15,2.561543231737607e-32
cool_reprocessed,100,1540.0,17.19903468807327,0.0012613108021848867,0.0012613108021848867,7.894643940190072e-14,1.5758475005537277e-15,23.81022856890977,0.0010861969336437326,5.000698953779254e-15,23.863634124041276,0.0010340614560282928,2.4166495804721968e-15,2.6397205946230986e-32
cool_reprocessed,100,1550.0,17.310716731502314,0.0012989795799181062,0.0012989795799181062,8.130415795430504e-14,1.6229098496091561e-15,23.778278046857174,0.0011186359730914678,5.1500437600509136e-15,23.83168360198868,0.0010649434805714468,2.4888223040770336e-15,2.718555286425004e-32
cool_reprocessed,100,1560.0,17.422398774931363,0.0013368455829394828,0.0013368455829394828,8.367422099328083e-14,1.6702186065894595e-15,23.747080743187375,0.0011512448560883604,5.300170502297781e-15,23.80048629831888,0.0010959871964822511,2.561372907906997e-15,2.7978027390262513e-32
cool_reprocessed,100,1561.62,17.440491265966866,0.0013429682315051626,0.0013429682315051626,8.405744240320793e-14,1.6778680776177597e-15,23.74211950838238,0.001156517467792232,5.3244448700616314e-15,23.79552506351387,0.0011010067324123403,2.573103796171807e-15,2.8106164574884003e-32
cool_reprocessed,100,1580.0,17.645762861789457,0.001414038428081793,0.001414038428081793,8.850578214437164e-14,1.7666612532927336e-15,23.686130826644607,0.0012177206458362723,5.606215752424649e-15,23.739536381776112,0.0011592722692054477,2.70927305789816e-15,2.9593549454505e-32
cool_reprocessed,100,1590.0,17.757444905218502,0.0014529764752305083,0.0014529764752305083,9.094294527207141e-14,1.815309393124293e-15,23.656637399787122,0.001251252735898251,5.76059281103819e-15,23.710042954918627,0.0011911948799210237,2.7838776796482846e-15,3.0408460139443404e-32
cool_reprocessed,100,1600.0,17.86912694864755,0.0014923137070613373,0.0014923137070613373,9.34050936843355e-14,1.8644562634689644e-15,23.627633536683156,0.0012851285899055773,5.916552510836404e-15,23.68103909181466,0.00122344475453769,2.859247132313113e-15,3.1231725117587006e-32
cool_reprocessed,100,1610.0,17.9808089920766,0.0015320492678186455,0.0015320492678186455,9.58921738187428e-14,1.914100795168873e-15,23.599102027763927,0.0013193474709113039,6.074091459018483e-15,23.652507582895446,0.0012560211914806124,2.935379776279719e-15,3.206332647934707e-32
cool_reprocessed,100,1620.0,18.092491035505645,0.0015722143090311463,0.0015722143090311463,9.840613547408169e-14,1.964281908098943e-15,23.57100449540544,0.0013539362055270071,6.2333331615567705e-15,23.624410050536945,0.0012889497297327943,3.0123352973358294e-15,3.2903916176104327e-32
cool_reprocessed,100,1630.0,18.204173078934694,0.0016128039606300066,0.0016128039606300066,1.0094667382889709e-13,2.014993517727285e-15,23.543329903593467,0.0013888905998190228,6.394258310166519e-15,23.59673545872497,0.0013222263766617612,3.0901043645141822e-15,3.375339228515284e-32
cool_reprocessed,100,1640.0,18.31585512236374,0.001653814230801598,0.001653814230801598,1.0351353903242093e-13,2.0662306367902377e-15,23.516067045190844,0.001424207216176483,6.5568510785674844e-15,23.56947260032235,0.0013558478596557152,3.168679329569227e-15,3.4611671264255243e-32
cool_reprocessed,100,1650.0,18.42753716579279,0.0016952373677582646,0.0016952373677582646,1.0610624589414077e-13,2.1179835804145873e-15,23.489207564624202,0.0014598793790298384,6.72108073336996e-15,23.542613119755707,0.0013898078235603064,3.24804534021051e-15,3.5478590880966633e-32
cool_reprocessed,100,1660.0,18.539219209221834,0.0017370778880973874,0.0017370778880973874,1.0872507711145429e-13,2.1702579915145797e-15,23.46273562672443,0.0014959109779154487,6.886965181456023e-15,23.516141181855936,0.0014241099712212226,3.328211050160132e-15,3.635424566040409e-32
cool_reprocessed,100,1670.0,18.650901252650883,0.001779304484391946,0.001779304484391946,1.1136807312777498e-13,2.2230147554401754e-15,23.436658173524513,0.0015322750519675462,7.05438029876579e-15,23.49006372865602,0.001458728635845225,3.4091164749319212e-15,3.7237980388486144e-32
cool_reprocessed,100,1680.0,18.762583296079928,0.001821873028434226,0.001821873028434226,1.1403247192372566e-13,2.2761987396057254e-15,23.41098859064447,0.001568933599510553,7.223151130893281e-15,23.46439414577599,0.0014936276397680603,3.4906770656466663e-15,3.8128871532816926e-32
cool_reprocessed,100,1690.0,18.874265339508977,0.0018647734045479682,0.0018647734045479682,1.1671764035113903e-13,2.3297973057597206e-15,23.385718690207362,0.0016058779092763857,7.393237572377098e-15,23.439124245338853,0.0015287986898466712,3.5728734408444245e-15,3.9026707388566e-32
cool_reprocessed,100,1700.0,18.985947382938022,0.001907965255416497,0.001907965255416497,1.1942105241368666e-13,2.3837600325654832e-15,23.36085770225923,0.0016430732269494966,7.564479619203223e-15,23.41426325739075,0.0015642086999094575,3.655628276607694e-15,3.9930643342020496e-32
cool_reprocessed,100,1710.0,19.09762942636707,0.0019515112629352577,0.0019515112629352577,1.2214663142071608e-13,2.4381652330828053e-15,23.336356201528226,0.0016805735319951453,7.737125785289423e-15,23.38976175665973,0.0015999090585055047,3.739061670358988e-15,4.08419912244121e-32
cool_reprocessed,100,1720.0,19.209311469796116,0.001995427326891691,0.001995427326891691,1.248953725524822e-13,2.4930327720747993e-15,23.312194068097334,0.0017183925167565137,7.911239108271054e-15,23.36559962322884,0.001635912800770422,3.823204085814768e-15,4.176108379271303e-32
cool_reprocessed,100,1730.0,19.320993513225165,0.0020397641775226484,0.0020397641775226484,1.276704510545808e-13,2.548426030523225e-15,23.288333955783166,0.0017565738683467357,8.087020717514416e-15,23.341739510914685,0.0016722615169153553,3.908152721227355e-15,4.268898274916794e-32
cool_reprocessed,100,1740.0,19.43267555665421,0.002084581853251123,0.002084581853251123,1.3047562477933053e-13,2.6044200188051008e-15,23.264736474756113,0.0017951692897646618,8.264708646403927e-15,23.318142029887618,0.0017090044282892301,3.9940226091719766e-15,4.3626944601382796e-32
cool_reprocessed,100,1750.0,19.54435760008326,0.0021297913112170784,0.0021297913112170784,1.3330532046378794e-13,2.660903489186572e-15,23.241441229453592,0.0018341021004004323,8.443949868123158e-15,23.294846784585097,0.0017460685348120203,4.08064314507601e-15,4.4573105825545426e-32
cool_reprocessed,100,1760.0,19.656039643512308,0.002175500385333026,0.002175500385333026,1.3616628751771372e-13,2.7180111664327094e-15,23.218385945416394,0.00187346516306384,8.625171910076567e-15,23.2717915005479,0.0017835422420475135,4.168220936842108e-15,4.552972321196605e-32
cool_reprocessed,100,1770.0,19.767721686941353,0.002221556312542214,0.002221556312542214,1.3904896438072018e-13,2.775552192524425e-15,23.195640541005268,0.0019131269235308733,8.807769114993362e-15,23.249046096136787,0.0018213003101352275,4.256463293107941e-15,4.64935996756256e-32
cool_reprocessed,100,1780.0,19.879403730370402,0.002268012942654421,0.002268012942654421,1.4195672155493667e-13,2.8335938459532675e-15,23.173170035360336,0.001953133755382222,8.991954980361197e-15,23.226575590491827,0.0018593868868083056,4.345473389173351e-15,4.7465862206411446e-32
cool_reprocessed,100,1790.0,19.991085773799448,0.002314996149203284,0.002314996149203284,1.4489743756425943e-13,2.89229338969758e-15,23.150908174440268,0.001993594056521104,9.178228554984604e-15,23.204313729571773,0.0018979051670677293,4.435492396541613e-15,4.8449145134882596e-32
cool_reprocessed,100,1800.0,20.102767817228496,0.0023624704462676515,0.0023624704462676515,1.4786889131685363e-13,2.9516064886101045e-15,23.128867895964525,0.002034477267708134,9.36644914839421e-15,23.18227345109603,0.001936826058462032,4.526452324804399e-15,4.944270579779757e-32
cool_reprocessed,100,1810.0,20.214449860657542,0.00241046840261217,0.00241046840261217,1.5087312131742425e-13,3.0115738332218967e-15,23.10703024942338,0.0020758114360291155,9.556745885455211e-15,23.160435804554872,0.0019761762618679016,4.618415575148863e-15,5.044722580700523e-32
cool_reprocessed,100,1820.0,20.32613190408659,0.002459042977594976,0.002459042977594976,1.5391344233402892e-13,3.0722615895183772e-15,23.085368558976008,0.0021176421682387947,9.749328733295743e-15,23.138774114107513,0.0020159991949987898,4.711483616784969e-15,5.146381351667254e-32
cool_reprocessed,100,1830.0,20.437813947515636,0.002508072416840218,0.002508072416840218,1.5698223366411084e-13,3.1335176408851995e-15,23.06393367693955,0.0021598646137091755,9.943714974270888e-15,23.117339232071053,0.0020561950398661787,4.805423170444189e-15,5.248992080358623e-32
cool_reprocessed,100,1840.0,20.549495990944685,0.002557498607802323,0.002557498607802323,1.6007585799754028e-13,3.195269383084349e-15,23.04274534186778,0.002202428727939966,1.0139674210491923e-14,23.096150896999283,0.0020967161540147872,4.900122893498967e-15,5.352433146565648e-32
cool_reprocessed,100,1850.0,20.66117803437373,0.002607267237523796,0.002607267237523796,1.631909158434066e-13,3.2574489589800864e-15,23.021819988280903,0.002245287738503796,1.033699110823678e-14,23.075225543412408,0.002137518010008704,4.995478723266487e-15,5.456590882005931e-32
cool_reprocessed,100,1860.0,20.77286007780278,0.002657313027177165,0.002657313027177165,1.6632332134833527e-13,3.31997481097619e-15,23.00117706526961,0.00228838542954799,1.0535406857572426e-14,23.054582620401114,0.0021785470902539574,5.091365586647591e-15,5.561328668595354e-32
cool_reprocessed,100,1870.0,20.884542121231824,0.002707598130318653,0.002707598130318653,1.6947070567351594e-13,3.3827996547524694e-15,22.980823342969593,0.0023316892090332907,1.0734771409302839e-14,23.034228898101098,0.002219772367069907,5.187710970513624e-15,5.666567299815666e-32
cool_reprocessed,100,1880.0,20.996224164660873,0.0027579961365373187,0.0027579961365373187,1.726251566914779e-13,3.4457655565706434e-15,22.960799723120964,0.002375090216716446,1.0934583586074556e-14,23.014205278252454,0.0022610902053070187,5.284272674713729e-15,5.772042219013142e-32
cool_reprocessed,100,1890.0,21.10790620808992,0.0028085950530436776,0.0028085950530436776,1.75792182843043e-13,3.508982470252149e-15,22.941061040394565,0.0024186642413420163,1.1135192308680758e-14,22.99446659552607,0.0023025727559879334,5.38121931953404e-15,5.877937611121163e-32
cool_reprocessed,100,1900.0,21.219588251518967,0.002859326861258499,0.002859326861258499,1.7896752679161023e-13,3.5723654152292415e-15,22.921624346396293,0.002462352707678534,1.1336327904938024e-14,22.975029901527797,0.002344164255385777,5.4784205825586414e-15,5.984111124195939e-32
cool_reprocessed,100,1910.0,21.331270294948013,0.0029100385709665126,0.0029100385709665126,1.821416127587608e-13,3.635723249677143e-15,22.9025369933995,0.0025060238658809846,1.153738381696378e-14,22.955942548531006,0.002385739277408514,5.575583337193431e-15,6.090242574329329e-32
cool_reprocessed,100,1920.0,21.44295233837706,0.0029608882306125972,0.0029608882306125972,1.8532433312150009e-13,3.699253435035489e-15,22.88372882257365,0.0025498138217655516,1.1738986656923387e-14,22.937134377705156,0.002427427395040654,5.673010401512547e-15,6.196662731490298e-32
cool_reprocessed,100,1930.0,21.55463438180611,0.003011791024982994,0.003011791024982994,1.8851037922860455e-13,3.7628500054770005e-15,22.86522176985327,0.00259364953542411,1.1940800159282637e-14,22.918627324984776,0.002469159074156843,5.7705392710401796e-15,6.303194091081164e-32
cool_reprocessed,100,1940.0,21.666316425235156,0.003062719611776786,0.003062719611776786,1.916980397038624e-13,3.826478800272628e-15,22.8470157580496,0.002637507460619391,1.2142715920454274e-14,22.900421313181106,0.0025109118986963823,5.868117558402867e-15,6.409779430064819e-32
cool_reprocessed,100,1950.0,21.777998468664205,0.0031136072714076663,0.0031136072714076663,1.9488313851566578e-13,3.890056461781149e-15,22.829124274734717,0.002681330140767394,1.234446941835155e-14,22.882529829866222,0.002552631169886821,5.9656174300325655e-15,6.51627911508069e-32
cool_reprocessed,100,1960.0,21.88968051209325,0.0031644766239085536,0.0031644766239085536,1.9806709146974232e-13,3.953611250858075e-15,22.811529127110553,0.0027251370554526497,1.254615033426059e-14,22.86493468224206,0.002594335432328056,6.063082225519302e-15,6.622740486218658e-32
cool_reprocessed,100,1970.0,22.0013625555223,0.0032152288548142607,0.0032152288548142607,2.012437136906637e-13,4.017019711391152e-15,22.794254129941613,0.0027688431090992726,1.2747366900036841e-14,22.84765968507312,0.002635943674877101,6.160322618064776e-15,6.728956740699942e-32
cool_reprocessed,100,1980.0,22.113044598951344,0.0032659178870959897,0.0032659178870959897,2.0441638025979052e-13,4.080349213277827e-15,22.77727070343068,0.0028124947382920213,1.2948332903229901e-14,22.83067625856217,0.0026775001052470894,6.257441923144847e-15,6.835040730628368e-32
cool_reprocessed,100,1990.0,22.224726642380393,0.003316477661287067,0.003316477661287067,2.0758095646292414e-13,4.143517223612437e-15,22.760591165852738,0.0028560350549189277,1.3148786438918857e-14,22.813996720984242,0.0027189505658519793,6.3543135719692144e-15,6.940854204167554e-32
cool_reprocessed,100,2000.0,22.336408685809438,0.0033669525058910997,0.0033669525058910997,2.1074021685611985e-13,4.206579125224886e-15,22.74419138107499,0.0028995022331434173,1.3348903255619645e-14,22.797596936206496,0.0027603313985647693,6.45102249718054e-15,7.046489933744168e-32
cool_reprocessed,100,2010.0,22.448090729238487,0.003417246627026066,0.003417246627026066,2.1388816562463555e-13,4.269415235837586e-15,22.7280930480135,0.002942813778610622,1.3548303560845926e-14,22.781498603145003,0.002801564068609613,6.547385159365381e-15,7.151747438174055e-32
cool_reprocessed,100,2020.0,22.559772772667532,0.0034674337884383517,0.0034674337884383517,2.1702941969962258e-13,4.332117713874275e-15,22.712263414655645,0.0029860332140898694,1.374727980455432e-14,22.76566896978715,0.0028427090497784246,6.643542888580098e-15,7.2567810931116e-32
cool_reprocessed,100,2030.0,22.67145481609658,0.0035174027802582315,0.0035174027802582315,2.2015701836749156e-13,4.39454761674052e-15,22.696728600472703,0.0030290647695145937,1.3945391074736281e-14,22.750134155604208,0.002883675168793678,6.739282608646675e-15,7.361358154190439e-32
cool_reprocessed,100,2040.0,22.783136859525627,0.0035672364863647546,0.0035672364863647546,2.2327614939570108e-13,4.456808497306404e-15,22.681454103273545,0.003071979821594734,1.4142965979793902e-14,22.73485965840505,0.0029245303764130312,6.834763123637182e-15,7.465652084035416e-32
cool_reprocessed,100,2050.0,22.894818902954675,0.0036168790665142953,0.0036168790665142953,2.2638331769929517e-13,4.5188305902863265e-15,22.666448886817925,0.0031147302826572965,1.433978313079799e-14,22.719854441949416,0.00296522889308435,6.929877444615113e-15,7.569546017999967e-32
cool_reprocessed,100,2060.0,23.00650094638372,0.0036663466757183264,0.0036663466757183264,2.294795344332025e-13,4.580634079313382e-15,22.651700037315813,0.00315733006483551,1.4535906577266577e-14,22.705105592447318,0.003005783963183765,7.02465652430174e-15,7.673073765924151e-32
cool_reprocessed,100,2070.0,23.11818298981277,0.003715614926917758,0.003715614926917758,2.325632731921317e-13,4.642188495857496e-15,22.637207109492586,0.003199758166843447,1.4731239632212872e-14,22.69061266462409,0.0030461755934488846,7.119053637515595e-15,7.776184289616583e-32
cool_reprocessed,100,2070.44,23.123096999723646,0.003717774613586972,0.003717774613586972,2.3269844968666644e-13,4.644886749795989e-15,22.636576212898,0.003201618013784952,1.4739802107733194e-14,22.689981768029504,0.003047946171119244,7.123191559647132e-15,7.780704166373986e-32
cool_reprocessed,100,2090.0,23.341547076670864,0.0038134930059855296,0.0038134930059855296,2.3868953947361684e-13,4.764474712696966e-15,22.608976471244027,0.0032840473596182883,1.511929530155644e-14,22.662382026375532,0.003126419058246577,7.306586336281687e-15,7.981027362893832e-32
cool_reprocessed,100,2100.0,23.453229120099913,0.0038619897614531476,0.0038619897614531476,2.4172498970529724e-13,4.825065243402188e-15,22.59525606158828,0.003325811076371802,1.5311569619598042e-14,22.648661616719785,0.0031661781925413314,7.399505277078882e-15,8.082523270134549e-32
cool_reprocessed,100,2110.0,23.564911163528958,0.003910224463752755,0.003910224463752755,2.4474403782219945e-13,4.885328371988039e-15,22.58177963557744,0.0033673491220638685,1.5502804979596286e-14,22.635185190708945,0.0032057224875752144,7.491922128559602e-15,8.183470742252626e-32
cool_reprocessed,100,2120.0,23.676593206958007,0.0039581535817327365,0.0039581535817327365,2.477439591751591e-13,4.945209711814561e-15,22.56855225326597,0.003408624009182826,1.569282879428405e-14,22.621957808397475,0.0032450162551689583,7.583753485793745e-15,8.283778675550838e-32
cool_reprocessed,100,2130.0,23.788275250387052,0.004005811804164246,0.004005811804164246,2.5072692496176307e-13,5.004752602091434e-15,22.55555750185102,0.0034496656104902484,1.5881778593682735e-14,22.608963056982525,0.0032840879342458996,7.675065811864094e-15,8.383519668046631e-32
cool_reprocessed,100,2140.0,23.8999572938161,0.004053105979822288,0.004053105979822288,2.536871047732598e-13,5.063840662205066e-15,22.542813957454747,0.003490393707395458,1.6069285062606447e-14,22.596219512586252,0.0033228611565618406,7.765680630642148e-15,8.482498769211861e-32
cool_reprocessed,100,2150.0,24.011639337245146,0.004099994176255431,0.004099994176255431,2.566218740243924e-13,5.1224215028881474e-15,22.530325757207187,0.003530772189131715,1.6255181952129356e-14,22.583731312338692,0.0033613015446011794,7.855517600279585e-15,8.580628221171601e-32
cool_reprocessed,100,2160.0,24.123321380674195,0.004146571618169713,0.004146571618169713,2.595371929047284e-13,5.180614095305228e-15,22.518060929875084,0.0035708830598993506,1.643984679813479e-14,22.57146648500659,0.0033994871665117537,7.944759169658547e-15,8.678107313916236e-32
cool_reprocessed,100,2170.0,24.23500342410324,0.004192745028941876,0.004192745028941876,2.624272231567402e-13,5.238301902173536e-15,22.50603772505007,0.0036106459931190757,1.662290978827235e-14,22.559443280181576,0.003437341551244008,8.033226622389645e-15,8.774740834479238e-32
cool_reprocessed,100,2180.0,24.34668546753229,0.004238544353759555,0.004238544353759555,2.6529383907337524e-13,5.295522336198178e-15,22.49424202644372,0.003650086776543544,1.6804489645753025e-14,22.547647581575212,0.003474889248785363,8.120977332932067e-15,8.870591453320873e-32
cool_reprocessed,100,2190.0,24.458367510961335,0.004283984999473913,0.004283984999473913,2.6813800498161735e-13,5.352294646281051e-15,22.48266400313583,0.0036892186780163824,1.6984647453875508e-14,22.536069558267336,0.0035121428901470787,8.208040820544924e-15,8.965691414502033e-32
cool_reprocessed,100,2200.0,24.570049554390383,0.004329065416052691,0.004329065416052691,2.7095962386372326e-13,5.408616895853902e-15,22.47129848569545,0.0037280403627037977,1.7163377067251475e-14,22.52470404082697,0.003549101204564957,8.29441411539335e-15,9.060037474054568e-32
cool_reprocessed,100,2210.0,24.68173159781943,0.004373746169115633,0.004373746169115633,2.737562274906838e-13,5.464439816671775e-15,22.46014991904672,0.003766517871090938,1.7340522141018286e-14,22.513555474178226,0.003585731862519104,8.380021661889974e-15,9.153547102164632e-32
cool_reprocessed,100,2220.0,24.793413641248478,0.004418106857116677,0.004418106857116677,2.7653279799260495e-13,5.519862856883748e-15,22.449193317833355,0.0038047197505940654,1.7516398257905163e-14,22.50259887296486,0.0036221001212744523,8.46501596928945e-15,9.246386885590859e-32
cool_reprocessed,100,2230.0,24.905095684677523,0.00446214143294199,0.00446214143294199,2.7928895687585525e-13,5.574878461389837e-15,22.43842552766761,0.0038426407936493568,1.769098144301569e-14,22.491831082799116,0.0036582010232207728,8.549385451426742e-15,9.338544168696829e-32
cool_reprocessed,100,2240.0,25.01677772810657,0.004505752944304074,0.004505752944304074,2.8201863582017895e-13,5.629365500632079e-15,22.427865418880522,0.003880197508323494,1.7863887311151704e-14,22.481270974012027,0.0036939550838857196,8.632944349403651e-15,9.429816045942085e-32
cool_reprocessed,100,2250.0,25.12845977153562,0.004549336119826511,0.004549336119826511,2.84746541201917e-13,5.683817137844935e-15,22.41741379401902,0.003917729821159415,1.8036680836633207e-14,22.470819349150524,0.0037296859139563103,8.71644895640416e-15,9.521028620833509e-32
cool_reprocessed,100,2260.0,25.240141814964666,0.004592998541262757,0.004592998541262757,2.8747940664799566e-13,5.7383677827527915e-15,22.407043088083206,0.003955330377816312,1.820978854713365e-14,22.46044864321471,0.0037654817122685703,8.800105397198549e-15,9.612407044673787e-32
cool_reprocessed,100,2270.0,25.351823858393715,0.004636704672389645,0.004636704672389645,2.9021500791813733e-13,5.792973037362419e-15,22.396760269115937,0.0039929685757364615,1.8383069552752065e-14,22.450165824247428,0.0038013133451318937,8.88384558500071e-15,9.703876945864747e-32
cool_reprocessed,100,2280.0,25.46350590182276,0.004680422188040021,0.004680422188040021,2.9295132175459664e-13,5.847592515486865e-15,22.38657128305166,0.004030616577611735,1.8556395694410385e-14,22.439976838183163,0.0038371543113783256,8.967607585352057e-15,9.795370673031876e-32
cool_reprocessed,100,2290.0,25.57518794525181,0.004724129529452877,0.004724129529452877,2.95686998777493e-13,5.902199282194948e-15,22.37647936456954,0.004068255817788007,1.87296814984304e-14,22.42988491970106,0.0038729869364713732,9.051350092041102e-15,9.886843107156662e-32
cool_reprocessed,100,2300.0,25.686869988680854,0.004767916458934088,0.004767916458934088,2.9842765728045336e-13,5.956905484076644e-15,22.366462263531865,0.004105963596436837,1.890328284400407e-14,22.419867818663356,0.003908884810314932,9.135245088086195e-15,9.978482106304725e-32
cool_reprocessed,100,2310.0,25.798552032109903,0.0048118817574427835,0.0048118817574427835,3.0117948004173534e-13,6.0118345353826446e-15,22.356496489638623,0.004143824980279863,1.9077591366435004e-14,22.409902044770128,0.003944928916582687,9.219481836088612e-15,1.0070494403132056e-31
cool_reprocessed,100,2320.0,25.91023407553895,0.0048559520997623565,0.0048559520997623565,3.039378775781129e-13,6.0668948255764224e-15,22.346597871530925,0.004181776824194328,1.925231635439866e-14,22.40000342666243,0.003981059141002951,9.303919846207431e-15,1.016272653975655e-31
cool_reprocessed,100,2330.0,26.021916118967997,0.004899820592475076,0.004899820592475076,3.066836411881591e-13,6.12170293034699e-15,22.336833410361713,0.0042195548422574326,1.942624107242404e-14,22.390238965493204,0.0040170238828966245,9.387971115986852e-15,1.0254536237626613e-31
cool_reprocessed,100,2340.0,26.133598162397043,0.004943319043688665,0.004943319043688665,3.094062436084837e-13,6.176048715306695e-15,22.327237254557666,0.004257014193469368,1.9598698692780585e-14,22.380642809689157,0.0040526852533685044,9.471313392683776e-15,1.0345571498169706e-31
cool_reprocessed,100,2350.0,26.24528020582609,0.004986730627564002,0.004986730627564002,3.121234089334917e-13,6.2302859705704455e-15,22.317744083796832,0.004294398737555034,1.9770811911577448e-14,22.371149638928337,0.004088275407320143,9.55448923307001e-15,1.0436424959348686e-31
cool_reprocessed,100,2360.0,26.356962249255137,0.0050301515702119905,0.0050301515702119905,3.1484116003147234e-13,6.284534918430871e-15,22.308331177898303,0.004331791341089759,1.994296223495197e-14,22.361736733029822,0.004123873233881941,9.63768300470203e-15,1.0527298006933228e-31
cool_reprocessed,100,2370.0,26.468644292684186,0.005073953602565338,0.005073953602565338,3.1758276383512926e-13,6.339259989431316e-15,22.298917627767615,0.004369512125806067,2.0116623458643515e-14,22.352323182899134,0.004159783489525388,9.72160693758771e-15,1.0618968613962985e-31
cool_reprocessed,100,2380.0,26.58032633611323,0.00511800926254254,0.00511800926254254,3.2034024239210044e-13,6.394301935904825e-15,22.289531187959447,0.004407451325798643,2.0291290235756994e-14,22.342936743090966,0.00419590167690902,9.806016816593666e-15,1.071117002280693e-31
cool_reprocessed,100,2390.0,26.69200837954228,0.005162385723431818,0.005162385723431818,3.2311780013155497e-13,6.4497446823354855e-15,22.280157729147682,0.004445666788363776,2.0467228887163952e-14,22.333563284279187,0.004232282866764098,9.891041344572928e-15,1.0804042816350757e-31
cool_reprocessed,100,2400.0,26.80369042297133,0.00520704102548384,0.00520704102548384,3.259128107596386e-13,6.5055358053507256e-15,22.270806358224768,0.004484122379226725,2.0644273055711003e-14,22.324211913356287,0.00426889265919536,9.976600127374867e-15,1.0897499179589414e-31
cool_reprocessed,100,2410.0,26.915372466400374,0.005251664038628598,0.005251664038628598,3.287058003995121e-13,6.5612865874811375e-15,22.261541518146196,0.0045225501640073044,2.0821189208939006e-14,22.3149470732777,0.004305475980185642,1.0062097045191544e-14,1.0990887967339678e-31
cool_reprocessed,100,2420.0,27.027054509829423,0.005296498377922846,0.005296498377922846,3.3151201711000586e-13,6.617301394770055e-15,22.252311747762782,0.004561159935507712,2.0998943203603725e-14,22.305717302894287,0.0043422325528641335,1.0147998860238639e-14,1.108471902672356e-31
cool_reprocessed,100,2430.0,27.138736553258468,0.005341572371398828,0.005341572371398828,3.343332339650342e-13,6.673615619492513e-15,22.24311106455186,0.004599976088842704,2.1177647351405798e-14,22.296516619683352,0.004379185601424446,1.0234359848533714e-14,1.1179051643755264e-31
cool_reprocessed,100,2440.0,27.250418596687517,0.005386979823089354,0.005386979823089354,3.3717532223310515e-13,6.730346457862467e-15,22.233920484545997,0.004639079404778306,2.1357673555707905e-14,22.287326039677502,0.004416412029302731,1.0321359736973688e-14,1.127408213518466e-31
cool_reprocessed,100,2450.0,27.362100640116562,0.00543235066975631,0.00543235066975631,3.400151193638371e-13,6.787031562908963e-15,22.224814364780137,0.0046781511977425,2.1537554632653027e-14,22.278219919911642,0.004453608447254913,1.0408289490824554e-14,1.1369036018188586e-31
cool_reprocessed,100,2460.0,27.47378268354561,0.005478052772634061,0.005478052772634061,3.4287565008245756e-13,6.8441305304792055e-15,22.2157183275502,0.004717508257018367,2.17187490358488e-14,22.269123882681704,0.004491076439254551,1.0495853925819397e-14,1.1464683167150604e-31
cool_reprocessed,100,2470.0,27.585464726974656,0.005523509341926134,0.005523509341926134,3.4572081266000677e-13,6.900922735048117e-15,22.20674612462667,0.004756653871321746,2.189896997592757e-14,22.260151679758174,0.0045283431352558775,1.058294792273047e-14,1.1559816453818205e-31
cool_reprocessed,100,2480.0,27.697146770403705,0.005568922204809811,0.005568922204809811,3.485632396189313e-13,6.957660334016006e-15,22.197855979185242,0.004795761847188429,2.2079017633901435e-14,22.251261534316747,0.004565573999397026,1.06699581789225e-14,1.1654858270004337e-31
cool_reprocessed,100,2490.0,27.80882881383275,0.005614161997485553,0.005614161997485553,3.513948339768352e-13,7.014181703760991e-15,22.18907150651912,0.0048347207810197634,2.2258379123163944e-14,22.242477061650625,0.004602662975249496,1.0756636835603387e-14,1.1749537878088064e-31
cool_reprocessed,100,2500.0,27.9205108572618,0.005659145790766329,0.005659145790766329,3.5421040513039766e-13,7.0703832348064275e-15,22.18040665089162,0.004873459257088156,2.2436725655681176e-14,22.23381220602311,0.004639542074910753,1.0842825001891765e-14,1.1843681720622228e-31
cool_reprocessed,100,2510.0,28.032192900690845,0.005703550421465246,0.005703550421465246,3.569897260404884e-13,7.125861175833084e-15,22.171920643743483,0.004911698978512245,2.26127759914861e-14,22.22532619887499,0.004675946359243671,1.0927903502736817e-14,1.1936613469045786e-31
cool_reprocessed,100,2520.0,28.143874944119894,0.005747785671257229,0.005747785671257229,3.5975844526582234e-13,7.181127496949429e-15,22.163532443322516,0.004949792834998516,2.2788154785492893e-14,22.21693799845402,0.0047122117798905384,1.101265747270734e-14,1.2029190730480416e-31
cool_reprocessed,100,2530.0,28.25555698754894,0.005791723529638591,0.005791723529638591,3.6250855052786e-13,7.236022265304712e-15,22.15526430066324,0.0049876305883595744,2.2962354516485744e-14,22.208669855794746,0.004748233389896489,1.1096841645902587e-14,1.2121145599535692e-31
cool_reprocessed,100,2540.0,28.367239030977988,0.005835254620392683,0.005835254620392683,3.652331958828062e-13,7.290408829220905e-15,22.147134328887013,0.005025118047607014,2.3134941542311396e-14,22.200539884018518,0.004783921519269282,1.118024645939197e-14,1.2212249169386147e-31
cool_reprocessed,100,2550.0,28.478921074407033,0.005878772709126171,0.005878772709126171,3.6795702743101276e-13,7.344779148765263e-15,22.139067183311433,0.0050625943099671476,2.3307477019231962e-14,22.192472738442923,0.004819598989184999,1.1263626361235799e-14,1.230332552809919e-31
cool_reprocessed,100,2560.0,28.590603117836082,0.005921994094506702,0.005921994094506702,3.706622880819955e-13,7.398778775189136e-15,22.131113931875255,0.00509981506173336,2.3478836161069887e-14,22.18451948700676,0.004855033212550669,1.1346437784610873e-14,1.239378093442687e-31
cool_reprocessed,100,2570.0,28.70228516126513,0.005964953820492965,0.005964953820492965,3.7335117126480964e-13,7.452451491463868e-15,22.123266142307166,0.005136810481542358,2.3649157906052976e-14,22.17667169743867,0.0048902529194833145,1.1428747873133117e-14,1.2483688729737006e-31
cool_reprocessed,100,2580.0,28.813967204694176,0.006007629406260103,0.006007629406260103,3.7602226988687013e-13,7.505769210656727e-15,22.11552602075097,0.005173561209690743,2.3818353124811092e-14,22.168931575882475,0.004925239679510094,1.1510513553932737e-14,1.2573001865279796e-31
cool_reprocessed,100,2584.19,28.86076198089095,0.006025448943496005,0.006025448943496005,3.77137608797888e-13,7.52803245708701e-15,22.1123103297516,0.005188906774535711,2.3889001961765508e-14,22.165715884883106,0.004939848685147712,1.1544655477644763e-14,1.2610295289982714e-31
cool_reprocessed,100,2600.0,29.03733129155227,0.0060914816818279675,0.0060914816818279675,3.812706500484946e-13,7.610531969082696e-15,22.100476500431277,0.005245771868985097,2.415080091323712e-14,22.153882055562782,0.004993984358470102,1.1671173056905117e-14,1.274849118824371e-31
cool_reprocessed,100,2610.0,29.14901333498132,0.006132558055691338,0.006132558055691338,3.838416527343013e-13,7.661851676304955e-15,22.093179686107455,0.005281145411539644,2.431365576189756e-14,22.14658524123896,0.0050276600353072005,1.1749874675484992e-14,1.2834457430546361e-31
cool_reprocessed,100,2620.0,29.260695378410364,0.006173186570293376,0.006173186570293376,3.8638462355518306e-13,7.712611840315228e-15,22.086010350017524,0.005316133273296468,2.4474734990040285e-14,22.13941590514903,0.005060968543323524,1.1827718203502152e-14,1.291948637546475e-31
cool_reprocessed,100,2630.0,29.372377421839413,0.006213116224541559,0.006213116224541559,3.888838521544961e-13,7.762498867157442e-15,22.079010162446174,0.005350519300856607,2.4633043457610505e-14,22.13241571757768,0.005093704104090195,1.1904222727224709e-14,1.3003052718092216e-31
cool_reprocessed,100,2640.0,29.48405946526846,0.0062527488456433885,0.0062527488456433885,3.913644892145563e-13,7.81201478884425e-15,22.072106395020306,0.005384649533816239,2.4790174282571438e-14,22.12551195015181,0.005126196147932033,1.1980158140600096e-14,1.3085997418129803e-31
cool_reprocessed,100,2650.0,29.595741508697508,0.006291631886787143,0.006291631886787143,3.93798209472957e-13,7.860594205665363e-15,22.065375594732153,0.005418134254622506,2.49443332597486e-14,22.118781149863644,0.005158073663030033,1.2054657371800497e-14,1.3167373367904394e-31
cool_reprocessed,100,2660.0,29.707423552126553,0.006329981440699575,0.006329981440699575,3.961985383441546e-13,7.908507098011623e-15,22.058777765093346,0.005451159554805563,2.5096377128552073e-14,22.11218332022485,0.005189513808859302,1.2128134450735552e-14,1.3247632814728997e-31
cool_reprocessed,100,2670.0,29.8191055955556,0.006367544615071366,0.006367544615071366,3.985496470987524e-13,7.955437509091995e-15,22.05235386532319,0.005483507652316414,2.5245303250849813e-14,22.10575942045468,0.005220309256513167,1.2200104840134855e-14,1.3326246495684457e-31
cool_reprocessed,100,2680.0,29.930787638984647,0.006404736518260276,0.006404736518260276,4.0087751769675133e-13,8.001904064027982e-15,22.04603068631888,0.005515536024015276,2.5392757400171033e-14,22.099436241450384,0.0052508003246126145,1.2271363880398958e-14,1.3404083165782682e-31
cool_reprocessed,100,2690.0,30.042469682413696,0.006441266843081375,0.006441266843081375,4.0316397958213675e-13,8.047544060897927e-15,22.039855629061456,0.005546994667465371,2.5537588600219148e-14,22.09326118419296,0.005280749010383209,1.2341355348005911e-14,1.3480535258789011e-31
cool_reprocessed,100,2700.0,30.15415172584274,0.006476955228424614,0.006476955228424614,4.0539774381056577e-13,8.092132161423603e-15,22.03385661922558,0.0055777282619603775,2.5679081776158704e-14,22.087262174357086,0.005310007448230092,1.2409733674202808e-14,1.3555225307915843e-31
cool_reprocessed,100,2710.0,30.26583376927179,0.006512049610929701,0.006512049610929701,4.075943289321596e-13,8.135978130916864e-15,22.027989605569168,0.005607950321899224,2.5818219918456946e-14,22.081395160700673,0.005338778904249307,1.2476973901283188e-14,1.3628672204663089e-31
cool_reprocessed,100,2720.0,30.377515812700835,0.006546579660700438,0.006546579660700438,4.0975559202215136e-13,8.179119038400533e-15,22.022247714626978,0.005637686398141947,2.5955120659704353e-14,22.075653269758497,0.005367087702906075,1.254313287665039e-14,1.3700938043784804e-31
cool_reprocessed,100,2730.0,30.489197856129884,0.006579980705102985,0.006579980705102985,4.1184618977436134e-13,8.22084939720382e-15,22.01672230653198,0.00566645021428282,2.608754525125595e-14,22.070127861663487,0.005394470908177872,1.2607128697349717e-14,1.3770841056300508e-31
cool_reprocessed,100,2740.0,30.600879899558933,0.0066128944005876015,0.0066128944005876015,4.139062839728474e-13,8.261970875489405e-15,22.011304887709436,0.005694794342509063,2.6218037658273967e-14,22.06471044284094,0.005421454569791756,1.2670190765990455e-14,1.383972412593362e-31
cool_reprocessed,100,2750.0,30.71256194298798,0.006645211937878463,0.006645211937878463,4.159290641590887e-13,8.302347529899752e-15,22.006011765315485,0.005722625080061968,2.6346166486346463e-14,22.05941732044699,0.005447949482551044,1.2732110605890794e-14,1.390735953237461e-31
cool_reprocessed,100,2760.0,30.824243986417027,0.006677581968549826,0.006677581968549826,4.179551299474794e-13,8.342789768115705e-15,22.000735787370623,0.00575050102308591,2.647450343409296e-14,22.054141342502128,0.005474487431000965,1.279413102219605e-14,1.3975104799016078e-31
cool_reprocessed,100,2770.0,30.935926029846073,0.006710189371794976,0.006710189371794976,4.1999605307276097e-13,8.383528573186118e-15,21.99544691480883,0.005778581383103136,2.660378148912192e-14,22.04885246994035,0.005501219984800214,1.2856606240228098e-14,1.4043346848266986e-31
cool_reprocessed,100,2780.0,31.04760807327512,0.006742892172197028,0.006742892172197028,4.2204294718144595e-13,8.424386564876517e-15,21.990168319831803,0.005806743895829372,2.6733437763747414e-14,22.043573874963307,0.005528030748127833,1.291926423755515e-14,1.4111788548420194e-31
cool_reprocessed,100,2790.0,31.159290116704167,0.006775807139239148,0.006775807139239148,4.241031209677206e-13,8.465509631811554e-15,21.984881266515394,0.005835089119076651,2.6863935212089322e-14,22.0382868216469,0.005555015452203735,1.2982328742477972e-14,1.41806742792186e-31
cool_reprocessed,100,2800.0,31.270972160133216,0.0068091937593787325,0.0068091937593787325,4.2619281589391815e-13,8.507221969331983e-15,21.979544625687716,0.005863840513544633,2.699630261599408e-14,22.03295018081922,0.00558238683202035,1.3046296926540097e-14,1.4250547104072435e-31
cool_reprocessed,100,2810.0,31.38265420356226,0.006843083482368849,0.006843083482368849,4.2831400042492507e-13,8.549562869906151e-15,21.97415426126036,0.005893025162665322,2.7130664663799413e-14,22.027559816391864,0.005610170671054197,1.3111229046921939e-14,1.432147284225538e-31
cool_reprocessed,100,2820.0,31.49433624699131,0.006877394258201302,0.006877394258201302,4.3046153898591793e-13,8.592429822479592e-15,21.968724052503497,0.005922572407829313,2.726669605313778e-14,22.022129607635,0.00563829970218063,1.3176967897233487e-14,1.439327977630013e-31
cool_reprocessed,100,2830.0,31.606018290420355,0.006912143595764344,0.006912143595764344,4.3263652747204267e-13,8.635844702182329e-15,21.96325197734827,0.005952497327081368,2.740446620122104e-14,22.016657532479776,0.0056667882797256834,1.3243547024200404e-14,1.4466004549493046e-31
cool_reprocessed,100,2840.0,31.717700333849404,0.006947175816372326,0.006947175816372326,4.348292218313959e-13,8.679613008287617e-15,21.957763131882864,0.005982665855359414,2.75433578912307e-14,22.01116868701437,0.005695508773506474,1.3310668150166057e-14,1.4539321351389995e-31
cool_reprocessed,100,2850.0,31.82938237727845,0.0069822635518991365,0.0069822635518991365,4.3702539091336915e-13,8.723450673226533e-15,21.952293262726933,0.006012882191152072,2.768246968035949e-14,22.005698817858423,0.005724274780128109,1.3377895641751559e-14,1.4612754337081048e-31
cool_reprocessed,100,2860.0,31.941064420707498,0.0070170615383477125,0.0070170615383477125,4.3920342437166655e-13,8.76692633352715e-15,21.946895643726087,0.006042849005129994,2.782043270590845e-14,22.000301198857592,0.005752803241528372,1.3444567979137837e-14,1.468558092456496e-31
cool_reprocessed,100,2870.0,32.05274646413655,0.00705130412771401,0.00705130412771401,4.413466950878832e-13,8.809708095779479e-15,21.941610240528213,0.006072337530484146,2.795619375744477e-14,21.995015795659718,0.005780876371289059,1.351017618536504e-14,1.4757245155305598e-31
cool_reprocessed,100,2880.0,32.16442850756559,0.007084726800393343,0.007084726800393343,4.434386465710211e-13,8.851465476365072e-15,21.93647608744211,0.006101119972143715,2.8088704098282675e-14,21.989881642573614,0.005808277308088522,1.3574213445466878e-14,1.4827193432325151e-31
cool_reprocessed,100,2890.0,32.27611055099464,0.007117413956462147,0.007117413956462147,4.4548456148853087e-13,8.892303922449895e-15,21.93147829280712,0.006129269012515022,2.8218298348068004e-14,21.984883847938626,0.00583507524570975,1.3636841468523263e-14,1.4895602391405669e-31
cool_reprocessed,100,2900.0,32.387792594423686,0.007149683482046657,0.007149683482046657,4.4750433658414783e-13,8.932620592336746e-15,21.926566816995766,0.00615705840405858,2.8346236824889012e-14,21.979972372127285,0.005861530796992954,1.3698669318828484e-14,1.4963137317069187e-31
cool_reprocessed,100,2910.0,32.499474637852735,0.007181397839360289,0.007181397839360289,4.494893632591701e-13,8.972243650046059e-15,21.921761390052204,0.00618436970402277,2.8471974234862296e-14,21.97516694518371,0.005887531204223215,1.3759433476373291e-14,1.5029510364854878e-31
cool_reprocessed,100,2920.0,32.611156681281784,0.007211742175206163,0.007211742175206163,4.5138863920836326e-13,9.010155040098259e-15,21.917183376802036,0.006210501189214328,2.8592279942428377e-14,21.97058893193354,0.0059124084256444885,1.3817572696591348e-14,1.509301617811182e-31
cool_reprocessed,100,2930.0,32.722838724710826,0.0072399725248252465,0.0072399725248252465,4.5315559908981107e-13,9.045425273105009e-15,21.91294156158812,0.006234812183093729,2.8704204362294147e-14,21.966347116719625,0.005935552536026108,1.387166155593146e-14,1.5152097758285253e-31
cool_reprocessed,100,2940.0,32.834520768139875,0.007265477182606869,0.007265477182606869,4.547519557661633e-13,9.07729010067013e-15,21.909123498799524,0.006256775906093677,2.8805322274916576e-14,21.96252905393103,0.005956462040262085,1.3920528037072569e-14,1.5205474903940662e-31
cool_reprocessed,100,2950.0,32.946202811568924,0.007287803090236082,0.007287803090236082,4.561493519596225e-13,9.105183484025087e-15,21.9057922820871,0.006276002200172549,2.8893837447172444e-14,21.959197837218603,0.005974765507187308,1.3963304088155567e-14,1.5252199436910965e-31
cool_reprocessed,100,2960.0,33.05788485499797,0.007307592792594034,0.007307592792594034,4.573880050618375e-13,9.129908201314003e-15,21.902848009842494,0.0062930444026033,2.8972297366571834e-14,21.956253564973984,0.00599098971489185,1.4001220814007885e-14,1.52936161002625e-31
cool_reprocessed,100,2970.0,33.169566898427014,0.00732559944007654,0.00732559944007654,4.585150553509865e-13,9.152405218210638e-15,21.900175936838174,0.00630855110027593,2.904368803655648e-14,21.95358149196968,0.006005752119274414,1.4035721237701183e-14,1.533130111661006e-31
cool_reprocessed,100,2980.0,33.28124894185606,0.0073416712016030165,0.0073416712016030165,4.59520999599806e-13,9.17248484108164e-15,21.897796530229577,0.00632239154155184,2.910740749484671e-14,21.951202085361082,0.006018928244537291,1.406651445352327e-14,1.5364936727927922e-31
cool_reprocessed,100,2990.0,33.39293098528511,0.007355071670997566,0.007355071670997566,4.603597455640688e-13,9.189227024027402e-15,21.89581658420473,0.006333931559080058,2.916053612354424e-14,21.949222139336236,0.006029914362209149,1.4092189520036906e-14,1.5392981754559842e-31
cool_reprocessed,100,3000.0,33.50461302871416,0.007365546971206185,0.007365546971206185,4.61015402878431e-13,9.202314579943604e-15,21.894271348248502,0.006342952522783764,2.9202067380315394e-14,21.947676903379993,0.006038502336059286,1.4112260013217992e-14,1.5414904872674469e-31
cool_reprocessed,100,3010.0,33.6162950721432,0.0073735343917190775,0.0073735343917190775,4.615153418374935e-13,9.212293846456908e-15,21.8930945812209,0.006349831011141905,2.923373497987375e-14,21.946500136352405,0.006045050669484453,1.4127563772131419e-14,1.5431621258825508e-31
cool_reprocessed,100,3020.0,33.72797711557225,0.007378554688406135,0.007378554688406135,4.61829566172604e-13,9.21856606895166e-15,21.892355605466,0.006354154315800849,2.9253638870609586e-14,21.945761160597506,0.006049166463381498,1.4137182573351232e-14,1.5442127932147408e-31
cool_reprocessed,100,3030.0,33.8396591590013,0.007380846719311258,0.007380846719311258,4.619730261974013e-13,9.221429670188384e-15,21.892018391118704,0.006356128132989007,2.926272604922522e-14,21.94542394625021,0.0060510455409339215,1.414157406473916e-14,1.5446924784099588e-31
cool_reprocessed,100,3040.0,33.95134120243035,0.0073809633693877235,0.0073809633693877235,4.619803274178277e-13,9.221575409629543e-15,21.89200123181228,0.006356228587972146,2.9263188529935236e-14,21.945406786943785,0.006051141174260543,1.414179756425876e-14,1.544716891394346e-31
cool_reprocessed,100,3050.0,34.0630232458594,0.007379012988445437,0.007379012988445437,4.618582515340693e-13,9.219138656588418e-15,21.892288169834835,0.006354548987832928,2.925545588551431e-14,21.945693724966326,0.00604954219187373,1.4138060668263125e-14,1.5443087080400296e-31
cool_reprocessed,100,3060.0,34.17470528928844,0.007374579738836989,0.007374579738836989,4.615807709393098e-13,9.213599874788799e-15,21.892940667140188,0.006350731227672281,2.923787945103012e-14,21.946346222271693,0.006045907677258373,1.4129566639045404e-14,1.5433809002172271e-31
cool_reprocessed,100,3070.0,34.28638733271749,0.007369857259589495,0.007369857259589495,4.612851872329836e-13,9.207699737324116e-15,21.893636165635122,0.006346664393019841,2.9219156312378425e-14,21.947041720766627,0.0060420360432738955,1.4120518450864922e-14,1.5423925612839765e-31
cool_reprocessed,100,3078.81,34.38477921297848,0.007363870919740709,0.007363870919740709,4.609104974933154e-13,9.200220566709042e-15,21.894518438768763,0.006341509165635569,2.9195422365624826e-14,21.947923993900268,0.006037128257429525,1.410904872773318e-14,1.5411397166593303e-31
cool_reprocessed,100,3090.0,34.509751419575586,0.007352143037182459,0.007352143037182459,4.601764400602911e-13,9.18556806838413e-15,21.896248987466485,0.006331409521637563,2.9148925015457444e-14,21.94965454259799,0.006027513377977682,1.408657830853505e-14,1.538685259513105e-31
cool_reprocessed,100,3100.0,34.62143346300463,0.007339202744000752,0.007339202744000752,4.593664968886773e-13,9.16940081711545e-15,21.898161643890226,0.006320265791836731,2.9097620840100144e-14,21.95156719902173,0.006016904526942927,1.4061784931649206e-14,1.5359770643281405e-31
cool_reprocessed,100,3110.0,34.73311550643368,0.007323779416750473,0.007323779416750473,4.584011386533949e-13,9.150131330438992e-15,21.900445718273694,0.006306983759575676,2.903647221891125e-14,21.9538512734052,0.006004260008077634,1.403223410463313e-14,1.532749210058626e-31
cool_reprocessed,100,3120.0,34.844797549862726,0.00730548177793291,0.00730548177793291,4.572558749867346e-13,9.127270756862088e-15,21.903161702221347,0.006291226470300003,2.896392786019085e-14,21.956567257352866,0.005989259040033284,1.3997176146598126e-14,1.5289198086187884e-31
cool_reprocessed,100,3130.0,34.956479593291775,0.007283678919062164,0.007283678919062164,4.558912168282173e-13,9.100030856437169e-15,21.906406874628182,0.006272450607595071,2.8877486411060723e-14,21.959812429759687,0.00597138438459514,1.3955402247847864e-14,1.5243568210123178e-31
cool_reprocessed,100,3140.0,35.068161636720816,0.007260802806379452,0.007260802806379452,4.544593828658597e-13,9.071450061813836e-15,21.90982225163696,0.006252750496086783,2.8786789849546454e-14,21.96322780676848,0.005952629842615498,1.3911572013442714e-14,1.5195692186490564e-31
cool_reprocessed,100,3150.0,35.179843680149865,0.007233003603980366,0.007233003603980366,4.527194088294692e-13,9.036718492447981e-15,21.91398715306658,0.006228810791177158,2.867657479223291e-14,21.967392708198084,0.005929839200008277,1.3858309224684512e-14,1.5137512928087444e-31
cool_reprocessed,100,3160.0,35.291525723578914,0.007199736339760277,0.007199736339760277,4.5063718448455057e-13,8.99515527497559e-15,21.918992375540647,0.006200162181870092,2.854468059685115e-14,21.972397930672138,0.005902565671851765,1.3794569724490213e-14,1.5067889895971633e-31
cool_reprocessed,100,3170.0,35.40320776700796,0.00716451030791269,0.00716451030791269,4.484323593266215e-13,8.951144826365075e-15,21.924317577166015,0.006169826750102597,2.8405020506490485e-14,21.977723132297506,0.005873686285645512,1.372707725955714e-14,1.4994167478329725e-31
cool_reprocessed,100,3180.0,35.514889810437005,0.007126898762152871,0.007126898762152871,4.460782229686391e-13,8.904153981384675e-15,21.930032382617007,0.0061374369968370665,2.8255902606917007e-14,21.983437937748512,0.0058428511816374425,1.3655014191418875e-14,1.491545256384091e-31
cool_reprocessed,100,3190.0,35.626571853866054,0.007086724865786574,0.007086724865786574,4.4356370706222956e-13,8.853961805065668e-15,21.93616992657696,0.0061028406364713236,2.8096625796490765e-14,21.989575481708464,0.005809915383657356,1.3578041704041959e-14,1.483137506175287e-31
cool_reprocessed,100,3200.0,35.7382538972951,0.007042383157278585,0.007042383157278585,4.4078832450177037e-13,8.798562477317459e-15,21.942984731345426,0.006064655101446594,2.79208249272993e-14,21.996390286476917,0.005773562684875163,1.349308376102139e-14,1.4738574999352266e-31
cool_reprocessed,100,3210.0,35.84993594072415,0.006991171420095574,0.006991171420095574,4.3758294141999445e-13,8.734579922106588e-15,21.95090897942972,0.0060205533369977375,2.771778656426563e-14,22.00431453456121,0.00573157772492281,1.3394962962432975e-14,1.4631397072156013e-31
cool_reprocessed,100,3220.0,35.9616179841532,0.006939312163909698,0.006939312163909698,4.3433702961236227e-13,8.669788374218845e-15,21.958992795294527,0.005975893951735541,2.7512180992900305e-14,22.012398350426032,0.0056890619089421494,1.3295601528686347e-14,1.4522863991856881e-31
cool_reprocessed,100,3230.0,36.07330002758224,0.00688783759038865,0.00688783759038865,4.311151953965776e-13,8.605477438417218e-15,21.96707661115935,0.0059315658417864875,2.7308100566801487e-14,22.020482166290854,0.005646861467662009,1.3196977140241293e-14,1.4415135990489117e-31
cool_reprocessed,100,3240.0,36.18498207101129,0.00683674484602539,0.00683674484602539,4.2791726016938075e-13,8.541643549607414e-15,21.97516042702417,0.005887566549809695,2.7105533972715012e-14,22.028565982155662,0.0056049740616894,1.3099084329827902e-14,1.430820709612154e-31
cool_reprocessed,100,3250.0,36.29666411444034,0.0067860310984796815,0.0067860310984796815,4.2474304665235923e-13,8.478283169140377e-15,21.983244242888993,0.005843893636692395,2.6904469981306436e-14,22.0366497980205,0.005563397368984537,1.30019176707315e-14,1.4202071381121693e-31
cool_reprocessed,100,3260.0,36.40834615786939,0.00673569353642108,0.00673569353642108,4.215923788821198e-13,8.415392784616114e-15,21.9913280587538,0.005800544681414727,2.6704897446538478e-14,22.044733613885306,0.005522129084732103,1.2905471776491803e-14,1.4096722961827231e-31
cool_reprocessed,100,3270.0,36.52002820129843,0.006685729369373087,0.006685729369373087,4.184650822005342e-13,8.352968909688983e-15,21.999411874618623,0.005757517280915513,2.650680530505317e-14,22.052817429750128,0.005481166921213492,1.2809741300604325e-14,1.399215599821976e-31
cool_reprocessed,100,3280.0,36.63171024472748,0.006636135827558457,0.006636135827558457,4.153609832450569e-13,8.291008083874429e-15,22.007495690483445,0.005714809049959057,2.631018257555856e-14,22.06090124561495,0.00544050860767998,1.2714720936223993e-14,1.3888364693601097e-31
cool_reprocessed,100,3290.0,36.74339228815653,0.0065869101617456564,0.0065869101617456564,4.1227990993911464e-13,8.229506872357156e-15,22.015579506348267,0.005672417621002916,2.6115018358219942e-14,22.068985061479772,0.005400151890226858,1.262040541587096e-14,1.3785343294271927e-31
cool_reprocessed,100,3300.0,36.85507433158558,0.006538049643096459,0.006538049643096459,4.0922169148256735e-13,8.168461865800706e-15,22.023663322213075,0.005630340644066646,2.5921301834055634e-14,22.07706887734458,0.0053600945316684715,1.25267895111386e-14,1.3683086089212848e-31
cool_reprocessed,100,3310.0,36.96675637501462,0.006489551563014669,0.006489551563014669,4.0618615834223967e-13,8.107869680158472e-15,22.03174713807791,0.005588575786601543,2.572902226433721e-14,22.0851526932094,0.005320334311414209,1.2433868032403668e-14,1.358158740976777e-31
cool_reprocessed,100,3320.0,37.07843841844367,0.006441413232995974,0.006441413232995974,4.03173142242523e-13,8.047726956486093e-15,22.03983095394272,0.005547120733361324,2.5538168989994223e-14,22.093236509074224,0.0052808690253454025,1.2341635828538613e-14,1.3480841629329677e-31
cool_reprocessed,100,3330.0,37.190120461872716,0.006393631984478903,0.006393631984478903,4.001824761560471e-13,7.988030360755262e-15,22.04791476980754,0.005505973186273795,2.5348731431023282e-14,22.101320324939046,0.005241696485693142,1.225008778662603e-14,1.3380843163028723e-31
cool_reprocessed,100,3340.0,37.301802505301765,0.006346205168696897,0.006346205168696897,3.9721399429442067e-13,7.92877658366889e-15,22.055998585672363,0.005465130864313446,2.516069908590158e-14,22.109404140803854,0.0052028145209169945,1.2159218831675211e-14,1.3281586467422615e-31
cool_reprocessed,100,3350.0,37.41348454873081,0.00629913015653147,0.00629913015653147,3.942675320990411e-13,7.869962340477661e-15,22.064082401537185,0.005424591503375004,2.4974061531004708e-14,22.11748795666869,0.005164220975584623,1.2069023926340826e-14,1.3183066040189332e-31
cool_reprocessed,100,3360.0,37.525166592159856,0.006252404338366469,0.006252404338366469,3.9134292623197203e-13,7.811584370797948e-15,22.072166217401993,0.005384352856147928,2.478880842002885e-14,22.125571772533497,0.005125913710252306,1.1979498070643668e-14,1.3085276419822083e-31
cool_reprocessed,100,3370.0,37.636848635588905,0.006206025123943403,0.006206025123943403,3.8844001456688854e-13,7.753639438431055e-15,22.080250033266815,0.005344412691991818,2.4604929483417216e-14,22.13365558839832,0.005087890601346327,1.1890636301693479e-14,1.2988212185326564e-31
cool_reprocessed,100,3380.0,37.748530679017954,0.006159989942217854,0.006159989942217854,3.8555863618008964e-13,7.696124331183834e-15,22.088333849131637,0.0053047687968127664,2.4422414527790723e-14,22.14173940426314,0.005050149541045259,1.1802433693413825e-14,1.289186795592042e-31
cool_reprocessed,100,3390.0,37.860212722447,0.006114296241216953,0.006114296241216953,3.826986313415777e-13,7.639035860690608e-15,22.09641766499646,0.005265418972940619,2.4241253435382975e-14,22.149823220127963,0.0050126884371631195,1.1714885356269036e-14,1.2796238390734989e-31
cool_reprocessed,100,3400.0,37.971894765876044,0.006068941487897905,0.006068941487897905,3.7985984150620324e-13,7.582370862236422e-15,22.104501480861266,0.005226361039007141,2.4061436163479332e-14,22.157907035992785,0.004975505213033382,1.1627986436993124e-14,1.2701318188519203e-31
cool_reprocessed,100,3410.0,38.08357680930509,0.006023923168007575,0.006023923168007575,3.770421093048768e-13,7.52612619458162e-15,22.11258529672609,0.005187592829825104,2.388295274386023e-14,22.165990851857593,0.004938597807393866,1.1541732118320778e-14,1.2607102087345741e-31
cool_reprocessed,100,3420.0,38.19525885273414,0.005979238785943107,0.005979238785943107,3.7424527853584416e-13,7.470298739787683e-15,22.12066911259091,0.0051491121962682395,2.370579328224856e-14,22.174074667722415,0.004901964174272458,1.1456117618720284e-14,1.25135848643193e-31
cool_reprocessed,100,3430.0,38.30694089616319,0.005934885864613578,0.005934885864613578,3.714691941560279e-13,7.414885403044412e-15,22.128752928455732,0.0051109170051521205,2.352994795776119e-14,22.182158483587237,0.0048656022828737055,1.1371138192128478e-14,1.2420761335287084e-31
cool_reprocessed,100,3440.0,38.41862293959223,0.005890861945302682,0.005890861945302682,3.687137022724324e-13,7.359883112498356e-15,22.136836744320554,0.005073005139115899,2.3355407022364533e-14,22.19024229945206,0.004829510117466226,1.1286789127687641e-14,1.2328626354551415e-31
cool_reprocessed,100,3450.0,38.53030498302128,0.00584716458753243,0.00584716458753243,3.6597865013361254e-13,7.305288819082512e-15,22.144920560185362,0.0050353744965049236,2.318216080033417e-14,22.198326115316867,0.004793685677270976,1.1203065749484348e-14,1.223717481458447e-31
cool_reprocessed,100,3460.0,38.64198702645033,0.00580379136892786,0.00580379136892786,3.63263886121206e-13,7.251099496347318e-15,22.1530043760502,0.0049980229912542475,2.3010199687718467e-14,22.20640993118169,0.0047581269763503275,1.1119963416290264e-14,1.214640164574516e-31
cool_reprocessed,100,3470.0,38.75366906987938,0.0057607398850827544,0.0057607398850827544,3.6056925974152863e-13,7.197312140292872e-15,22.161088191915006,0.004960948552772977,2.2839514151806202e-14,22.21449374704651,0.004722832043497987,1.1037477521304862e-14,1.2056301815998085e-31
cool_reprocessed,100,3480.0,38.86535111330842,0.005718007749426351,0.005718007749426351,3.57894621617231e-13,7.1439237692024e-15,22.169172007779828,0.004924149125829489,2.2670094730598064e-14,22.222577562911333,0.004687798922129712,1.095560349190002e-14,1.1966870330634572e-31
cool_reprocessed,100,3490.0,38.97703315673747,0.005675592593091038,0.005675592593091038,3.552398234790184e-13,7.090931423476973e-15,22.177255823644636,0.004887622670437504,2.250193203228218e-14,22.23066137877614,0.004653025670174851,1.0874336789366563e-14,1.187810223199581e-31
cool_reprocessed,100,3500.0,39.08871520016652,0.005633492064781042,0.005633492064781042,3.5260471815743094e-13,7.0383321654714325e-15,22.185339639509472,0.00485136716174299,2.2335016734713446e-14,22.238745194640977,0.0046185103599686896,1.079367290866264e-14,1.178999259919801e-31
cool_reprocessed,100,3510.0,39.20039724359557,0.005591703830642079,0.005591703830642079,3.4998915957468564e-13,6.986123079331547e-15,22.19342345537428,0.0048153805899119224,2.2169339584896757e-14,22.246829010505785,0.004584251078145578,1.0713607378164e-14,1.1702536547859616e-31
cool_reprocessed,100,3520.0,39.312079287024616,0.005550225574131979,0.005550225574131979,3.4739300273657813e-13,6.93430127083237e-15,22.2015072712391,0.0047796609600188646,2.2004891398474072e-14,22.254912826370607,0.004550245925532874,1.0634135759416094e-14,1.161572922983054e-31
cool_reprocessed,100,3530.0,39.42376133045366,0.005509054995892262,0.005509054995892262,3.448161037244451e-13,6.882863867217795e-15,22.209591087103924,0.0047442062919363795,2.1841663059215262e-14,22.26299664223543,0.004516493017045654,1.0555253646888033e-14,1.15295658329234e-31
cool_reprocessed,100,3540.0,39.53544337388271,0.005468189813620684,0.005468189813620684,3.4225831968718613e-13,6.831808017041305e-15,22.217674902968746,0.004709014620225258,2.167964551851277e-14,22.27108045810025,0.004482990481582221,1.0476956667728368e-14,1.144404158064676e-31
cool_reprocessed,100,3550.0,39.647125417311756,0.0054276277619447035,0.0054276277619447035,3.397195088333446e-13,6.781130890007903e-15,22.225758718833553,0.004674083994025571,2.1518829794879982e-14,22.27916427396506,0.004449736461920372,1.0399240481522676e-14,1.1359151731940336e-31
cool_reprocessed,100,3560.0,39.758807460740805,0.0053873665922959104,0.0053873665922959104,3.371995304232476e-13,6.730829676817217e-15,22.233842534698375,0.004639412476948515,2.1359206973453348e-14,22.28724808982988,0.004416729114614447,1.0322100780052959e-14,1.127489158091219e-31
cool_reprocessed,100,3570.0,39.870489504169846,0.00534740407278537,0.00534740407278537,3.3469824476120363e-13,6.680901589007749e-15,22.241926350563197,0.0046049981469690705,2.1200768205498156e-14,22.295331905694702,0.00438396660989313,1.0245533287058789e-14,1.119125645657783e-31
cool_reprocessed,100,3580.0,39.982171547598895,0.0053077379880799,0.0053077379880799,3.3221551318775914e-13,6.631343858802324e-15,22.25001016642802,0.004570839096319461,2.104350470791805e-14,22.303415721559524,0.00435144713155803,1.0169533758000289e-14,1.1108241722601308e-31
cool_reprocessed,100,3590.0,40.093853591027944,0.005268366139279263,0.005268366139279263,3.2975119807201124e-13,6.5821537389546315e-15,22.25809398229284,0.004536933431383383,2.0887407762768094e-14,22.311499537424332,0.004319168876882981,1.0094097979822812e-14,1.1025842777038171e-31
cool_reprocessed,100,3592.81,40.125236245231505,0.005257355307415497,0.005257355307415497,3.2906202140834394e-13,6.568397104315908e-15,22.26036553455085,0.004527451286469876,2.0843753292128508e-14,22.313771089682355,0.004310141857682476,1.0073001417295855e-14,1.1002798877323392e-31
cool_reprocessed,100,3610.0,40.317217677886035,0.005229623005466067,0.005229623005466067,3.273262347239412e-13,6.533749118557039e-15,22.26610790066571,0.004503569193897471,2.073380347396777e-14,22.319513455797214,0.004287406062125054,1.0019866808636733e-14,1.094475963079874e-31
cool_reprocessed,100,3620.0,40.428899721315084,0.005252162920804853,0.005252162920804853,3.287370258289845e-13,6.561909877338927e-15,22.261438383461446,0.004522979783962322,2.0823167119199137e-14,22.31484393859295,0.004305884979164063,1.006305289477268e-14,1.0991932047476523e-31
cool_reprocessed,100,3630.0,40.54058176474413,0.005342006245195676,0.005342006245195676,3.3436039046869025e-13,6.67415768964456e-15,22.243022878278943,0.004600349725845501,2.117936752397406e-14,22.296428433410448,0.004379541304530551,1.0235191143189491e-14,1.1179959671812286e-31
cool_reprocessed,100,3640.0,40.65226380817318,0.005547798751190559,0.005547798751190559,3.472411059717585e-13,6.931269264082013e-15,22.20198211063299,0.004777571064623614,2.199526981200772e-14,22.255387665764495,0.004548256341316215,1.0629486008828766e-14,1.1610650279831165e-31
cool_reprocessed,100,3650.0,40.76394585160222,0.005803249381082578,0.005803249381082578,3.6322996267386064e-13,7.25042235143598e-15,22.153105772407677,0.004997556250198359,2.3008050877095293e-14,22.206511327539168,0.004757682638016373,1.1118924976996277e-14,1.21452673523777e-31
cool_reprocessed,100,3660.0,40.87562789503127,0.006030560145416044,0.006030560145416044,3.7745752296333575e-13,7.534418254113853e-15,22.111389723725857,0.0051933083636152315,2.390926626303829e-14,22.164795278857362,0.004944039005955504,1.1554448451711403e-14,1.2620992213332798e-31
cool_reprocessed,100,3670.0,40.98730993846032,0.006260761735303218,0.006260761735303218,3.918660223076433e-13,7.822025875818833e-15,22.07071591621881,0.005391549955316678,2.4821942859253128e-14,22.124121471350314,0.005132765361748551,1.1995510697956498e-14,1.310276710710801e-31
cool_reprocessed,100,3680.0,41.09899198188937,0.0065510301704730985,0.0065510301704730985,4.1003415294422256e-13,8.184679384581101e-15,22.02150985789769,0.005641519022154871,2.5972765525288138e-14,22.074915413029196,0.00537073636793583,1.255165997604283e-14,1.3710252244759784e-31
cool_reprocessed,100,3690.0,41.21067402531842,0.006871723241924378,0.006871723241924378,4.3010658559768257e-13,8.585344608581393e-15,21.969619706793857,0.005917688726122973,2.72442122647537e-14,22.023025261925362,0.0056336504283154435,1.3166102328586379e-14,1.4381411251561653e-31
cool_reprocessed,100,3700.0,41.32235606874746,0.007145215105311016,0.007145215105311016,4.472246573547508e-13,8.927037923657309e-15,21.92724558761129,0.00615321039363941,2.832852112244017e-14,21.980651142742794,0.0058578674840764735,1.3690107986645428e-14,1.495378572341505e-31
cool_reprocessed,100,3710.0,41.43403811217651,0.00754422725096097,0.00754422725096097,4.721991427255333e-13,9.425552874392575e-15,21.868246951896957,0.006496825756594222,2.99104782545289e-14,21.921652507028448,0.006184989934458281,1.4454608324482798e-14,1.5788853952873168e-31
cool_reprocessed,100,3720.0,41.54572015560556,0.00798753571584133,0.00798753571584133,4.999461697060387e-13,9.979410444743918e-15,21.80625182405931,0.006878587566908739,3.166805630165939e-14,21.859657379190814,0.006548427872094098,1.5303979640273575e-14,1.6716627252275947e-31
cool_reprocessed,100,3730.0,41.65740219903461,0.008559854406561998,0.008559854406561998,5.35768048625404e-13,1.0694449891587684e-14,21.731117912092436,0.00737144849052165,3.393711914719874e-14,21.78452346722394,0.007017632367618644,1.6400532307094993e-14,1.7914398199742728e-31
cool_reprocessed,100,3740.0,41.76908424246365,0.009570353318984821,0.009570353318984821,5.990159737340175e-13,1.1956939820870275e-14,21.60996392832954,0.00824165496003154,3.7943428175389536e-14,21.663369483461047,0.007846070509022736,1.833663066488601e-14,2.0029209858650384e-31
cool_reprocessed,100,3750.0,41.8807662858927,0.010702985588388001,0.010702985588388001,6.699083221275964e-13,1.337201985324113e-14,21.48852150517866,0.00921703842288667,4.243395738897417e-14,21.541927060310165,0.008774637339351049,2.050673441246435e-14,2.239962698541976e-31
cool_reprocessed,100,3760.0,41.992448329321746,0.011985203976079616,0.011985203976079616,7.501633838209956e-13,1.4973988723964938e-14,21.365670282581824,0.010321240240995011,4.7517548315761534e-14,21.41907583771333,0.009825839478130708,2.2963442563477604e-14,2.5083103792984464e-31
cool_reprocessed,100,3770.0,42.104130372750795,0.013829944680293494,0.013829944680293494,8.65627161634652e-13,1.727875771735618e-14,21.210232749455223,0.01190986668644678,5.4831362558513186e-14,21.263638304586728,0.011338214743045345,2.6497933698569755e-14,2.8943849312817958e-31
cool_reprocessed,100,3780.0,42.21581241617984,0.016173016412790543,0.016173016412790543,1.0122818721338098e-12,2.0206127979212016e-14,21.040306288593875,0.013927638457478153,6.412090193376562e-14,21.093711843725366,0.01325913713829292,3.098721842486139e-14,3.3847521505458915e-31
cool_reprocessed,100,3790.0,42.327494459608886,0.018897654071241797,0.018897654071241797,1.182819095332449e-12,2.3610216358180485e-14,20.871264119797424,0.01627400151468297,7.492322969028914e-14,20.92466967492893,0.015492879035505844,3.620757683519854e-14,3.954974979640886e-31
cool_reprocessed,100,3800.0,42.439176503037935,0.022849068928020695,0.022849068928020695,1.4301412723899153e-12,2.8547006889839744e-14,20.665112587321794,0.019676822368633284,9.058934156851405e-14,20.718518142453313,0.018732370676340673,4.37784190410727e-14,4.78194254047289e-31
cool_reprocessed,100,3810.0,42.55085854646698,0.027240491895574905,0.027240491895574905,1.7050039046575448e-12,3.403353161896051e-14,20.474246492821983,0.023458562882888265,1.0799994663223847e-13,20.527652047953488,0.02233259452283363,5.219230914161924e-14,5.700996720225686e-31
cool_reprocessed,100,3820.0,42.662540589896025,0.03205451129017008,0.03205451129017008,2.006317181097141e-12,4.004803686021348e-14,20.297560956985315,0.0276042287218337,1.2708601305482383e-13,20.35096651211682,0.026279275940213457,6.141588665334831e-14,6.708493533605487e-31
cool_reprocessed,100,3830.0,42.774222633325074,0.03800995033744568,0.03800995033744568,2.3790728151906787e-12,4.748860085212771e-14,20.112540601376658,0.03273284541206378,1.5069744789024972e-13,20.165946156508163,0.031161728355467454,7.282640438632548e-14,7.954871117614442e-31
cool_reprocessed,100,3840.0,42.88590467675412,0.044051995780306254,0.044051995780306254,2.757249211993156e-12,5.503736852530602e-14,19.952369884420513,0.03793604451382589,1.7465224973009843e-13,20.005775439552018,0.03611518336212464,8.440285846837228e-14,9.219374026932252e-31
cool_reprocessed,100,3850.0,42.99758672018317,0.04985207980184231,0.04985207980184231,3.120281052312723e-12,6.228383616239158e-14,19.81807565290594,0.04293087486662659,1.9764775095635015e-13,19.871481208037444,0.04087027094086152,9.551571867147865e-14,1.04332383033399e-30
cool_reprocessed,100,3860.0,43.10926876361222,0.05604561577131324,0.05604561577131324,3.5079393608361574e-12,7.002187199001919e-14,19.69092974403332,0.04826453233376161,2.2220316488690292e-13,19.744335299164824,0.0459479225485863,1.073824259702142e-13,1.1729445742761705e-30
cool_reprocessed,100,3870.0,43.22095080704126,0.06506205105262194,0.06506205105262194,4.072285167059306e-12,8.128676164080331e-14,19.528964481536313,0.05602917237172038,2.579504829943471e-13,19.582370036667818,0.053339873984365925,1.246577592997827e-13,1.361644059454036e-30
cool_reprocessed,100,3880.0,43.33263285047031,0.07515066894714749,0.07515066894714749,4.703739729946928e-12,9.389120716334258e-14,19.372451729861247,0.06471713873397998,2.979486665212313e-13,19.42585728499275,0.06161083375990665,1.4398737588604872e-13,1.5727826018444673e-30
cool_reprocessed,100,3890.0,43.44431489389936,0.08764048163850903,0.08764048163850903,5.485486971841341e-12,1.0949564032761295e-13,19.205521967769776,0.07547293042595732,3.474668290156767e-13,19.258927522901267,0.07185036700958447,1.6791763997993443e-13,1.8341742883919927e-30
cool_reprocessed,100,3900.0,43.55599693732841,0.10443028095192888,0.10443028095192888,6.5363737729144035e-12,1.304723601313438e-13,19.01521774079543,0.08993172083601285,4.140330803435354e-13,19.068623295926933,0.0856151617726066,2.0008660372519286e-13,2.1855577773024963e-30
cool_reprocessed,100,3910.0,43.66767898075745,0.11835314049863088,0.11835314049863088,7.407816549429819e-12,1.4786720316228049e-13,18.879334390760754,0.10192160256935211,4.692328210007968e-13,18.93273994589226,0.09702955098579728,2.2676256069331423e-13,2.4769408291070963e-30
cool_reprocessed,100,3920.0,43.7793610241865,0.13235184380080978,0.13235184380080978,8.284006446508539e-12,1.6535680332388936e-13,18.757958867148524,0.1139767983034058,5.247332581937631e-13,18.81136442228003,0.10850611924643865,2.535838329790696e-13,2.7699111686996004e-30
cool_reprocessed,100,3930.0,43.89104306761555,0.14690331592094877,0.14690331592094877,9.194794580528347e-12,1.8353701785164617e-13,18.644704859665516,0.1265080192915381,5.824252491614743e-13,18.698110414797036,0.120435864414593,2.814642007151354e-13,3.0744500703809025e-30
cool_reprocessed,100,3940.0,44.0027251110446,0.16216927189795385,0.16216927189795385,1.0150302823510995e-11,2.026098891283011e-13,18.537362439714975,0.13965452889300944,6.429499429565404e-13,18.59076799484648,0.1329513654615203,3.107135071060978e-13,3.3939419697549864e-30
cool_reprocessed,100,3950.0,44.11440715447364,0.17729402903752298,0.17729402903752298,1.1096973319727387e-11,2.2150635040777762e-13,18.440548582935627,0.15267944297338376,7.029148279579153e-13,18.493954138067146,0.1453511073512474,3.3969227897800147e-13,3.710478804616257e-30
cool_reprocessed,100,3960.0,44.22608919790269,0.19462160855749092,0.19462160855749092,1.218152020871395e-11,2.4315495821315573e-13,18.33930621254418,0.1676013509673964,7.716132079503266e-13,18.392711767675685,0.1595567908963548,3.7289162025454673e-13,4.0731171680917496e-30
cool_reprocessed,100,3970.0,44.33777124133174,0.21479358430703488,0.21479358430703488,1.3444100104461601e-11,2.6835727750756357e-13,18.23223059371788,0.18497275392908974,8.515887206087986e-13,18.285636148849385,0.1760943981049889,4.115407752827814e-13,4.495284168707856e-30
cool_reprocessed,100,3980.0,44.449453284760786,0.23671067814360497,0.23671067814360497,1.481590831972251e-11,2.957398999999204e-13,18.126739232737428,0.20384699180799026,9.384830752980342e-13,18.180144787868933,0.19406270688764074,4.5353354624261736e-13,4.953973683413213e-30
cool_reprocessed,100,3990.0,44.56113532818983,0.2567984934999749,0.2567984934999749,1.6073220549984192e-11,3.2083707158212354e-13,18.038302677723514,0.22114591877023804,1.018124918579089e-12,18.091708232855005,0.21053131681300843,4.920214514199001e-13,5.374379342393871e-30
cool_reprocessed,100,4000.0,44.672817371618876,0.2759846895446411,0.2759846895446411,1.727409971534886e-11,3.4480778445459534e-13,17.96007138198562,0.23766840258303354,1.094192126059884e-12,18.013476937117126,0.22626075144817107,5.287818696624796e-13,5.775915559667603e-30
cool_reprocessed,100,4010.0,44.784499415047925,0.2948782456382481,0.2948782456382481,1.8456662315024207e-11,3.6841288091068514e-13,17.888177021618596,0.25393887506210266,1.169099108563171e-12,17.9415825767501,0.24175027083535514,5.649815948437362e-13,6.1713272935524484e-30
cool_reprocessed,100,4020.0,44.896181458476974,0.31357674585006895,0.31357674585006895,1.9627016212986433e-11,3.917742798393705e-13,17.82142423454966,0.27004137220922486,1.2432327561023185e-12,17.874829789681165,0.25707987740107024,6.008075963447782e-13,6.562656821629167e-30
cool_reprocessed,100,4030.0,45.00786350190602,0.33197380233493856,0.33197380233493856,2.0778502509972263e-11,4.1475906315289507e-13,17.759524324874455,0.2858842765174421,1.3161712744731616e-12,17.812929880005974,0.2721623511120902,6.360560369028624e-13,6.947677617450721e-30
cool_reprocessed,100,4040.0,45.119545545335065,0.35140141637968386,0.35140141637968386,2.199449221865485e-11,4.390313971256971e-13,17.697775087657384,0.3026146611037489,1.3931956280739516e-12,17.751180642788874,0.2880897076616936,6.732790078387186e-13,7.354266325083035e-30
cool_reprocessed,100,4050.0,45.23122758876411,0.3709253058487671,0.3709253058487671,2.3216507882193463e-11,4.634240150019944e-13,17.6390676981491,0.3194279547323947,1.4706016833242697e-12,17.692473253280603,0.30409599377037017,7.106864408147261e-13,7.762869922462909e-30
cool_reprocessed,100,4060.0,45.34290963219316,0.3893656062911012,0.3893656062911012,2.4370700852634843e-11,4.864628261428923e-13,17.586389890595065,0.3353080992306708,1.5437116503281345e-12,17.63979544572657,0.3192139202100457,7.46017736043906e-13,8.148795744745145e-30
cool_reprocessed,100,4070.0,45.45459167562221,0.4079743077694903,0.4079743077694903,2.5535434176940713e-11,5.097120329700067e-13,17.535701821286985,0.3513332648360907,1.617489274251576e-12,17.58910737641849,0.33446990700743634,7.81671684732034e-13,8.538245929795543e-30
cool_reprocessed,100,4080.0,45.56627371905125,0.42678738325717624,0.42678738325717624,2.6712959431920867e-11,5.332165791402636e-13,17.48675492611411,0.36753443022033605,1.6920771765716664e-12,17.540160481245614,0.34989344591431637,8.177172104707754e-13,8.931973334072258e-30
cool_reprocessed,100,4090.0,45.6779557624803,0.4449505338930137,0.4449505338930137,2.784980537705656e-11,5.559091268311933e-13,17.441504526263735,0.3831759029578889,1.7640883321287512e-12,17.49491008139524,0.36478415640376977,8.525174914864579e-13,9.31209885677141e-30
cool_reprocessed,100,4100.0,45.78963780590935,0.46333572186935,0.46333572186935,2.9000548814718513e-11,5.788790819521146e-13,17.397544395882797,0.3990085865199163,1.836979795611852e-12,17.4509499510143,0.37985689994583094,8.877431921884194e-13,9.696871263802918e-30
cool_reprocessed,100,4102.88,45.821802234416914,0.4685861182352778,0.4685861182352778,2.932917527048236e-11,5.854387847437115e-13,17.385310310374855,0.40353004500834433,1.857795958898918e-12,17.43871586550636,0.3841613366488799,8.978028603947431e-13,9.806753613126064e-30
cool_reprocessed,100,4120.0,46.01300189276744,0.49768024397175253,0.49768024397175253,3.115019958140331e-11,6.217881961997938e-13,17.319907853714078,0.4285848927962664,1.9731449782520285e-12,17.37331340884557,0.4080135973040768,9.535466997668177e-13,1.0415646859390902e-29
cool_reprocessed,100,4130.0,46.12468393619649,0.5136147795092182,0.5136147795092182,3.214755474717756e-11,6.416963726426678e-13,17.28569007612156,0.44230715982977675,2.0363203788377773e-12,17.339095631253066,0.4210772204732938,9.84076992978396e-13,1.0749131053382892e-29
cool_reprocessed,100,4140.0,46.23636597962554,0.5295128021199622,0.5295128021199622,3.3142624540027226e-11,6.615589308253857e-13,17.25259269534535,0.45599798320247453,2.0993510172014483e-12,17.305998250476854,0.4341109092202385,1.0145373280568238e-12,1.1081851090559053e-29
cool_reprocessed,100,4150.0,46.34804802305459,0.5452812325500216,0.5452812325500216,3.4129583055924635e-11,6.812595800530151e-13,17.220732480727996,0.4695772063026302,2.1618678634995584e-12,17.2741380358595,0.44703835430478306,1.0447493667688511e-12,1.1411858971875903e-29
cool_reprocessed,100,4160.0,46.45973006648363,0.5601530938278092,0.5601530938278092,3.5060424600392936e-11,6.998400801031114e-13,17.191517009291424,0.4823843352747485,2.2208300962844965e-12,17.24492256442293,0.45923076437541804,1.0732435945638953e-12,1.1723103103198258e-29
cool_reprocessed,100,4170.0,46.57141210991268,0.5756305750462595,0.5756305750462595,3.6029172375318705e-11,7.19177225278363e-13,17.161924222418683,0.4957130030471069,2.2821934208530095e-12,17.21532977755019,0.4719196803322762,1.102898179642008e-12,1.2047021885582924e-29
cool_reprocessed,100,4180.0,46.68309415334173,0.5894472228922117,0.5894472228922117,3.689396727758894e-11,7.364393702915977e-13,17.13617154201068,0.5076114189629239,2.336972065663079e-12,17.189577097142184,0.48324699392085935,1.1293706368370255e-12,1.2336182097359726e-29
cool_reprocessed,100,4190.0,46.794776196770776,0.6025576162839774,0.6025576162839774,3.7714557155710345e-11,7.528191401484023e-13,17.112287406117098,0.5189016331403742,2.388950634628214e-12,17.165692961248602,0.4939952983485301,1.1544899227696862e-12,1.2610561539602714e-29
cool_reprocessed,100,4200.0,46.906458240199825,0.614961225500607,0.614961225500607,3.8490908854030264e-11,7.683158730297921e-13,17.090164522977368,0.529583189402225,2.4381270275721586e-12,17.143570078108873,0.5041641593337338,1.1782550225038555e-12,1.2870149126104603e-29
cool_reprocessed,100,4210.0,47.01814028362887,0.6275942679537442,0.6275942679537442,3.9281620959849556e-11,7.840992535730178e-13,17.068086435888368,0.5404623255766072,2.488213050833848e-12,17.121491991019873,0.5145211167549575,1.2024597123325455e-12,1.3134538381144107e-29
cool_reprocessed,100,4220.0,47.129822327057916,0.6398752774135782,0.6398752774135782,4.005029904255168e-11,7.994428136440426e-13,17.047045529688624,0.551038303197836,2.536903374464441e-12,17.10045108482013,0.524589466682299,1.2259899130629857e-12,1.3391560151969574e-29
cool_reprocessed,100,4230.0,47.241504370486965,0.651796675425852,0.651796675425852,4.079646876069857e-11,8.14337084927699e-13,17.027003504400547,0.561304595965049,2.584167952286415e-12,17.08040905953205,0.5343629960654698,1.248831104508503e-12,1.3641055833725303e-29
cool_reprocessed,100,4240.0,47.35318641391601,0.6629928240085257,0.6629928240085257,4.14972445441816e-11,8.283252492479219e-13,17.008511787333482,0.57094632918263,2.62855714518538e-12,17.061917342464987,0.5435419436216579,1.2702827306488272e-12,1.387537321167012e-29
cool_reprocessed,100,4250.0,47.464868457345055,0.6742137141965387,0.6742137141965387,4.2199568924285894e-11,8.42344325058688e-13,16.990289901126125,0.5806093690090234,2.6730444307350393e-12,17.04369545625763,0.5527411751081805,1.291781761275072e-12,1.4110208391611445e-29
cool_reprocessed,100,4260.0,47.576550500774104,0.6852134710604254,0.6852134710604254,4.288805239496276e-11,8.560871228929952e-13,16.972719125655352,0.5900819765183571,2.716654992498072e-12,17.026124680786857,0.5617591146825699,1.3128571042946994e-12,1.4340415606828748e-29
cool_reprocessed,100,4270.0,47.68823254420315,0.6957032422157567,0.6957032422157567,4.354461545731001e-11,8.691927584174631e-13,16.956223788488963,0.5991154020973726,2.75824362200238e-12,17.009629343620468,0.5703589522606638,1.3329553235582375e-12,1.4559949641609437e-29
cool_reprocessed,100,4280.0,47.7999145876322,0.7055627649096308,0.7055627649096308,4.41617307706295e-11,8.815109786109953e-13,16.940944723189922,0.6076060796518069,2.797333515416923e-12,16.994350278321427,0.5784420927323942,1.351845997720809e-12,1.4766293590008903e-29
cool_reprocessed,100,4290.0,47.911596631061244,0.7154768604323763,0.7154768604323763,4.478226184041444e-11,8.938973806165173e-13,16.925794875286833,0.6161437534257914,2.8366397728614653e-12,16.979200430418338,0.5865699736905969,1.3708412324752422e-12,1.4973779659922194e-29
cool_reprocessed,100,4300.0,48.02327867449029,0.7247776518074137,0.7247776518074137,4.536440571915328e-11,9.055175370570517e-13,16.91177187279707,0.6241532710280555,2.873514473068505e-12,16.965177427928573,0.5941950490128939,1.3886613871394285e-12,1.5168430260681738e-29
cool_reprocessed,100,4310.0,48.13496071791934,0.7345015080847912,0.7345015080847912,4.5973029564303106e-11,9.176662593100488e-13,16.897302127237175,0.6325271173896215,2.912066491991002e-12,16.95070768236868,0.6021669659765614,1.4072921268053303e-12,1.537193492923833e-29
cool_reprocessed,100,4320.0,48.24664276134839,0.7439876717997171,0.7439876717997171,4.6566776044218795e-11,9.29518014923427e-13,16.883369508906846,0.6406962711948108,2.9496761349770416e-12,16.93677506403835,0.6099440152543343,1.4254674516517164e-12,1.5570465074852558e-29
cool_reprocessed,100,4330.0,48.35832480477744,0.7527733872557254,0.7527733872557254,4.711668091433377e-11,9.40494649483239e-13,16.870623214026757,0.6482622233547793,2.9845087218485382e-12,16.924028769158248,0.6171468154689624,1.4423007298049929e-12,1.5754335965259184e-29
cool_reprocessed,100,4340.0,48.47000684820648,0.7609198518913063,0.7609198518913063,4.762657457066222e-11,9.50672621409026e-13,16.858936570043888,0.6552776749721578,3.016806881120291e-12,16.912342125175392,0.6238255381659848,1.4579092144939416e-12,1.5924828364393968e-29
cool_reprocessed,100,4350.0,48.58168889163553,0.7676539742648687,0.7676539742648687,4.804806860921997e-11,9.590860512253875e-13,16.849370100116154,0.6610768666228396,3.0435055494023362e-12,16.90277565524766,0.6293463791629986,1.4708116759496965e-12,1.6065762712101227e-29
cool_reprocessed,100,4360.0,48.69337093506458,0.774066262485174,0.774066262485174,4.8449418793912705e-11,9.670973901810948e-13,16.840338508708648,0.6665989059096438,3.068928246915959e-12,16.893744063840153,0.6346033706056121,1.4830975087599953e-12,1.6199961588733996e-29
cool_reprocessed,100,4370.0,48.80505297849363,0.7806570552749004,0.7806570552749004,4.8861941720603976e-11,9.753317479035267e-13,16.83113313417767,0.6722746671146388,3.09505865866782e-12,16.884538689309174,0.6400067055938796,1.495725353223613e-12,1.6337896278834147e-29
cool_reprocessed,100,4380.0,48.91673502192267,0.7880669841480606,0.7880669841480606,4.932573502178241e-11,9.845895120278199e-13,16.82087602370388,0.6786558397856433,3.124436686271646e-12,16.874281578835372,0.6460815935805466,1.509922648189796e-12,1.6492974169369064e-29
cool_reprocessed,100,4390.0,49.02841706535172,0.7958170327436861,0.7958170327436861,4.9810816685046116e-11,9.942722125069012e-13,16.810250781686428,0.6853299117158733,3.1551631811504246e-12,16.863656336817932,0.6524353221946203,1.5247716066343079e-12,1.665517021852494e-29
cool_reprocessed,100,4400.0,49.14009910878077,0.802629103942932,0.802629103942932,5.023718960217417e-11,1.0027830294715466e-12,16.800996597967533,0.6911962301804154,3.182170891906671e-12,16.854402153099038,0.6580200680404963,1.537823416685635e-12,1.6797735909752982e-29
cool_reprocessed,100,4410.0,49.251781152209816,0.8090818353820388,0.8090818353820388,5.064107115987728e-11,1.0108448970877176e-12,16.792302729351455,0.6967530977586865,3.2077539340091126e-12,16.84570828448296,0.6633102160799201,1.550186738000417e-12,1.6932781197891927e-29
cool_reprocessed,100,4420.0,49.36346319563886,0.8162854197274938,0.8162854197274938,5.109194919407775e-11,1.019844859956623e-12,16.78267875850687,0.7029565737090419,3.236313870733175e-12,16.836084313638374,0.6692159364653956,1.5639886804369555e-12,1.7083540629420325e-29
cool_reprocessed,100,4430.0,49.475145239067906,0.8227625389532522,0.8227625389532522,5.1497357202610985e-11,1.0279371970118667e-12,16.77409758256733,0.7085344431997943,3.2619936027069655e-12,16.827503137698834,0.6745260783636927,1.5763987283272004e-12,1.7219096314699852e-29
cool_reprocessed,100,4440.0,49.586827282496955,0.8289380888610227,0.8289380888610227,5.188388974932563e-11,1.0356527615419153e-12,16.76597861808846,0.7138526116970152,3.286477707583658e-12,16.81938417321998,0.6795889844438934,1.5882309746442434e-12,1.7348340639305856e-29
cool_reprocessed,100,4450.0,49.698509325926004,0.8355169796332154,0.8355169796332154,5.229566771933821e-11,1.0438722492065078e-12,16.757395656334985,0.7195181232990361,3.3125609315951723e-12,16.81080121146649,0.6849825617914909,1.6008360150490756e-12,1.7486026239326486e-29
cool_reprocessed,100,4460.0,49.810191369355046,0.8419887518770204,0.8419887518770204,5.270074105604746e-11,1.051957905887547e-12,16.749018132295852,0.7250913881551562,3.3382194644743266e-12,16.802423687427357,0.6902883200692447,1.6132358182148068e-12,1.7621470020875724e-29
cool_reprocessed,100,4470.0,49.921873412784095,0.8486751779929295,0.8486751779929295,5.3119249748164035e-11,1.0603117452934574e-12,16.740430106447555,0.7308495054499221,3.364729032159332e-12,16.79383566157906,0.6957700582047346,1.6260468944696673e-12,1.7761406162642023e-29
cool_reprocessed,100,4480.0,50.03355545621314,0.854715187932849,0.854715187932849,5.3497298741229607e-11,1.0678579698644781e-12,16.732730303648687,0.7360509516474443,3.3886757638729195e-12,16.78613585878019,0.7007218444433678,1.6376194485634477e-12,1.7887813853771877e-29
cool_reprocessed,100,4490.0,50.14523749964219,0.8603743422221071,0.8603743422221071,5.385150967828732e-11,1.0749283637170697e-12,16.725565230465968,0.7409244182231375,3.4111125232224364e-12,16.778970785597473,0.705361393485604,1.648462289848302e-12,1.800625084883786e-29
cool_reprocessed,100,4500.0,50.25691954307124,0.8657326050792162,0.8657326050792162,5.418688758293657e-11,1.0816228319766445e-12,16.71882442141611,0.7455387675769742,3.432356343078102e-12,16.772229976547628,0.7097542624614399,1.6587286283774434e-12,1.8118390670290384e-29
cool_reprocessed,100,4510.0,50.36860158650028,0.8705627701694272,0.8705627701694272,5.448921143121803e-11,1.087657509212014e-12,16.712783630527106,0.7496983375266583,3.4515064220842898e-12,16.76618918565861,0.7137141806175268,1.6679831407614248e-12,1.8219478255063088e-29
cool_reprocessed,100,4520.0,50.48028362992933,0.8756715151621424,0.8756715151621424,5.480897181564391e-11,1.094040236620509e-12,16.70643080001515,0.7540978107859395,3.471760982416241e-12,16.759836355146653,0.7179024871606036,1.6777714073980052e-12,1.8326396069027637e-29
cool_reprocessed,100,4530.0,50.59196567335838,0.8811992619820321,0.8811992619820321,5.515495785539679e-11,1.1009464535455746e-12,16.699598544921635,0.7588581138256998,3.4936767526539143e-12,16.75300410005314,0.7224343043108488,1.6883624742548834e-12,1.8442082917162522e-29
cool_reprocessed,100,4540.0,50.70364771678743,0.8865403164929586,0.8865403164929586,5.54892586760658e-11,1.1076194221642408e-12,16.693037630666105,0.7634576439511398,3.51485234685211e-12,16.74644318579761,0.7268130653543028,1.6985958418917505e-12,1.85538625956135e-29
cool_reprocessed,100,4550.0,50.81532976021647,0.8911909119196557,0.8911909119196557,5.578034311726817e-11,1.1134297499332194e-12,16.687356984158562,0.7674625747606958,3.533290488858386e-12,16.740762539290067,0.7306257667677837,1.7075063019206388e-12,1.8651192076212943e-29
cool_reprocessed,100,4560.0,50.92701180364552,0.8960182162441956,0.8960182162441956,5.60824879079666e-11,1.1194608530055636e-12,16.6814917591664,0.7716196811186192,3.5524292258322426e-12,16.734897314297903,0.7345833395800346,1.7167553331273031e-12,1.8752219789762433e-29
cool_reprocessed,100,4570.0,51.03869384707457,0.9016164308361321,0.9016164308361321,5.643288458123347e-11,1.1264551104534385e-12,16.674729312833,0.7764406685493997,3.5746243785292897e-12,16.728134867964506,0.7391729283808829,1.7274814150109765e-12,1.8869381415000682e-29
cool_reprocessed,100,4580.0,51.15037589050362,0.907160823779241,0.907160823779241,5.67799125149872e-11,1.133382124593293e-12,16.668073140006733,0.7812153066507217,3.5966061453879565e-12,16.721478695138238,0.7437183925358025,1.7381043755507003e-12,1.8985416639714967e-29
cool_reprocessed,100,4590.0,51.26205793393266,0.9126141932124695,0.9126141932124695,5.7121243215359205e-11,1.140195416429106e-12,16.661565809924262,0.7859115584755204,3.6182270327791356e-12,16.714971365055767,0.7481892328129301,1.7485529366271156e-12,1.9099546888802226e-29
cool_reprocessed,100,4600.0,51.37373997736171,0.9175068847782495,0.9175068847782495,5.7427480645135396e-11,1.14630821254689e-12,16.65576052732154,0.7901249740482794,3.6376250095123707e-12,16.709166082453045,0.7522004121001001,1.7579272486518285e-12,1.920194305211864e-29
cool_reprocessed,100,4610.0,51.48542202079076,0.9212607667595605,0.9212607667595605,5.7662439083488655e-11,1.1509982108624324e-12,16.65132741557479,0.7933576864695933,3.652507965928851e-12,16.704732970706296,0.7552779602037308,1.7651196213006339e-12,1.9280505762900838e-29
cool_reprocessed,100,4620.0,51.597104064219806,0.9250596052478977,0.9250596052478977,5.790021138512725e-11,1.155744376618314e-12,16.64685956442002,0.7966291138690035,3.6675691606964666e-12,16.700265119551524,0.7583923650369104,1.7723981298357382e-12,1.9360009341050967e-29
cool_reprocessed,100,4630.0,51.70878610764885,0.9290690926753238,0.9290690926753238,5.81511683702523e-11,1.1607537214443999e-12,16.642163825172794,0.8000819447982314,3.6834655119754605e-12,16.6955693803043,0.7616794663603506,1.7800802380779044e-12,1.9443921462613117e-29
cool_reprocessed,100,4640.0,51.8204681510779,0.9330021002339552,0.9330021002339552,5.839733841997902e-11,1.16566751439709e-12,16.637577303383047,0.8034689139281104,3.6990586447303565e-12,16.690982858514552,0.7649038671310437,1.7876158122203728e-12,1.952623298355897e-29
cool_reprocessed,100,4650.0,51.932150194506946,0.9363390115935456,0.9363390115935456,5.860619833775907e-11,1.169836560929056e-12,16.633701061320544,0.806342545772339,3.712288444329197e-12,16.68710661645205,0.7676395698723176,1.7940092764032357e-12,1.9596069170033268e-29
cool_reprocessed,100,4660.0,52.043832237935995,0.9408071199612099,0.9408071199612099,5.88858607697924e-11,1.1754188943168223e-12,16.62853236816259,0.8101903250823536,3.7300030827837686e-12,16.681937923294093,0.7713026627724622,1.8025700943979091e-12,1.968957949006462e-29
cool_reprocessed,100,4670.0,52.15551428136504,0.9453506352472129,0.9453506352472129,5.91702429804075e-11,1.1810954390627902e-12,16.623301555871386,0.8141030422041532,3.748016685852764e-12,16.676707111002877,0.7750275765875128,1.8112753907378498e-12,1.978466795558534e-29
cool_reprocessed,100,4680.0,52.267196324794085,0.9496600206332904,0.9496600206332904,5.943997081565008e-11,1.1864794682630553e-12,16.618363468811204,0.8178141348104627,3.765102037816975e-12,16.67176902394271,0.7785605434971716,1.8195320982577706e-12,1.9874856458958907e-29
cool_reprocessed,100,4690.0,52.378878368223134,0.9536668213252282,0.9536668213252282,5.969075963587869e-11,1.1914854563547052e-12,16.613792173007432,0.8212646520166622,3.780987737038345e-12,16.667197728138937,0.7818454421520813,1.8272090587614257e-12,1.995871235146959e-29
cool_reprocessed,100,4700.0,52.49056041165218,0.9572416990439062,0.9572416990439062,5.991451405604059e-11,1.1959518116003795e-12,16.609729834435605,0.8243432122013948,3.7951609980908275e-12,16.66313538956711,0.7847762370461676,1.8340584623534015e-12,2.0033528791009372e-29
cool_reprocessed,100,4710.0,52.60224245508123,0.9611590802862942,0.9611590802862942,6.015970604229062e-11,1.2008460814574517e-12,16.605295673857448,0.8277167244919615,3.81069217743729e-12,16.658701228988953,0.787987826881365,1.84156409674547e-12,2.011551327829521e-29
cool_reprocessed,100,4715.31,52.66154562014206,0.9632002384343991,0.9632002384343991,6.028746374306502e-11,1.2033962490770061e-12,16.602992403246198,0.8294744987992243,3.818784724807887e-12,16.656397958377703,0.7896612312183114,1.8454749202901114e-12,2.0158231434606103e-29
cool_reprocessed,100,4730.0,52.82560654193932,0.9684712692516811,0.9684712692516811,6.061738172543803e-11,1.2099817319923726e-12,16.597067003222,0.8340137269584978,3.839682697177315e-12,16.650472558353492,0.7939825846803185,1.8555741237466864e-12,2.0268545629800263e-29
cool_reprocessed,100,4740.0,52.93728858536837,0.9719351933544724,0.9719351933544724,6.083419147114073e-11,1.2143094648002067e-12,16.593190586732483,0.8369967377535443,3.853416062186789e-12,16.646596141863988,0.7968224163816715,1.8622109421385507e-12,2.0341039988657017e-29
cool_reprocessed,100,4750.0,53.04897062879742,0.9752624299674161,0.9752624299674161,6.104244583888621e-11,1.21846642396616e-12,16.58948012126654,0.8398620380429149,3.866607504470882e-12,16.64288567639803,0.7995501874675701,1.8685858696749467e-12,2.0410673698248323e-29
cool_reprocessed,100,4760.0,53.16065267222646,0.9783883489874735,0.9783883489874735,6.123809957947476e-11,1.2223718623927222e-12,16.586005676001214,0.8425539706328233,3.879000786084043e-12,16.63941123113272,0.802112912188319,1.8745750762014635e-12,2.0476094154491745e-29
cool_reprocessed,100,4770.0,53.27233471565551,0.9817905840024664,0.9817905840024664,6.145104815644475e-11,1.2266225225277067e-12,16.582236700240763,0.8454838569339783,3.892489573344498e-12,16.635642255372268,0.804902169274883,1.8810936993730146e-12,2.0547297459983676e-29
cool_reprocessed,100,4780.0,53.38401675908456,0.9847577172218386,0.9847577172218386,6.163676336834556e-11,1.2303295782822905e-12,16.578960374504767,0.8480390487225622,3.9042533194094146e-12,16.632365929636272,0.8073347165041143,1.8867786750644783e-12,2.060939478486665e-29
cool_reprocessed,100,4790.0,53.49569880251361,0.9881316112216333,0.9881316112216333,6.18479380587881e-11,1.2345448299216958e-12,16.575246874325295,0.8509445287284955,3.917629743495936e-12,16.628652429456814,0.8101007387532453,1.8932429973433627e-12,2.0680004958504309e-29
cool_reprocessed,100,4800.0,53.60738084594266,0.9911576477803739,0.9911576477803739,6.203734007722694e-11,1.2383254779106093e-12,16.5719270159533,0.853550446021445,3.929627022697206e-12,16.625332571084805,0.8125815767548746,1.8990408308095516e-12,2.074333503551905e-29
cool_reprocessed,100,4810.0,53.7190628893717,0.9952281321229501,0.9952281321229501,6.229211490745193e-11,1.243411030627815e-12,16.56747724748191,0.8570558053695871,3.945765207479289e-12,16.620882802613416,0.8159186852286415,1.906839808081265e-12,2.082852372438604e-29
cool_reprocessed,100,4820.0,53.83074493280075,0.9993263608801216,0.9993263608801216,6.254862628250137e-11,1.2485312464639903e-12,16.563015497638055,0.8605850572412901,3.962013390102347e-12,16.61642105276956,0.819278539428286,1.9146919431692553e-12,2.0914293059216457e-29
cool_reprocessed,100,4830.0,53.9424269762298,1.0036803875603715,1.0036803875603715,6.282114825160778e-11,1.2539710492862055e-12,16.558295262069457,0.8643345933753643,3.979275730698286e-12,16.611700817200976,0.8228481046462848,1.923034182633124e-12,2.1005415833060023e-29
cool_reprocessed,100,4840.0,54.054109019658846,1.0080938669047983,1.0080938669047983,6.309739140992592e-11,1.2594851306542657e-12,16.5535314253814,0.8681353280731979,3.996773782329946e-12,16.606936980512906,0.8264664109900846,1.931490332368507e-12,2.109778285551988e-29
cool_reprocessed,100,4850.0,54.16579106308789,1.0125884638142848,1.0125884638142848,6.337871178071484e-11,1.2651005581076272e-12,16.548701418641492,0.8720059183928811,4.014593439486607e-12,16.602106973772997,0.8301512200129144,1.9401019019490472e-12,2.1191847538117925e-29
cool_reprocessed,100,4860.0,54.277473106516936,1.0170176775667068,1.0170176775667068,6.36559397680578e-11,1.2706342976182078e-12,16.543962602310863,0.8758202030148788,4.0321538730763565e-12,16.597368157442368,0.8337824259091585,1.9485881985367486e-12,2.128454385642427e-29
cool_reprocessed,100,4870.0,54.389155149945985,1.0215019545680029,1.0215019545680029,6.393661420764155e-11,1.2762368316582258e-12,16.539185851899425,0.8796819061890526,4.04993261505652e-12,16.59259140703093,0.8374587743533025,1.9571799953525148e-12,2.1378392559946126e-29
cool_reprocessed,100,4880.0,54.500837193375034,1.025842438456033,1.025842438456033,6.420828852268564e-11,1.2816597144832183e-12,16.53458220282115,0.8834197797421385,4.067141262758711e-12,16.58798775795264,0.8410172367729924,1.9654962870618095e-12,2.1469231904935604e-29
cool_reprocessed,100,4890.0,54.612519236804076,1.030041922228643,1.030041922228643,6.447113752913141e-11,1.286906435588928e-12,16.530146605175723,0.887036228906606,4.0837908895372384e-12,16.583552160307228,0.8444601029539129,1.973542424999975e-12,2.1557120344344363e-29
cool_reprocessed,100,4900.0,54.724201280233125,1.0330101777580651,1.0330101777580651,6.465692298730474e-11,1.290614893527243e-12,16.527022355703743,0.8895923871895167,4.0955590852070285e-12,16.580427910835247,0.8468935702875009,1.9792295510179927e-12,2.1619241157371153e-29
cool_reprocessed,100,4910.0,54.83588332366217,1.0364033757488291,1.0364033757488291,6.486930592979003e-11,1.2948542630493042e-12,16.52346180957324,0.8925144911201492,4.1090120435207016e-12,16.576867364704746,0.8496754185431755,1.9857308594081487e-12,2.1690255332484356e-29
cool_reprocessed,100,4920.0,54.94756536709122,1.0396184728139435,1.0396184728139435,6.507054139465927e-11,1.2988711181062192e-12,16.52009888728167,0.8952832207365488,4.1217588879162025e-12,16.573504442413174,0.8523112541727961,1.9918909295194382e-12,2.1757542141744952e-29
cool_reprocessed,100,4930.0,55.059247410520264,1.042955156700566,1.042955156700566,6.527938707472657e-11,1.3030398804396296e-12,16.516619767457904,0.8981566566889799,4.134987785656571e-12,16.57002532258941,0.8550467704247227,1.998283957868047e-12,2.1827373567575976e-29
cool_reprocessed,100,4940.0,55.17092945394931,1.045969733593801,1.045969733593801,6.54680718236496e-11,1.3068062110333282e-12,16.513486062112754,0.9007527053171159,4.146939630903574e-12,16.56689161724426,0.8575182134395037,2.004059834814251e-12,2.1890463812227518e-29
cool_reprocessed,100,4950.0,55.28261149737836,1.0485487578567245,1.0485487578567245,6.562949498940402e-11,1.3100283739859928e-12,16.510812281535713,0.9029736711895465,4.157164647537883e-12,16.56421783666722,0.8596325769887824,2.009001200488933e-12,2.19444386410253e-29
cool_reprocessed,100,4960.0,55.39429354080741,1.0506103631134522,1.0506103631134522,6.575853249085803e-11,1.3126040876683896e-12,16.50867965598632,0.9047490538346188,4.165338261236081e-12,16.562085211117825,0.8613227444953435,2.012951200338407e-12,2.1987584722425225e-29
cool_reprocessed,100,4970.0,55.50597558423646,1.0523425191898017,1.0523425191898017,6.58669495078845e-11,1.314768196481821e-12,16.506891061476644,0.906240726319675,4.172205712988479e-12,16.56029661660815,0.862742819413655,2.0162699812827795e-12,2.2023835962483748e-29
cool_reprocessed,100,4980.0,55.6176576276655,1.053626445280464,1.053626445280464,6.594731145605572e-11,1.3163722989103112e-12,16.505567200358946,0.9073463987521053,4.177296074418178e-12,16.55897275549045,0.8637954215799435,2.0187299613630114e-12,2.2050706470035287e-29
cool_reprocessed,100,4990.0,55.72933967109455,1.0540392643286491,1.0540392643286491,6.597315012636208e-11,1.3168880638305327e-12,16.505141883772616,0.9077019041386536,4.178932771557997e-12,16.55854743890412,0.8641338633544078,2.0195209154861975e-12,2.2059346108587968e-29
cool_reprocessed,100,5000.0,55.8410217145236,1.0541864450538174,1.0541864450538174,6.598236228420652e-11,1.3170719474359726e-12,16.504990287630413,0.9078286510531273,4.1795162966472066e-12,16.558395842761918,0.8642545266474703,2.0198029111982104e-12,2.2062426364387613e-29
cool_reprocessed,100,5010.0,55.95270375795265,1.054801853016509,1.054801853016509,6.602088115469422e-11,1.3178408214503305e-12,16.504356646632637,0.9083586189570396,4.181956194846643e-12,16.55776220176414,0.8647590570557172,2.02098202216141e-12,2.2075305863004438e-29
cool_reprocessed,100,5020.0,56.06438580138169,1.0561389909324632,1.0561389909324632,6.610457367304179e-11,1.3195114052898583e-12,16.502981165889587,0.9095101155601387,4.187257524357012e-12,16.55638672102109,0.8658552839158113,2.0235439551742934e-12,2.21032900084544e-29
cool_reprocessed,100,5030.0,56.17606784481074,1.0579272763237417,1.0579272763237417,6.62165038682255e-11,1.3217456405467366e-12,16.5011443202931,0.911050124656328,4.194347511115022e-12,16.554549875424605,0.8673213753758198,2.026970278910768e-12,2.2140715944775922e-29
cool_reprocessed,100,5040.0,56.28774988823979,1.058937432045614,1.058937432045614,6.627973031276647e-11,1.323007701703055e-12,16.500108106010153,0.9119200355820883,4.198352459501074e-12,16.553513661141658,0.8681495321590369,2.028905719721427e-12,2.2161856878938882e-29
cool_reprocessed,100,5050.0,56.399431931668836,1.0600001384758908,1.0600001384758908,6.634624594765561e-11,1.3243354182889062e-12,16.499019051798108,0.9128352013476797,4.202565754848148e-12,16.552424606929613,0.8690207716320669,2.0309418467762696e-12,2.2184097614887396e-29
cool_reprocessed,100,5060.0,56.51111397509788,1.0608500296272707,1.0608500296272707,6.639944130613855e-11,1.3253972492383636e-12,16.498148874681,0.9135670980070604,4.205935304830729e-12,16.551554429812505,0.8697175385827179,2.03257022345462e-12,2.2201884469416822e-29
cool_reprocessed,100,5070.0,56.62279601852693,1.0611347369249853,1.0611347369249853,6.641726136078912e-11,1.3257529548128464e-12,16.497857527610456,0.9138122780160064,4.207064079343203e-12,16.55126308274196,0.8699509503970831,2.033115717689972e-12,2.220784293513292e-29
cool_reprocessed,100,5080.0,56.734478061955976,1.0615019242642727,1.0615019242642727,6.644024390639167e-11,1.326211708713827e-12,16.497481892345625,0.914128486964123,4.208519861169724e-12,16.55088744747713,0.8702519818907015,2.033819242251806e-12,2.2215527575428737e-29
cool_reprocessed,100,5090.0,56.846160105385025,1.0610272896333282,1.0610272896333282,6.641053614993307e-11,1.3256187130813828e-12,16.497967471538665,0.9137197481506282,4.206638084768317e-12,16.55137302667017,0.8698628617969818,2.032909850546159e-12,2.2205594236175197e-29
cool_reprocessed,100,5100.0,56.957842148814066,1.0602662725361356,1.0602662725361356,6.63629034887022e-11,1.3246679189643325e-12,16.498746490402475,0.9130643867313896,4.203620892340292e-12,16.55215204553398,0.8692389565341218,2.0314517550113582e-12,2.2189667372623096e-29
cool_reprocessed,100,5110.0,57.069524192243115,1.0592848728600113,1.0592848728600113,6.630147690777862e-11,1.3234417848315035e-12,16.499751930859226,0.9122192395107056,4.1997299525932176e-12,16.55315748599073,0.868434374843169,2.029571410284687e-12,2.216912825623612e-29
cool_reprocessed,100,5120.0,57.181206235672164,1.0578761297851906,1.0578761297851906,6.621330256597759e-11,1.3216817394489277e-12,16.501196812550653,0.9110060790386701,4.194144731243971e-12,16.554602367682158,0.8672794438677145,2.026872283031625e-12,2.2139645530006433e-29
cool_reprocessed,100,5130.0,57.29288827910121,1.0563050314568017,1.0563050314568017,6.61149662806134e-11,1.3197188518167696e-12,16.50281048566594,0.9096531038768044,4.187915822593185e-12,16.55621604079743,0.865991409053295,2.0238620859338084e-12,2.2106764969509827e-29
cool_reprocessed,100,5140.0,57.40457032253026,1.0545364863979707,1.0545364863979707,6.600427164843022e-11,1.3175092795957536e-12,16.50462983006785,0.9081300944673986,4.180904100018473e-12,16.558035385199354,0.8645415013260176,2.020473584331296e-12,2.2069752166589024e-29
cool_reprocessed,100,5150.0,57.5162523659593,1.0531888193907908,1.0531888193907908,6.591992010594603e-11,1.3158255409952718e-12,16.50601825678269,0.9069695305776452,4.175561025986939e-12,16.559423811914193,0.8634366423925399,2.017891477762577e-12,2.2041547664198458e-29
cool_reprocessed,100,5160.0,57.62793440938835,1.0518870659764326,1.0518870659764326,6.58384423315031e-11,1.3141991655921592e-12,16.50736106917403,0.9058485058749416,4.17039998484943e-12,16.560766624305536,0.8623694248370339,2.0153973408399107e-12,2.2014304059441803e-29
cool_reprocessed,100,5170.0,57.7396164528174,1.0502910440517033,1.0502910440517033,6.573854605855715e-11,1.3122051390948385e-12,16.50900970123994,0.904474067379952,4.164072262011113e-12,16.562415256371445,0.8610609568904504,2.012339390564578e-12,2.1980901888169825e-29
cool_reprocessed,100,5180.0,57.85129849624645,1.0487494307983212,1.0487494307983212,6.564205526732752e-11,1.3102790893155498e-12,16.51060451148198,0.90314648373777,4.1579602523700586e-12,16.564010066613484,0.8597970948489428,2.0093856863581423e-12,2.194863840285877e-29
cool_reprocessed,100,5190.0,57.96298053967549,1.0470619851953376,1.0470619851953376,6.553643671414524e-11,1.308170840554677e-12,16.512352876021502,0.901693314355191,4.151270063523042e-12,16.565758431153007,0.8584136749542056,2.0061525699038507e-12,2.1913322881079476e-29
cool_reprocessed,100,5200.0,58.07466258310454,1.045372824765858,1.045372824765858,6.543071082861806e-11,1.306060449336098e-12,16.514105841536697,0.9002386682237578,4.144573075930585e-12,16.567511396668202,0.8570288491918737,2.0029161678717896e-12,2.187797147074036e-29
cool_reprocessed,100,5210.0,58.18634462653359,1.0440633628655134,1.0440633628655134,6.534875057394841e-11,1.3044244431597028e-12,16.515466716196094,0.8991110052413954,4.139381473080816e-12,16.5688722713276,0.8559553119820612,2.000407261623916e-12,2.1850566539773098e-29
cool_reprocessed,100,5220.0,58.29802666996264,1.0427664354539714,1.0427664354539714,6.526757486283374e-11,1.3028040972335934e-12,16.516816247651015,0.8979941365242362,4.134239565520212e-12,16.57022180278252,0.8548920509323508,1.997922371238789e-12,2.1823423935491518e-29
cool_reprocessed,100,5229.38,58.402784426699085,1.0410334440964792,1.0410334440964792,6.515910556490077e-11,1.3006389448425614e-12,16.51862215225021,0.8965017447241515,4.127368802141902e-12,16.572027707381714,0.853471291224824,1.9946019899102613e-12,2.1787155214342447e-29
cool_reprocessed,100,5240.0,58.52139075682073,1.0386501988317023,1.0386501988317023,6.500993636128366e-11,1.2976613828592663e-12,16.521110585344637,0.8944493769062929,4.117919987399711e-12,16.574516140476142,0.8515174333300856,1.9900357333941758e-12,2.17372777250149e-29
cool_reprocessed,100,5250.0,58.63307280024978,1.036424049563312,1.036424049563312,6.487059992016848e-11,1.2948800923522985e-12,16.523440151900637,0.8925322946891499,4.109094008665435e-12,16.576845707032128,0.8496923675732391,1.9857704700774694e-12,2.1690688002162322e-29
cool_reprocessed,100,5260.0,58.74475484367883,1.0339523426436956,1.0339523426436956,6.471589383170026e-11,1.2917920087771547e-12,16.526032552949296,0.8904037467751048,4.09929447140185e-12,16.579438108080787,0.8476659860884012,1.9810347225678204e-12,2.163895915271236e-29
cool_reprocessed,100,5270.0,58.85643688710787,1.0314092835676631,1.0314092835676631,6.455672175540179e-11,1.2886147797533611e-12,16.528706266520793,0.8882137528690219,4.089212045374192e-12,16.582111821652298,0.8455811079074065,1.9761622655662915e-12,2.1585737017416937e-29
cool_reprocessed,100,5280.0,58.96811893053692,1.0286337126703733,1.0286337126703733,6.438299658055273e-11,1.2851470567674584e-12,16.531631972092065,0.8858235278804428,4.0782077834126075e-12,16.585037527223555,0.8433056093717641,1.9708443199553544e-12,2.1527648783757786e-29
cool_reprocessed,100,5290.0,59.079800973965966,1.0258181392134986,1.0258181392134986,6.420676761390176e-11,1.2816293556687637e-12,16.534607921078496,0.883398854080767,4.067044923936821e-12,16.58801347621,0.8409973155053144,1.9654497301353373e-12,2.1468723360880955e-29
cool_reprocessed,100,5300.0,59.191483017395015,1.0227760334087534,1.0227760334087534,6.401635980866259e-11,1.2778286311998035e-12,16.537832500043784,0.8807790985128211,4.054983935250509e-12,16.59123805517529,0.8385033034407242,1.9596211082730214e-12,2.1405056980398856e-29
cool_reprocessed,100,5310.0,59.303165060824064,1.0194793063402317,1.0194793063402317,6.381001505740158e-11,1.2737097898310159e-12,16.541337819848728,0.8779400719805138,4.041913453673807e-12,16.594743374980233,0.8358005450193278,1.9533046364936047e-12,2.1336061786489837e-29
cool_reprocessed,100,5320.0,59.414847104253106,1.0158534402962607,1.0158534402962607,6.358306923768457e-11,1.2691797311548856e-12,16.545206217493877,0.8748176024258711,4.027538040015872e-12,16.598611772625382,0.8328279483252398,1.94635754015634e-12,2.126017824332954e-29
cool_reprocessed,100,5330.0,59.526529147682155,1.0122217577402641,1.0122217577402641,6.33557593578855e-11,1.2646424054864159e-12,16.54909468617955,0.8716901238936507,4.013139565724864e-12,16.60250024131104,0.8298505830753893,1.939399299483102e-12,2.1184172969929906e-29
cool_reprocessed,100,5340.0,59.6382111911112,1.0088930013784791,1.0088930013784791,6.314740986785962e-11,1.2604835475874869e-12,16.552671083363713,0.8688235148495083,3.999942098116619e-12,16.606076638495217,0.8271215660525681,1.933021460134333e-12,2.111450745444026e-29
cool_reprocessed,100,5350.0,59.74989323454025,1.0052776985525254,1.0052776985525254,6.292112520830205e-11,1.255966686309398e-12,16.556568736511885,0.865710141970324,3.985608564281798e-12,16.60997429164339,0.8241576294100584,1.926094602739243e-12,2.1038844982439404e-29
cool_reprocessed,100,5360.0,59.861575277969294,1.0013981564559469,1.0013981564559469,6.26783016040769e-11,1.251119691654634e-12,16.560766887946848,0.8623692154342587,3.97022740519722e-12,16.614172443078353,0.8209770612724021,1.9186614674930535e-12,2.095765240760134e-29
cool_reprocessed,100,5370.0,59.97325732139834,0.9975619735864573,0.9975619735864573,6.243819188812413e-11,1.246326868841985e-12,16.56493414239089,0.859065628354438,3.955018151753317e-12,16.618339697522394,0.8178320403649909,1.9113114077725564e-12,2.0877367271631753e-29
cool_reprocessed,100,5380.0,60.08493936482739,0.9938773114878381,0.9938773114878381,6.220756597690445e-11,1.2417233519701435e-12,16.568951915504023,0.8558925256852936,3.940409630309056e-12,16.622357470635528,0.8148112408538233,1.9042516592162253e-12,2.0800253221636273e-29
cool_reprocessed,100,5390.0,60.19662140825644,0.9903699522567389,0.9903699522567389,6.19880375922121e-11,1.2373413524912701e-12,16.572790218255783,0.8528721100705161,3.926504058734546e-12,16.626195773387273,0.8119357996960673,1.897531619873251e-12,2.0726849835420634e-29
cool_reprocessed,100,5400.0,60.30830345168548,0.9869707008110374,0.9869707008110374,6.177527575920072e-11,1.2330944199468224e-12,16.57652320578493,0.8499447931153221,3.91302710038399e-12,16.629928760916435,0.8091489886315307,1.8910187131686194e-12,2.065570897123413e-29
cool_reprocessed,100,5410.0,60.41998549511453,0.9834542476037277,0.9834542476037277,6.155517817535413e-11,1.2287010587007647e-12,16.58039845575656,0.8469165460849589,3.899085474066078e-12,16.633804010888063,0.8062660919518961,1.8842812499252424e-12,2.0582115262726403e-29
cool_reprocessed,100,5420.0,60.53166753854358,0.9799456719672521,0.9799456719672521,6.133557365488846e-11,1.2243175394780116e-12,16.58427885894144,0.8438950829442365,3.8851750798284445e-12,16.63768441407293,0.8033896535475359,1.8775588799707033e-12,2.0508686419103138e-29
cool_reprocessed,100,5430.0,60.64334958197263,0.9762766789648225,0.9762766789648225,6.110592848477608e-11,1.2197335991498921e-12,16.588351568985694,0.8407354739550039,3.870628681401592e-12,16.6417571241172,0.8003817000441819,1.870529153130405e-12,2.0431900298083124e-29
cool_reprocessed,100,5440.0,60.75503162540167,0.9725731106126884,0.9725731106126884,6.08741192162151e-11,1.2151064613177808e-12,16.592478211386684,0.8375460898788035,3.855945202633563e-12,16.64588376651819,0.79734540060389,1.8634331805208535e-12,2.035439057061716e-29
cool_reprocessed,100,5450.0,60.86671366883072,0.9691272656154074,0.9691272656154074,6.065844105600673e-11,1.2108013160539375e-12,16.596331826128612,0.8345786481797595,3.842283515567268e-12,16.649737381260117,0.7945203907102432,1.8568310013810047e-12,2.0282274578353835e-29
cool_reprocessed,100,5460.0,60.97839571225977,0.9656320317167133,0.9656320317167133,6.043967160544725e-11,1.2064344656364458e-12,16.60025469769358,0.8315686744789454,3.828426017106035e-12,16.653660252825084,0.7916548902735685,1.8501341939642286e-12,2.0209124955838707e-29
cool_reprocessed,100,5470.0,61.09007775568882,0.9621286185751626,0.9621286185751626,6.02203902096167e-11,1.2020573962948082e-12,16.60420102440701,0.8285516570990517,3.814536090530237e-12,16.657606579538516,0.7887826842416015,1.843421715260262e-12,2.0135804154929014e-29
cool_reprocessed,100,5480.0,61.201759799117866,0.9586772359915949,0.9586772359915949,6.000436544750857e-11,1.1977453325208767e-12,16.608102819116176,0.8255794466235616,3.800852448683325e-12,16.66150837424768,0.7859531344641061,1.8368089262013085e-12,2.006357226989334e-29
cool_reprocessed,100,5490.0,61.31344184254691,0.9555873933975222,0.9555873933975222,5.98109697589187e-11,1.1938849670022912e-12,16.61160782760178,0.8229185817952339,3.788602198704686e-12,16.665013382733285,0.7834199863088771,1.830888841480115e-12,1.9998906835207543e-29
cool_reprocessed,100,5500.0,61.42512388597596,0.9525753691505572,0.9525753691505572,5.962244478214202e-11,1.1901218256155965e-12,16.615035487500442,0.8203247314171614,3.776660473893906e-12,16.668441042631933,0.7809506360321539,1.82511785535981e-12,1.9935870013335846e-29
cool_reprocessed,100,5510.0,61.536805929405006,0.9501145451417016,0.9501145451417016,5.946841986365457e-11,1.1870473388539353e-12,16.617843940091284,0.8182055554868312,3.7669040839341895e-12,16.67124949522279,0.778933176692855,1.8204029593180764e-12,1.9884368925700135e-29
cool_reprocessed,100,5520.0,61.648487972834054,0.9473599238467287,0.9473599238467287,5.929600594096237e-11,1.1836057897328659e-12,16.62099633472983,0.8158333715661304,3.755982880528997e-12,16.674401889861336,0.7766748532866399,1.8151251527811595e-12,1.982671913351465e-29
cool_reprocessed,100,5530.0,61.760170016263096,0.944536259535931,0.944536259535931,5.911927056137349e-11,1.1800779801407609e-12,16.62423727033258,0.813401730204846,3.744787943372849e-12,16.677642825464083,0.7743599262888683,1.8097150610256118e-12,1.976762438208143e-29
cool_reprocessed,100,5540.0,61.871852059692145,0.9414167945490869,0.9414167945490869,5.892402078382171e-11,1.176180605208216e-12,16.62782900254151,0.8107153556035583,3.732420249962913e-12,16.681234557673015,0.7718024927833931,1.8037382203145862e-12,1.970233899837018e-29
cool_reprocessed,100,5550.0,61.983534103121194,0.9381878632082726,0.9381878632082726,5.87219194207089e-11,1.1721464659825253e-12,16.63155933071831,0.8079347123907491,3.719618557033728e-12,16.6849648858498,0.7691553153883262,1.79755164397144e-12,1.9634762659975183e-29
cool_reprocessed,100,5560.0,62.09521614655024,0.9352496786774163,0.9352496786774163,5.85380161300885e-11,1.1684755779340799e-12,16.634964937647418,0.8054044502044844,3.707969583375521e-12,16.688370492778922,0.7667465011858361,1.791922133464161e-12,1.9573271184571425e-29
cool_reprocessed,100,5570.0,62.206898189979285,0.9318564961719493,0.9318564961719493,5.83256341568402e-11,1.1642362277589286e-12,16.638911264001074,0.8024823596092502,3.69451668645616e-12,16.69231681913258,0.763964665625485,1.7854208547435655e-12,1.9502257333540578e-29
cool_reprocessed,100,5580.0,62.31858023340833,0.9281848411156675,0.9281848411156675,5.809582236667449e-11,1.1596489615329399e-12,16.64319767841979,0.7993204581519546,3.679959733826576e-12,16.696603233551293,0.7609545296883663,1.778386027454342e-12,1.9425415500016035e-29
cool_reprocessed,100,5590.0,62.43026227683738,0.9245371711168774,0.9245371711168774,5.78675118202027e-11,1.1550916615871368e-12,16.64747291504107,0.7961792117908145,3.665497874374422e-12,16.700878470172576,0.757964057440348,1.7713971551185093e-12,1.9349075635158655e-29
cool_reprocessed,100,5600.0,62.54194432026643,0.9208970762047451,0.9208970762047451,5.7639675404388284e-11,1.1505438257491139e-12,16.651756121518012,0.7930444888304774,3.6510660477483246e-12,16.70516167664953,0.754979795481757,1.7644227965170884e-12,1.9272894304678545e-29
cool_reprocessed,100,5610.0,62.65362636369548,0.9172752331343139,0.9172752331343139,5.741298138576282e-11,1.1460187932669927e-12,16.65603468802498,0.7899254837205342,3.636706583909844e-12,16.709440243156486,0.7520104969453227,1.7574834081272228e-12,1.9197094955882442e-29
cool_reprocessed,100,5620.0,62.76530840712452,0.9136104394664122,0.9136104394664122,5.7183599055315564e-11,1.1414400994735168e-12,16.660381223193035,0.7867694910519419,3.622176834518063e-12,16.713786778324526,0.7490059861857945,1.7504617271389127e-12,1.9120396720178391e-29
cool_reprocessed,100,5630.0,62.87699045055357,0.9102835891489172,0.9102835891489172,5.697536886610735e-11,1.1372836229346181e-12,16.66434207375429,0.7839045234267578,3.608986923773416e-12,16.717747628885796,0.7462785317968065,1.7440875397378841e-12,1.9050771095129371e-29
cool_reprocessed,100,5640.0,62.98867249398262,0.9065759986302918,0.9065759986302918,5.674330784696862e-11,1.1326514599168023e-12,16.66877331420161,0.78071167560086,3.594287498385625e-12,16.722178869333113,0.7432389348605041,1.7369838607272249e-12,1.8973177190189436e-29
cool_reprocessed,100,5650.0,63.10035453741167,0.9027864587292711,0.9027864587292711,5.6506117551255e-11,1.1279169115636703e-12,16.673321266071888,0.7774482558209935,3.5792631695798203e-12,16.72672682120338,0.7401321532956916,1.729723168123847e-12,1.889386821651267e-29
cool_reprocessed,100,5660.0,63.21203658084071,0.8989809013486488,0.8989809013486488,5.626792470884112e-11,1.1231623514060317e-12,16.677907693446606,0.7741710423455544,3.5641753365264133e-12,16.73131324857811,0.7370122401076107,1.722431786307872e-12,1.8814224022756087e-29
cool_reprocessed,100,5670.0,63.32371862426976,0.8956097995354433,0.8956097995354433,5.60569247835627e-11,1.1189505882488068e-12,16.681986764615168,0.7712679668734649,3.5508099825778237e-12,16.735392319746687,0.7342485069790714,1.7159728138099752e-12,1.8743672285091782e-29
cool_reprocessed,100,5680.0,63.43540066769881,0.8918882234890002,0.8918882234890002,5.5823988399190865e-11,1.1143009520919222e-12,16.68650778297573,0.7680630751981014,3.536055108989474e-12,16.739913338107236,0.7311974442761763,1.7088423387710294e-12,1.8665785685553947e-29
cool_reprocessed,100,5690.0,63.54708271112786,0.8881891922257015,0.8881891922257015,5.559246311060387e-11,1.1096794827755237e-12,16.691020146213965,0.7648775983047871,3.521389618345667e-12,16.744425701345456,0.7281648644810972,1.7017550591448504e-12,1.858837091205823e-29
cool_reprocessed,100,5700.0,63.6587647545569,0.8844573495288638,0.8844573495288638,5.535888412847435e-11,1.1050170197441406e-12,16.69559161899985,0.7616638653476729,3.5065940407311587e-12,16.748997174131368,0.725105384861898,1.6946049133821418e-12,1.8510269448044193e-29
cool_reprocessed,100,5710.0,63.77044679798595,0.8805941358963566,0.8805941358963566,5.5117082535713056e-11,1.1001904254294435e-12,16.700344384162825,0.7583370003161746,3.491277618849383e-12,16.75374993929433,0.7219382033021596,1.6872030631893893e-12,1.8429418601690598e-29
cool_reprocessed,100,5720.0,63.882128841414996,0.8767496754422426,0.8767496754422426,5.48764547192003e-11,1.0953872608271117e-12,16.705094822335106,0.7550262848687689,3.4760355473968663e-12,16.75850037746661,0.7187863961758447,1.6798371437605835e-12,1.8348960229191454e-29
cool_reprocessed,100,5730.0,63.993810884844045,0.8728368833564498,0.8728368833564498,5.4631549971886476e-11,1.090498724537799e-12,16.70995113206211,0.75165672460003,3.460522562606848e-12,16.763356687193614,0.7155785686726138,1.67234030211281e-12,1.826707178557031e-29
cool_reprocessed,100,5740.0,64.1054929282731,0.8688609024359155,0.8688609024359155,5.438269018549414e-11,1.0855312418324896e-12,16.714908219300618,0.7482327483075654,3.4447590540448657e-12,16.768313774432123,0.7123189370158435,1.6647223917556398e-12,1.8183860901293553e-29
cool_reprocessed,100,5746.75,64.18087830758769,0.8661359869947983,0.8661359869947983,5.421213557565903e-11,1.0821268063993939e-12,16.718318648218293,0.7458861460336035,3.433955624967808e-12,16.771724203349798,0.7100849673838427,1.6595015011185419e-12,1.8126832804839744e-29
cool_reprocessed,100,5760.0,64.32885701513118,0.8609359810323608,0.8609359810323608,5.388666309505236e-11,1.0756300600109721e-12,16.72485671021405,0.7414080820056533,3.413339243715096e-12,16.778262265345553,0.7058218422860796,1.6495383800497223e-12,1.8018005045595696e-29
cool_reprocessed,100,5770.0,64.44053905856023,0.8575246970245001,0.8575246970245001,5.367314813447108e-11,1.0713680943097713e-12,16.729167264961426,0.7384704030270006,3.3998145800559856e-12,16.782572820092945,0.7030251665563673,1.6430024191650713e-12,1.7946612359240675e-29
cool_reprocessed,100,5780.0,64.55222110198928,0.8542639588697445,0.8542639588697445,5.346905595774988e-11,1.0672942165135684e-12,16.73330364679655,0.7356623688937993,3.3868867831555005e-12,16.786709201928055,0.700351912955278,1.6367549015190878e-12,1.7878370355399343e-29
cool_reprocessed,100,5790.0,64.66390314541833,0.8510373538402354,0.8510373538402354,5.326710020029917e-11,1.063262983718116e-12,16.73741230026851,0.7328837290192646,3.37409431331589e-12,16.790817855400014,0.6977066427418913,1.6305727823479799e-12,1.7810842702957487e-29
cool_reprocessed,100,5800.0,64.77558518884737,0.8479205972815741,0.8479205972815741,5.307201994540672e-11,1.0593689926222713e-12,16.74139589413098,0.7301996868219985,3.3617373579682598e-12,16.794801449262486,0.695151429689286,1.6246011309382915e-12,1.7745614002290905e-29
cool_reprocessed,100,5810.0,64.88726723227641,0.845089624793249,0.845089624793249,5.289482714121377e-11,1.0558320523914136e-12,16.745026932089225,0.7277617519127584,3.3505134461964575e-12,16.79843248722073,0.6928305112224161,1.6191770368415883e-12,1.7686366302459127e-29
cool_reprocessed,100,5820.0,64.99894927570547,0.84212508321732,0.84212508321732,5.270927414232318e-11,1.0521282345658442e-12,16.748842348605642,0.7252087919572456,3.33875997517924e-12,16.802247903737147,0.6904000887023272,1.6134970266939298e-12,1.7624323216504096e-29
cool_reprocessed,100,5830.0,65.11063131913451,0.8392427696316278,0.8392427696316278,5.2528867858292346e-11,1.0485271501606705e-12,16.752564835952676,0.7227266438830712,3.3273325121721307e-12,16.80597039108418,0.6880370792220403,1.6079745639467729e-12,1.756400103009981e-29
cool_reprocessed,100,5840.0,65.22231336256357,0.8364709254543327,0.8364709254543327,5.235537594179145e-11,1.0450640832376342e-12,16.756156731550185,0.7203396282159567,3.3163430254782656e-12,16.809562286681675,0.6857646359662684,1.6026637586665907e-12,1.7505990790694758e-29
cool_reprocessed,100,5850.0,65.33399540599261,0.8339918944981691,0.8339918944981691,5.220021143609057e-11,1.041966849209908e-12,16.759379282337456,0.7182047730967203,3.30651445072302e-12,16.81278483746896,0.6837322500106189,1.5979139784301791e-12,1.7454108660942465e-29
cool_reprocessed,100,5860.0,65.44567744942165,0.8315788328889916,0.8315788328889916,5.2049176003925877e-11,1.0389520354947495e-12,16.762525291262087,0.7161267284815137,3.2969474235925806e-12,16.81593084639359,0.681753947758113,1.5932905943163105e-12,1.7403607163493886e-29
cool_reprocessed,100,5870.0,65.55735949285071,0.8291121909516111,0.8291121909516111,5.189478693669656e-11,1.0358702799710128e-12,16.76575060456431,0.7140025423537657,3.287167967383818e-12,16.8191561596958,0.6797317187017617,1.5885645512246161e-12,1.7351984315973788e-29
cool_reprocessed,100,5880.0,65.66904153627975,0.8264963212192837,0.8264963212192837,5.173105758390839e-11,1.0326020832883857e-12,16.769181544690348,0.7117498464463466,3.2767968701007273e-12,16.822587099821853,0.6775871481014742,1.5835525902707826e-12,1.729723837077682e-29
cool_reprocessed,100,5890.0,65.78072357970879,0.8240628203088018,0.8240628203088018,5.157874283973032e-11,1.0295617332646364e-12,16.77238305609429,0.7096542002167212,3.267148807596238e-12,16.825788611225796,0.675592089080034,1.5788900448107678e-12,1.7246309111633827e-29
cool_reprocessed,100,5900.0,65.89240562313785,0.8215675704416983,0.8215675704416983,5.1422563179582586e-11,1.0264442357695535e-12,16.775675636508602,0.7075053779362587,3.2572559299817525e-12,16.829081191640093,0.6735464063614985,1.5741091894228144e-12,1.719408754616785e-29
cool_reprocessed,100,5910.0,66.00408766656689,0.8189916522514784,0.8189916522514784,5.126133442537215e-11,1.0232259534598666e-12,16.77908516894032,0.7052870869054619,3.247043227944682e-12,16.832490724071825,0.6714345892663192,1.569173774929462e-12,1.7140177722474842e-29
cool_reprocessed,100,5920.0,66.11576970999594,0.8165068270251116,0.8165068270251116,5.110580725172242e-11,1.0201214802281302e-12,16.782384305956676,0.7031472419625303,3.237191680738163e-12,16.83578986108818,0.6693974529894383,1.564412892972022e-12,1.7088174327968765e-29
cool_reprocessed,100,5930.0,66.22745175342499,0.8139929629238668,0.8139929629238668,5.0948462511956654e-11,1.0169807266138615e-12,16.785732230866635,0.700982389751926,3.227225003564494e-12,16.839137785998126,0.667336509748258,1.559596373034895e-12,1.703556319652801e-29
cool_reprocessed,100,5940.0,66.33913379685403,0.811310081776469,0.811310081776469,5.078053886176778e-11,1.0136288076870705e-12,16.78931667482616,0.6986719859477359,3.2165882271857726e-12,16.84272222995765,0.6651370011253054,1.5544560193741758e-12,1.6979414810218748e-29
cool_reprocessed,100,5950.0,66.45081584028308,0.8087462330825497,0.8087462330825497,5.062006554686432e-11,1.010425604678651e-12,16.792753179654902,0.6964640887467941,3.2064233768894606e-12,16.846158734786393,0.6630350789750487,1.5495437298260155e-12,1.6925757581666414e-29
cool_reprocessed,100,5960.0,66.56249788371213,0.8061163516485202,0.8061163516485202,5.045545919059897e-11,1.0071399021560142e-12,16.79628953010161,0.6941993264498717,3.1959967276346274e-12,16.849695085233115,0.6608790211500118,1.5445049226951882e-12,1.6870718394094256e-29
cool_reprocessed,100,5970.0,66.67417992714118,0.8035753612865958,0.8035753612865958,5.029641659675057e-11,1.0039652577275089e-12,16.799717326245748,0.692011114048329,3.185922503405018e-12,16.853122881377253,0.658795838964579,1.5396364293139442e-12,1.6817539553657054e-29
cool_reprocessed,100,5980.0,66.78586197057022,0.800890317926203,0.800890317926203,5.012835761194244e-11,1.0006106373904564e-12,16.803351248176178,0.6896988482216135,3.1752771545346923e-12,16.856756803307682,0.6565945576927963,1.5344919328906974e-12,1.6761345915708286e-29
cool_reprocessed,100,5990.0,66.89754401399927,0.7979992567030405,0.7979992567030405,4.994740380637269e-11,9.969986239243252e-13,16.80727763973048,0.6872091669867143,3.1638150099078984e-12,16.860683194861984,0.6542243766298008,1.5289527098221462e-12,1.6700840655324573e-29
cool_reprocessed,100,6000.0,67.00922605742832,0.7950932818949291,0.7950932818949291,4.976551654774095e-11,9.933679778297211e-13,16.81123864699436,0.6847066426918705,3.152293737627142e-12,16.864644202125866,0.6518419689503836,1.5233849125839713e-12,1.664002327760023e-29
cool_reprocessed,100,6010.0,67.12090810085736,0.7922031197609753,0.7922031197609753,4.958461901687496e-11,9.897570876612578e-13,16.815192485900546,0.6822177357212843,3.1408351576050895e-12,16.86859804103205,0.6494725249884218,1.5178474121547217e-12,1.6579536833707241e-29
cool_reprocessed,100,6020.0,67.2325901442864,0.7894249210860359,0.7894249210860359,4.941072936734717e-11,9.862860816012438e-13,16.819006775872403,0.6798252477821142,3.129820477335092e-12,16.872412331003908,0.647194872119702,1.5125244317674686e-12,1.6521393604889343e-29
cool_reprocessed,100,6030.0,67.34427218771546,0.7866421130106827,0.7866421130106827,4.9236551211806564e-11,9.82809316681392e-13,16.82284087499732,0.6774287903878448,3.1187875222483026e-12,16.876246430128823,0.6449134403225092,1.507192619849115e-12,1.646315390873619e-29
cool_reprocessed,100,6040.0,67.4559542311445,0.7838219161347545,0.7838219161347545,4.906003286170505e-11,9.79285839208352e-13,16.826740350677575,0.6750001350607053,3.107606332376246e-12,16.88014590580908,0.6426013560346739,1.5017891716385276e-12,1.640413172513653e-29
cool_reprocessed,100,6050.0,67.56763627457356,0.7808252142486412,0.7808252142486412,4.887246692359702e-11,9.755418411636542e-13,16.830899284213167,0.6724194797661481,3.0957253558867745e-12,16.884304839344672,0.6401445675014518,1.496047542895373e-12,1.6341415575627494e-29
cool_reprocessed,100,6060.0,67.6793183180026,0.7777516184590298,0.7777516184590298,4.868008813533154e-11,9.717017739618342e-13,16.835181547985535,0.6697726061199755,3.083539519356377e-12,16.88858710311704,0.6376247389770767,1.4901585867692237e-12,1.6277090160421903e-29
cool_reprocessed,100,6070.0,67.79100036143164,0.7746369549197116,0.7746369549197116,4.848513888417302e-11,9.67810397827579e-13,16.83953832768102,0.6670903663580714,3.0711908621693754e-12,16.892943882812524,0.6350712418462137,1.484190945548228e-12,1.6211905263283005e-29
cool_reprocessed,100,6080.0,67.9026824048607,0.7714544790512444,0.7714544790512444,4.828594520576898e-11,9.638342988088365e-13,16.844008094572352,0.6643497289800863,3.058573350515385e-12,16.897413649703857,0.6324621500786481,1.4780933770828888e-12,1.614530116318863e-29
cool_reprocessed,100,6090.0,68.01436444828974,0.7683593931374366,0.7683593931374366,4.8092221333655276e-11,9.599673824288102e-13,16.848372844650065,0.6616843487874183,3.046302312430066e-12,16.901778399781584,0.6299247032883561,1.472163246252191e-12,1.6080525994256014e-29
cool_reprocessed,100,6100.0,68.1260464917188,0.7653536890125339,0.7653536890125339,4.7904091938310654e-11,9.562121372311734e-13,16.852628407186565,0.6590959410783473,3.0343856449070933e-12,16.90603396231807,0.6274605344424196,1.4664043693759386e-12,1.6017621442371533e-29
cool_reprocessed,100,6110.0,68.23772853514784,0.7625709096912473,0.7625709096912473,4.7729915582509805e-11,9.52735408235873e-13,16.85658327197796,0.6566995084460789,3.023352803821097e-12,16.909988827109466,0.6251791262186968,1.4610726125498775e-12,1.595938234799474e-29
cool_reprocessed,100,6120.0,68.34941057857688,0.7598467273230125,0.7598467273230125,4.755940685628544e-11,9.493318886841503e-13,16.860468863566545,0.6543535374689515,3.0125522811464813e-12,16.91387441869805,0.6229457575824306,1.455853126467684e-12,1.590236959357702e-29
cool_reprocessed,100,6130.0,68.46109262200594,0.7574382432039676,0.7574382432039676,4.740865793284385e-11,9.463227939609894e-13,16.863915784420264,0.6522794348288216,3.003003402318647e-12,16.91732133955177,0.620971208097366,1.451238512745371e-12,1.5851963895632844e-29
cool_reprocessed,100,6140.0,68.57277466543498,0.7552512560107296,0.7552512560107296,4.727177267694608e-11,9.43590431488364e-13,16.867055216313837,0.6503960776268549,2.9943326888432615e-12,16.92046077144534,0.6191782486162948,1.4470482832841777e-12,1.5806193772010918e-29
cool_reprocessed,100,6150.0,68.68445670886402,0.7529997775553614,0.7529997775553614,4.713085086201077e-11,9.407774953822934e-13,16.87029673703497,0.6484571827960568,2.9854062878826786e-12,16.923702292166475,0.6173324172115834,1.4427344896853417e-12,1.5759073950023423e-29
cool_reprocessed,100,6160.0,68.79613875229307,0.7506190590504551,0.7506190590504551,4.698183981028982e-11,9.378030902642371e-13,16.873734888208894,0.6464069909357966,2.9759674909453143e-12,16.9271404433404,0.6153806308324354,1.4381730743972637e-12,1.5709249341715027e-29
cool_reprocessed,100,6170.0,68.90782079572212,0.7482445304792448,0.7482445304792448,4.6833216191408246e-11,9.348364186814254e-13,16.877174979507153,0.6443621296308506,2.9665532351400036e-12,16.930580534638658,0.6134339191516403,1.4336235189145909e-12,1.565955427876078e-29
cool_reprocessed,100,6180.0,69.01950283915117,0.7459381982681866,0.7459381982681866,4.6688861036576024e-11,9.31954949781019e-13,16.880526738729422,0.6423759966561107,2.957409356363315e-12,16.933932293860913,0.6115431169479957,1.429204626472991e-12,1.5611286455913096e-29
cool_reprocessed,100,6190.0,69.13118488258021,0.743679787549316,0.743679787549316,4.6547505325792384e-11,9.291333526929808e-13,16.88381891187013,0.6404311320014228,2.948455471167456e-12,16.93722446700162,0.6096916022600853,1.424877550777739e-12,1.5564021552802829e-29
cool_reprocessed,100,6200.0,69.24286692600926,0.7413768980506459,0.7413768980506459,4.640336565304788e-11,9.26256185024041e-13,16.887186234522098,0.6384479637706877,2.939325241658028e-12,16.940591789653602,0.6078036224981249,1.4204652545132541e-12,1.5515825780386936e-29
cool_reprocessed,100,6210.0,69.35454896943831,0.7390329419032536,0.7390329419032536,4.625665558632185e-11,9.233277097982067e-13,16.89062436376107,0.6364294303723512,2.9300321958570532e-12,16.944029918892575,0.6058819750322979,1.415974275263391e-12,1.546677054907958e-29
cool_reprocessed,100,6220.0,69.46623101286735,0.7366775930127205,0.7366775930127205,4.610923243880364e-11,9.203850007881442e-13,16.894090205708146,0.6344010859404106,2.9206939814278485e-12,16.94749576083965,0.6039509874446388,1.4114614677156298e-12,1.5417476885986447e-29
cool_reprocessed,100,6230.0,69.5779130562964,0.7342837603562394,0.7342837603562394,4.595940056197693e-11,9.173942112048591e-13,16.897624048486257,0.6323396006295564,2.9112031910215104e-12,16.951029603617762,0.6019884496799889,1.4068749259410059e-12,1.5367377819583083e-29
cool_reprocessed,100,6240.0,69.68959509972545,0.7318368110681659,0.7318368110681659,4.580624407322269e-11,9.14337059142962e-13,16.90124823049677,0.6302323731255318,2.901501809947453e-12,16.954653785628274,0.5999823652642606,1.402186613623204e-12,1.5316167107532276e-29
cool_reprocessed,100,6250.0,69.8012771431545,0.72945885219376,0.72945885219376,4.565740574895456e-11,9.113661018323922e-13,16.90478185943615,0.6281845577629454,2.892073954073411e-12,16.958187414567654,0.5980328413152196,1.3976304857392134e-12,1.5266400253850675e-29
cool_reprocessed,100,6260.0,69.91295918658355,0.7270933619143181,0.7270933619143181,4.5509347843894e-11,9.084107224461335e-13,16.908308407501472,0.6261474799200829,2.8826955322402756e-12,16.961713962632977,0.5960935395044816,1.3930982474665199e-12,1.5216894347802718e-29
cool_reprocessed,100,6260.25,69.91575123766927,0.7270344817141013,0.7270344817141013,4.550566248565373e-11,9.083371591212315e-13,16.90839633424799,0.6260967743423483,2.882462090843348e-12,16.961801889379494,0.5960452677022725,1.392985434026006e-12,1.521566207993616e-29
cool_reprocessed,100,6280.0,70.13632327344163,0.722275793245312,0.722275793245312,4.52078124155655e-11,9.02391782837713e-13,16.91552620700765,0.6219987575696296,2.8635953940656663e-12,16.968931762139157,0.5921439482825882,1.3838678696066916e-12,1.511607038586124e-29
cool_reprocessed,100,6290.0,70.24800531687069,0.7199718932208817,0.7199718932208817,4.506360949321547e-11,8.995133526453012e-13,16.918995000641182,0.6200147191093048,2.8544611581407673e-12,16.972400555772687,0.5902551400604759,1.379453637192409e-12,1.5067853464766882e-29
cool_reprocessed,100,6300.0,70.35968736029973,0.717802926562462,0.717802926562462,4.492785215682617e-11,8.968035045400331e-13,16.922270795128547,0.6181468805643009,2.8458618903942666e-12,16.975676350260052,0.588476954369053,1.3752979347628028e-12,1.5022460481948027e-29
cool_reprocessed,100,6310.0,70.47136940372879,0.7156611439713909,0.7156611439713909,4.479379629268456e-11,8.941276194710855e-13,16.925515261006815,0.616302451991325,2.8373703988888907e-12,16.97892081613832,0.5867210550135709,1.371194316533887e-12,1.4977636417926204e-29
cool_reprocessed,100,6320.0,70.58305144715783,0.7136202659644592,0.7136202659644592,4.4666056126167465e-11,8.915778018523134e-13,16.92861591932671,0.6145449189318838,2.829278962189565e-12,16.98202147445823,0.5850478803449894,1.3672840297348655e-12,1.4934924124519384e-29
cool_reprocessed,100,6330.0,70.69473349058687,0.7116432103546695,0.7116432103546695,4.454231065389997e-11,8.891077222052144e-13,16.931628081311963,0.6128423474980413,2.821440561137015e-12,16.985033636443468,0.5834270292439232,1.3634960255397914e-12,1.489354753120997e-29
cool_reprocessed,100,6340.0,70.80641553401593,0.7095842068352369,0.7095842068352369,4.4413435997238346e-11,8.865352590628165e-13,16.93477400462273,0.6110692053785137,2.8132772625054497e-12,16.988179559754222,0.5817389947217549,1.3595510105737671e-12,1.485045589998607e-29
cool_reprocessed,100,6350.0,70.91809757744497,0.7075794461962591,0.7075794461962591,4.4287956445310136e-11,8.84030565503807e-13,16.937845834266263,0.6093427753384513,2.805329019762624e-12,16.991251389397767,0.5800954301841814,1.355709924024171e-12,1.4808499484986435e-29
cool_reprocessed,100,6360.0,71.02977962087401,0.7055288473672076,0.7055288473672076,4.4159607844858204e-11,8.814686029535761e-13,16.940996917538563,0.6075768710455594,2.797199043073852e-12,16.994402472670068,0.5784142860861321,1.3517810122988769e-12,1.4765583750411094e-29
cool_reprocessed,100,6370.0,71.14146166430307,0.7032871587384052,0.7032871587384052,4.4019298782900506e-11,8.786678979912474e-13,16.944452137450376,0.6056464068724378,2.7883114556835494e-12,16.99785769258188,0.5765764806828595,1.3474859758376333e-12,1.4718668813744163e-29
cool_reprocessed,100,6380.0,71.25314370773211,0.7009805214297585,0.7009805214297585,4.387492453176922e-11,8.757860479101902e-13,16.948018981471627,0.6036600111582805,2.7791663672912855e-12,17.001424536603132,0.5746854283508119,1.343066498834355e-12,1.467039460569478e-29
cool_reprocessed,100,6390.0,71.36482575116116,0.6987287259736534,0.6987287259736534,4.373398287550739e-11,8.729727157519984e-13,16.951512361209062,0.6017208433374885,2.770238709522904e-12,17.004917916340567,0.57283933705913,1.3387520978676153e-12,1.462326814939184e-29
cool_reprocessed,100,6400.0,71.4765077945902,0.6965359467497597,0.6965359467497597,4.359673509183583e-11,8.702331168733927e-13,16.954925020898735,0.5998324982404473,2.7615450324753443e-12,17.008330576030225,0.5710416290928776,1.3345507709763278e-12,1.4577376807886263e-29
cool_reprocessed,100,6410.0,71.58818983801925,0.6942928585891368,0.6942928585891368,4.345633843207601e-11,8.674306633739727e-13,16.958427111348136,0.5979008288392651,2.7526518963834063e-12,17.01183266647964,0.5692026763102996,1.3302530530364343e-12,1.4530432581269837e-29
cool_reprocessed,100,6420.0,71.6998718814483,0.6921763619457829,0.6921763619457829,4.3323865235375064e-11,8.647863698821686e-13,16.9617419470241,0.596078175643799,2.744260655674325e-12,17.01514750215562,0.5674675071538042,1.3261978822439762e-12,1.4486137711454765e-29
cool_reprocessed,100,6430.0,71.81155392487734,0.6902645685209874,0.6902645685209874,4.320420457481613e-11,8.623978270386282e-13,16.964744903048917,0.5944318057307085,2.7366809985726374e-12,17.018150458180422,0.5659001600026938,1.3225349192613568e-12,1.4446126950686243e-29
cool_reprocessed,100,6440.0,71.9232359683064,0.6885571767406923,0.6885571767406923,4.309733757464069e-11,8.602646580649039e-13,16.967433833689093,0.5929614593949183,2.7299117294324516e-12,17.020839388820598,0.5645003876172641,1.3192635862779202e-12,1.4410393987504383e-29
cool_reprocessed,100,6450.0,72.03491801173544,0.6868124317806259,0.6868124317806259,4.2988132609438576e-11,8.580848210416567e-13,16.9701884878208,0.5914589458016536,2.7229943667322336e-12,17.023594042952304,0.5630699919442237,1.3159206852510905e-12,1.437387928236213e-29
cool_reprocessed,100,6460.0,72.14660005516448,0.6849905506002533,0.6849905506002533,4.2874099627278586e-11,8.558086121172402e-13,16.973072405623434,0.5898900051819777,2.715771183281479e-12,17.02647796075494,0.5615763576212454,1.3124299925664714e-12,1.4335750240222356e-29
cool_reprocessed,100,6470.0,72.25828209859354,0.6831206662180587,0.6831206662180587,4.2757062086799454e-11,8.534724292946549e-13,16.976040296554636,0.5882797258767583,2.7083576822970027e-12,17.02944585168614,0.5600433687944573,1.3088473265812645e-12,1.4296616568293974e-29
cool_reprocessed,100,6480.0,72.36996414202258,0.6812594774146851,0.6812594774146851,4.264056880946725e-11,8.511471104923626e-13,16.979002464144934,0.586676934901168,2.700978656536109e-12,17.03240801927644,0.5585175088710932,1.3052813211739843e-12,1.4257664880841233e-29
cool_reprocessed,100,6490.0,72.48164618545162,0.6794843661648814,0.6794843661648814,4.2529463194204535e-11,8.489293346504667e-13,16.981835184871535,0.585148270916785,2.6939409010880796e-12,17.03524074000304,0.557062217978155,1.3018802388636618e-12,1.422051465810678e-29
cool_reprocessed,100,6500.0,72.59332822888068,0.677681254851524,0.677681254851524,4.24166050328471e-11,8.466765762887271e-13,16.984720174523027,0.5835954942528616,2.686792134231699e-12,17.03812572965453,0.5555839717704466,1.2984255089180991e-12,1.4182778439087465e-29
cool_reprocessed,100,6510.0,72.70501027230972,0.6758505069680971,0.6758505069680971,4.230201707673925e-11,8.443892895460425e-13,16.987657247042527,0.5820189179373266,2.6795337971038256e-12,17.041062802174032,0.5540830682511254,1.2949178277844958e-12,1.4144463831117143e-29
cool_reprocessed,100,6520.0,72.81669231573878,0.6739765375819471,0.6739765375819471,4.218472385263585e-11,8.420480030303295e-13,16.990671911364963,0.5804051207689742,2.6721041003688877e-12,17.044077466496468,0.5525467304122375,1.291327335002691e-12,1.410524466662775e-29
cool_reprocessed,100,6530.0,72.92837435916782,0.6720546355762315,0.6720546355762315,4.206443048801248e-11,8.396468308000038e-13,16.993772404205323,0.5787500456980591,2.664484365936581e-12,17.047177959336828,0.550971095935048,1.2876450041546748e-12,1.4065022349522826e-29
cool_reprocessed,100,6540.0,73.04005640259686,0.6704578284653868,0.6704578284653868,4.1964485069647354e-11,8.376518233124503e-13,16.996355191563005,0.5773749310281335,2.6581535300833116e-12,17.04976074669451,0.5496619842686957,1.2845855494763883e-12,1.4031603745568625e-29
cool_reprocessed,100,6550.0,73.15173844602592,0.6688775947428415,0.6688775947428415,4.1865576992746995e-11,8.356775221666501e-13,16.998917234992838,0.57601408878299,2.6518884024800517e-12,17.052322790124343,0.5483664599766898,1.2815578491221047e-12,1.3998531995968965e-29
cool_reprocessed,100,6560.0,73.26342048945496,0.6668866073891183,0.6668866073891183,4.17409595216222e-11,8.331900365766085e-13,17.002153867102827,0.5742995198164899,2.643994766463056e-12,17.05555942223433,0.5467341872027162,1.2777431519477318e-12,1.3956863833671824e-29
cool_reprocessed,100,6570.0,73.37510253288401,0.6646549118724272,0.6646549118724272,4.160127593644498e-11,8.304018167374676e-13,17.005793310340955,0.5723776613634762,2.6351467986060148e-12,17.05919886547246,0.5449045744606356,1.2734672621156533e-12,1.3910158036764886e-29
cool_reprocessed,100,6580.0,73.48678457631306,0.6622892146880095,0.6622892146880095,4.145320508103856e-11,8.274461788497449e-13,17.009664650139676,0.5703404053412549,2.6257675564600005e-12,17.06307020527118,0.542965103022824,1.2689346274166213e-12,1.386064780052865e-29
cool_reprocessed,100,6590.0,73.5984666197421,0.6599242821721056,0.6599242821721056,4.130518208683842e-11,8.244914963181202e-13,17.013548585069366,0.5683038078249255,2.6163913459831276e-12,17.066954140200856,0.541026258483819,1.2644034578091748e-12,1.381115356757424e-29
cool_reprocessed,100,6600.0,73.71014866317115,0.65753365735213,0.65753365735213,4.11555509910324e-11,8.215047145187455e-13,17.01748888660004,0.5662450849911465,2.6069132736353585e-12,17.070894441731546,0.539066350602368,1.2598230621935556e-12,1.3761121636028298e-29
cool_reprocessed,100,6610.0,73.8218307066002,0.6551100611167033,0.6551100611167033,4.100385618828961e-11,8.184767391273251e-13,17.021498183458938,0.5641579683227164,2.5973044800391346e-12,17.074903738590443,0.5370794117386962,1.255179493918843e-12,1.3710399665799988e-29
cool_reprocessed,100,6620.0,73.93351275002924,0.6526262172364793,0.6526262172364793,4.084839043787012e-11,8.153734919628385e-13,17.02562256620383,0.5620189684809047,2.5874568235601206e-12,17.079028121335334,0.5350430799996181,1.2504204922035611e-12,1.3658416809289936e-29
cool_reprocessed,100,6630.0,74.0451947934583,0.6500869137973615,0.6500869137973615,4.068945342985267e-11,8.122009551299264e-13,17.029855297270778,0.5598322087985306,2.5773892874466357e-12,17.08326085240227,0.5329612808054754,1.2455552309371026e-12,1.3605273273433225e-29
cool_reprocessed,100,6640.0,74.15687683688734,0.6474484640557798,0.6474484640557798,4.0524310776449625e-11,8.089045475962673e-13,17.03427084447832,0.557560067773563,2.5669286675586027e-12,17.087676399609826,0.5307981984179218,1.240500007077888e-12,1.355005476496833e-29
fiducial_soft_x,10,0.0,0.0,0.0,0.0,0.0,0.0,,0.0,0.0,,0.0,0.0,0.0
fiducial_soft_x,10,10.0,0.1116820434290472,0.0,0.0,0.0,0.0,,0.0,0.0,,0.0,0.0,0.0
fiducial_soft_x,10,20.0,0.2233640868580944,0.0,0.0,0.0,0.0,,0.0,0.0,,0.0,0.0,0.0
fiducial_soft_x,10,30.0,0.3350461302871416,0.0,0.0,0.0,0.0,,0.0,0.0,,0.0,0.0,0.0
fiducial_soft_x,10,40.0,0.4467281737161888,0.0,0.0,0.0,0.0,,0.0,0.0,,0.0,0.0,0.0
fiducial_soft_x,10,50.0,0.558410217145236,0.0,0.0,0.0,0.0,,0.0,0.0,,0.0,0.0,0.0
fiducial_soft_x,10,60.0,0.6700922605742832,0.0,0.0,0.0,0.0,,0.0,0.0,,0.0,0.0,0.0
fiducial_soft_x,10,70.0,0.7817743040033304,0.0,0.0,0.0,0.0,,0.0,0.0,,0.0,0.0,0.0
fiducial_soft_x,10,80.0,0.8934563474323776,0.0,0.0,0.0,0.0,,0.0,0.0,,0.0,0.0,0.0
fiducial_soft_x,10,90.0,1.0051383908614246,0.0,0.0,0.0,0.0,,0.0,0.0,,0.0,0.0,0.0
fiducial_soft_x,10,100.0,1.116820434290472,0.0,0.0,0.0,0.0,,0.0,0.0,,0.0,0.0,0.0
fiducial_soft_x,10,110.0,1.2285024777195193,0.0,0.0,0.0,0.0,,0.0,0.0,,0.0,0.0,0.0
fiducial_soft_x,10,120.0,1.3401845211485663,0.0,0.0,0.0,0.0,,0.0,0.0,,0.0,0.0,0.0
fiducial_soft_x,10,130.0,1.4518665645776134,0.0,0.0,0.0,0.0,,0.0,0.0,,0.0,0.0,0.0
fiducial_soft_x,10,140.0,1.5635486080066607,0.0,0.0,0.0,0.0,,0.0,0.0,,0.0,0.0,0.0
fiducial_soft_x,10,150.0,1.675230651435708,0.0,0.0,0.0,0.0,,0.0,0.0,,0.0,0.0,0.0
fiducial_soft_x,10,160.0,1.7869126948647551,0.0,0.0,0.0,0.0,,0.0,0.0,,0.0,0.0,0.0
fiducial_soft_x,10,170.0,1.8985947382938022,0.0,0.0,0.0,0.0,,0.0,0.0,,0.0,0.0,0.0
fiducial_soft_x,10,180.0,2.0102767817228493,0.0,0.0,0.0,0.0,,0.0,0.0,,0.0,0.0,0.0
fiducial_soft_x,10,190.0,2.121958825151897,0.0,0.0,0.0,0.0,,0.0,0.0,,0.0,0.0,0.0
fiducial_soft_x,10,200.0,2.233640868580944,0.0,0.0,0.0,0.0,,0.0,0.0,,0.0,0.0,0.0
fiducial_soft_x,10,210.0,2.345322912009991,0.0,0.0,0.0,0.0,,0.0,0.0,,0.0,0.0,0.0
fiducial_soft_x,10,220.0,2.4570049554390385,0.0,0.0,0.0,0.0,,0.0,0.0,,0.0,0.0,0.0
fiducial_soft_x,10,230.0,2.5686869988680856,0.0,0.0,0.0,0.0,,0.0,0.0,,0.0,0.0,0.0
fiducial_soft_x,10,240.0,2.6803690422971327,0.0,0.0,0.0,0.0,,0.0,0.0,,0.0,0.0,0.0
fiducial_soft_x,10,250.0,2.7920510857261798,0.0,0.0,0.0,0.0,,0.0,0.0,,0.0,0.0,0.0
fiducial_soft_x,10,260.0,2.903733129155227,0.0,0.0,0.0,0.0,,0.0,0.0,,0.0,0.0,0.0
fiducial_soft_x,10,270.0,3.0154151725842744,0.0,0.0,0.0,0.0,,0.0,0.0,,0.0,0.0,0.0
fiducial_soft_x,10,280.0,3.1270972160133215,0.0,0.0,0.0,0.0,,0.0,0.0,,0.0,0.0,0.0
fiducial_soft_x,10,290.0,3.2387792594423686,0.0,0.0,0.0,0.0,,0.0,0.0,,0.0,0.0,0.0
fiducial_soft_x,10,300.0,3.350461302871416,0.0,0.0,0.0,0.0,,0.0,0.0,,0.0,0.0,0.0
fiducial_soft_x,10,310.0,3.462143346300463,0.0,0.0,0.0,0.0,,0.0,0.0,,0.0,0.0,0.0
fiducial_soft_x,10,320.0,3.5738253897295102,0.0,0.0,0.0,0.0,,0.0,0.0,,0.0,0.0,0.0
fiducial_soft_x,10,330.0,3.6855074331585573,0.0,0.0,0.0,0.0,,0.0,0.0,,0.0,0.0,0.0
fiducial_soft_x,10,340.0,3.7971894765876044,0.0,0.0,0.0,0.0,,0.0,0.0,,0.0,0.0,0.0
fiducial_soft_x,10,350.0,3.908871520016652,0.0,0.0,0.0,0.0,,0.0,0.0,,0.0,0.0,0.0
fiducial_soft_x,10,360.0,4.020553563445699,0.0,0.0,0.0,0.0,,0.0,0.0,,0.0,0.0,0.0
fiducial_soft_x,10,370.0,4.132235606874747,0.0,0.0,0.0,0.0,,0.0,0.0,,0.0,0.0,0.0
fiducial_soft_x,10,380.0,4.243917650303794,0.0,0.0,0.0,0.0,,0.0,0.0,,0.0,0.0,0.0
fiducial_soft_x,10,390.0,4.355599693732841,0.0,0.0,0.0,0.0,,0.0,0.0,,0.0,0.0,0.0
fiducial_soft_x,10,400.0,4.467281737161888,0.0,0.0,0.0,0.0,,0.0,0.0,,0.0,0.0,0.0
fiducial_soft_x,10,410.0,4.578963780590935,0.0,0.0,0.0,0.0,,0.0,0.0,,0.0,0.0,0.0
fiducial_soft_x,10,420.0,4.690645824019982,0.0,0.0,0.0,0.0,,0.0,0.0,,0.0,0.0,0.0
fiducial_soft_x,10,430.0,4.802327867449029,0.0,0.0,0.0,0.0,,0.0,0.0,,0.0,0.0,0.0
fiducial_soft_x,10,440.0,4.914009910878077,0.0,0.0,0.0,0.0,,0.0,0.0,,0.0,0.0,0.0
fiducial_soft_x,10,450.0,5.025691954307124,0.0,0.0,0.0,0.0,,0.0,0.0,,0.0,0.0,0.0
fiducial_soft_x,10,460.0,5.137373997736171,0.0,0.0,0.0,0.0,,0.0,0.0,,0.0,0.0,0.0
fiducial_soft_x,10,470.0,5.249056041165218,0.0,0.0,0.0,0.0,,0.0,0.0,,0.0,0.0,0.0
fiducial_soft_x,10,480.0,5.360738084594265,0.0,0.0,0.0,0.0,,0.0,0.0,,0.0,0.0,0.0
fiducial_soft_x,10,490.0,5.4724201280233125,0.0,0.0,0.0,0.0,,0.0,0.0,,0.0,0.0,0.0
fiducial_soft_x,10,500.0,5.5841021714523595,0.0,0.0,0.0,0.0,,0.0,0.0,,0.0,0.0,0.0
fiducial_soft_x,10,512.0,5.718120623567216,0.0,0.0,0.0,0.0,,0.0,0.0,,0.0,0.0,0.0
fiducial_soft_x,10,514.0,5.740457032253026,0.0,0.0,0.0,0.0,,0.0,0.0,,0.0,0.0,0.0
fiducial_soft_x,10,516.0,5.762793440938835,0.0,0.0,0.0,0.0,,0.0,0.0,,0.0,0.0,0.0
fiducial_soft_x,10,518.0,5.785129849624645,0.0,0.0,0.0,0.0,,0.0,0.0,,0.0,0.0,0.0
fiducial_soft_x,10,520.0,5.807466258310454,0.0,0.0,0.0,0.0,,0.0,0.0,,0.0,0.0,0.0
fiducial_soft_x,10,522.0,5.8298026669962635,0.0,0.0,0.0,0.0,,0.0,0.0,,0.0,0.0,0.0
fiducial_soft_x,10,524.0,5.852139075682073,0.0,0.0,0.0,0.0,,0.0,0.0,,0.0,0.0,0.0
fiducial_soft_x,10,526.0,5.874475484367882,0.0,0.0,0.0,0.0,,0.0,0.0,,0.0,0.0,0.0
fiducial_soft_x,10,528.0,5.896811893053692,0.0,0.0,0.0,0.0,,0.0,0.0,,0.0,0.0,0.0
fiducial_soft_x,10,530.0,5.919148301739502,0.0,0.0,0.0,0.0,,0.0,0.0,,0.0,0.0,0.0
fiducial_soft_x,10,540.0,6.030830345168549,0.0,0.0,0.0,0.0,,0.0,0.0,,0.0,0.0,0.0
fiducial_soft_x,10,550.0,6.142512388597596,0.0,0.0,0.0,0.0,,0.0,0.0,,0.0,0.0,0.0
fiducial_soft_x,10,560.0,6.254194432026643,0.0,0.0,0.0,0.0,,0.0,0.0,,0.0,0.0,0.0
fiducial_soft_x,10,570.0,6.36587647545569,0.0,0.0,0.0,0.0,,0.0,0.0,,0.0,0.0,0.0
fiducial_soft_x,10,580.0,6.477558518884737,0.0,0.0,0.0,0.0,,0.0,0.0,,0.0,0.0,0.0
fiducial_soft_x,10,590.0,6.589240562313784,0.0,0.0,0.0,0.0,,0.0,0.0,,0.0,0.0,0.0
fiducial_soft_x,10,600.0,6.700922605742832,0.0,0.0,0.0,0.0,,0.0,0.0,,0.0,0.0,0.0
fiducial_soft_x,10,610.0,6.812604649171879,0.0,0.0,0.0,0.0,,0.0,0.0,,0.0,0.0,0.0
fiducial_soft_x,10,620.0,6.924286692600926,0.0,0.0,0.0,0.0,,0.0,0.0,,0.0,0.0,0.0
fiducial_soft_x,10,630.0,7.035968736029973,0.0,0.0,0.0,0.0,,0.0,0.0,,0.0,0.0,0.0
fiducial_soft_x,10,640.0,7.1476507794590205,0.0,0.0,0.0,0.0,,0.0,0.0,,0.0,0.0,0.0
fiducial_soft_x,10,650.0,7.259332822888068,0.0,0.0,0.0,0.0,,0.0,0.0,,0.0,0.0,0.0
fiducial_soft_x,10,660.0,7.371014866317115,0.0,0.0,0.0,0.0,,0.0,0.0,,0.0,0.0,0.0
fiducial_soft_x,10,670.0,7.482696909746162,0.0,0.0,0.0,0.0,,0.0,0.0,,0.0,0.0,0.0
fiducial_soft_x,10,680.0,7.594378953175209,0.0,0.0,0.0,0.0,,0.0,0.0,,0.0,0.0,0.0
fiducial_soft_x,10,690.0,7.706060996604257,0.0,0.0,0.0,0.0,,0.0,0.0,,0.0,0.0,0.0
fiducial_soft_x,10,700.0,7.817743040033304,0.0,0.0,0.0,0.0,,0.0,0.0,,0.0,0.0,0.0
fiducial_soft_x,10,710.0,7.929425083462351,0.0,0.0,0.0,0.0,,0.0,0.0,,0.0,0.0,0.0
fiducial_soft_x,10,720.0,8.041107126891397,0.0,0.0,0.0,0.0,,0.0,0.0,,0.0,0.0,0.0
fiducial_soft_x,10,730.0,8.152789170320446,0.0,0.0,0.0,0.0,,0.0,0.0,,0.0,0.0,0.0
fiducial_soft_x,10,740.0,8.264471213749493,0.0,0.0,0.0,0.0,,0.0,0.0,,0.0,0.0,0.0
fiducial_soft_x,10,750.0,8.37615325717854,0.0,0.0,0.0,0.0,,0.0,0.0,,0.0,0.0,0.0
fiducial_soft_x,10,760.0,8.487835300607587,0.0,0.0,0.0,0.0,,0.0,0.0,,0.0,0.0,0.0
fiducial_soft_x,10,770.0,8.599517344036634,0.0,0.0,0.0,0.0,,0.0,0.0,,0.0,0.0,0.0
fiducial_soft_x,10,780.0,8.711199387465681,0.0,0.0,0.0,0.0,,0.0,0.0,,0.0,0.0,0.0
fiducial_soft_x,10,790.0,8.822881430894729,0.0,0.0,0.0,0.0,,0.0,0.0,,0.0,0.0,0.0
fiducial_soft_x,10,800.0,8.934563474323776,0.0,0.0,0.0,0.0,,0.0,0.0,,0.0,0.0,0.0
fiducial_soft_x,10,810.0,9.046245517752823,0.0,0.0,0.0,0.0,,0.0,0.0,,0.0,0.0,0.0
fiducial_soft_x,10,820.0,9.15792756118187,0.0,0.0,0.0,0.0,,0.0,0.0,,0.0,0.0,0.0
fiducial_soft_x,10,830.0,9.269609604610917,0.0,0.0,0.0,0.0,,0.0,0.0,,0.0,0.0,0.0
fiducial_soft_x,10,840.0,9.381291648039964,0.0,0.0,0.0,0.0,,0.0,0.0,,0.0,0.0,0.0
fiducial_soft_x,10,850.0,9.492973691469011,0.0,0.0,0.0,0.0,,0.0,0.0,,0.0,0.0,0.0
fiducial_soft_x,10,860.0,9.604655734898058,0.0,0.0,0.0,0.0,,0.0,0.0,,0.0,0.0,0.0
fiducial_soft_x,10,870.0,9.716337778327105,0.0,0.0,0.0,0.0,,0.0,0.0,,0.0,0.0,0.0
fiducial_soft_x,10,880.0,9.828019821756154,0.0,0.0,0.0,0.0,,0.0,0.0,,0.0,0.0,0.0
fiducial_soft_x,10,890.0,9.939701865185201,0.0,0.0,0.0,0.0,,0.0,0.0,,0.0,0.0,0.0
fiducial_soft_x,10,900.0,10.051383908614248,0.0,0.0,0.0,0.0,,0.0,0.0,,0.0,0.0,0.0
fiducial_soft_x,10,910.0,10.163065952043295,0.0,0.0,0.0,0.0,,0.0,0.0,,0.0,0.0,0.0
fiducial_soft_x,10,920.0,10.274747995472342,0.0,0.0,0.0,0.0,,0.0,0.0,,0.0,0.0,0.0
fiducial_soft_x,10,930.0,10.38643003890139,0.0,0.0,0.0,0.0,,0.0,0.0,,0.0,0.0,0.0
fiducial_soft_x,10,940.0,10.498112082330437,0.0,0.0,0.0,0.0,,0.0,0.0,,0.0,0.0,0.0
fiducial_soft_x,10,950.0,10.609794125759484,0.0,0.0,0.0,0.0,,0.0,0.0,,0.0,0.0,0.0
fiducial_soft_x,10,960.0,10.72147616918853,0.0,0.0,0.0,0.0,,0.0,0.0,,0.0,0.0,0.0
fiducial_soft_x,10,970.0,10.833158212617578,1.5576975175799397e-06,4.673092552739819e-06,2.924925540915725e-16,1.945786397719142e-18,31.08127612927428,1.3411876580605443e-06,6.163735299527016e-18,31.136600950782075,1.2745580482474381e-06,1.8208971263839307e-16,6.993514646672905e-21
fiducial_soft_x,10,980.0,10.944840256046625,4.830309377142701e-06,1.4490928131428102e-05,9.069986379434775e-16,6.033745433080947e-18,29.852546579180192,4.158927678913401e-06,1.911330542645158e-17,29.907871400687988,3.952313990797865e-06,5.646472672081613e-16,2.1686392252515968e-20
fiducial_soft_x,10,990.0,11.056522299475672,9.638482413712245e-06,2.8915447241136734e-05,1.8098406827619027e-15,1.2039839419140623e-17,29.102462300518305,8.298795825127883e-06,3.8139018401703076e-17,29.157787122026114,7.886515318053647e-06,1.126706869065161e-15,4.327340011218612e-20
fiducial_soft_x,10,1000.0,11.168204342904719,1.5840509150615763e-05,4.752152745184729e-05,2.9744099398532665e-15,1.9787055503625393e-17,28.563061106983675,1.3638781040883763e-05,6.268014445180656e-17,28.61838592849147,1.29612124294975e-05,1.8517033806169853e-15,7.111832143617855e-20
fiducial_soft_x,10,1010.0,11.279886386333766,2.3559798866978143e-05,7.067939660093443e-05,4.423879261997045e-15,2.942954947991842e-17,28.132055002493892,2.0285139515322038e-05,9.322500824920098e-17,28.187379824001688,1.92773827537777e-05,2.7540629403912686e-15,1.0577522053502516e-19
fiducial_soft_x,10,1020.0,11.391568429762813,3.280026370544132e-05,9.840079111632396e-05,6.15898324148757e-15,4.097220817222833e-17,27.772790610405927,2.8241239628611993e-05,1.2978908995702895e-16,27.828115431913723,2.683822733142613e-05,3.834242864986023e-15,1.4726166155488242e-19
fiducial_soft_x,10,1030.0,11.50325047319186,4.336137983991393e-05,0.0001300841395197418,8.142069044326106e-15,5.4164548717981543e-17,27.46972621422706,3.7334429066895754e-05,1.7157892629289667e-16,27.525051035734855,3.547967113919489e-05,5.0688025791560255e-15,1.9467736295909124e-19
fiducial_soft_x,10,1040.0,11.614932516620907,5.529257165292732e-05,0.00016587771495878194,1.0382417203939612e-14,6.906830922111661e-17,27.205816975229872,4.7607262543851826e-05,2.1879008719758387e-16,27.261141796737682,4.5242154791403536e-05,6.463519630538668e-15,2.482442228628086e-19
fiducial_soft_x,10,1050.0,11.726614560049956,6.85358800922924e-05,0.0002056076402768772,1.2869144611755221e-14,8.561109055786177e-17,26.97268896358016,5.900983693991328e-05,2.7119323144670447e-16,27.02801378508797,5.6078254333399346e-05,8.011618796705465e-15,3.0770202548227876e-19
fiducial_soft_x,10,1051.69,11.745488825389465,7.078910141070347e-05,0.0002123673042321104,1.3292237318084716e-14,8.842568539603455e-17,26.937567950061897,6.0949875098173194e-05,2.8010912148388837e-16,26.992892771569693,5.7921912253792834e-05,8.27501295234205e-15,3.178181976624753e-19
fiducial_soft_x,10,1070.0,11.94997864690805,0.0001004838940029962,0.0003014516820089886,1.8868098889741537e-14,1.2551871716701774e-16,26.557242806951997,8.651728397183269e-05,3.976100093312333e-16,26.612567628459807,8.2219143559872e-05,1.1746236465869784e-14,4.511373848476445e-19
fiducial_soft_x,10,1080.0,12.061660690337098,0.00011771046866348231,0.00035313140599044695,2.210277363488901e-14,1.4703716620823022e-16,26.38544622663482,0.00010134947639979346,4.657747493571009e-16,26.44077104814263,9.631447922643292e-05,1.375996634235125e-14,5.2847865350889545e-19
fiducial_soft_x,10,1090.0,12.173342733766145,0.00013613892810616284,0.0004084167843184885,2.5563129133649037e-14,1.7005694078564364e-16,26.227528131622712,0.00011721649941462859,5.386952905410042e-16,26.282852953130508,0.00011139323555388827,1.591419259386338e-14,6.112159626292395e-19
fiducial_soft_x,10,1100.0,12.285024777195192,0.00015581383479145944,0.0004674415043743783,2.925753298481292e-14,1.94633705768951e-16,26.080968908048042,0.00013415672158356996,6.165479644282109e-16,26.136293729555838,0.00012749187497601545,1.821412442535196e-14,6.995493820015169e-19
fiducial_soft_x,10,1110.0,12.396706820624239,0.0001767772697822711,0.0005303318093468133,3.319388684927908e-14,2.2082002640837998e-16,25.9439178932522,0.00015220637497450072,6.994992837915189e-16,25.999242714759994,0.00014464482956758604,2.066468097455994e-14,7.9366784081538795e-19
fiducial_soft_x,10,1120.0,12.508388864053286,0.00019883684227373189,0.0005965105268211957,3.7336065049716794e-14,2.4837557914500495e-16,25.8162418050155,0.0001711998098575481,7.867879673283175e-16,25.871566626523297,0.0001626946790040613,2.3243372389653473e-14,8.927075719424273e-19
fiducial_soft_x,10,1130.0,12.620070907482333,0.00022187028206119467,0.000665610846183584,4.166110862006048e-14,2.7714763105194903e-16,25.697236110039434,0.00019103175079407874,8.779301976299258e-16,25.75256093154723,0.000181541377884049,2.5935905686162105e-14,9.961196251163598e-19
fiducial_soft_x,10,1140.0,12.73175295091138,0.0002458620658518941,0.0007375861975556822,4.6166102714842644e-14,3.0711679132222326e-16,25.585755132619617,0.00021168883212841535,9.728645497621042e-16,25.641079954127413,0.0002011722245517359,2.874046624225654e-14,1.1038343062058835e-18
fiducial_soft_x,10,1150.0,12.843434994340427,0.00027104028652275946,0.0008131208595682784,5.089387687406717e-14,3.3856798049549385e-16,25.479899329368813,0.00023336744330586207,1.0724935764356536e-15,25.53522415087661,0.00022177385191162198,3.168371736448132e-14,1.2168756721011224e-18
fiducial_soft_x,10,1160.0,12.955117037769474,0.00029711375636845463,0.0008913412691053639,5.578975409228686e-14,3.7113746359123254e-16,25.38017704848719,0.00025581686982493947,1.1756650616921403e-15,25.435501869994987,0.00024310800084780158,3.4731620168528e-14,1.3339363922971384e-18
fiducial_soft_x,10,1170.0,13.066799081198521,0.0003240761740076767,0.0009722285220230302,6.08525511442023e-14,4.0481736928532926e-16,25.285866191268333,0.00027903168615550655,1.282354071264202e-15,25.34119101277613,0.00026516951536807205,3.7883438043663266e-14,1.4549881758055077e-18
fiducial_soft_x,10,1180.0,13.178481124627568,0.00035181882820537716,0.0010554564846161315,6.606185506359964e-14,4.3947190173805954e-16,25.196686254304772,0.0003029182912196299,1.3921304399436636e-15,25.252011075812568,0.0002878694444546639,4.1126463004333355e-14,1.579542947370291e-18
fiducial_soft_x,10,1190.0,13.290163168056615,0.0003804345188490764,0.0011413035565472293,7.14350911052629e-14,4.752169812464061e-16,25.111784158993338,0.0003275565863219,1.505361372490144e-15,25.16710898050112,0.0003112837199506856,4.4471543051938266e-14,1.7080173458865626e-18
fiducial_soft_x,10,1200.0,13.401845211485664,0.0004098380906944024,0.0012295142720832072,7.695626946716723e-14,5.11946236763151e-16,25.03095314966992,0.000352873252245022,1.6217099136348877e-15,25.08627797117773,0.0003353426651051377,4.7908723818699674e-14,1.840029054221479e-18
fiducial_soft_x,10,1210.0,13.513527254914711,0.0004401356483648768,0.0013204069450946303,8.264531366590331e-14,5.497922080984008e-16,24.953517585620226,0.00037895964575751105,1.741595914347715e-15,25.008842407128036,0.0003601330981226714,5.145040858586352e-14,1.9760544448609074e-18
fiducial_soft_x,10,1220.0,13.625209298343758,0.0004711038437670534,0.0014133115313011602,8.846028510070544e-14,5.884759016238811e-16,24.87969232952762,0.0004056234627033933,1.8641355968013406e-15,24.93501715103543,0.00038547226843274927,5.507048869645698e-14,2.1150907633257576e-18
fiducial_soft_x,10,1230.0,13.736891341772806,0.0005027907401053789,0.0015083722203161369,9.441020871336608e-14,6.280573551379368e-16,24.809015772031493,0.0004329060858131943,1.989519144819332e-15,24.864340593539303,0.00041139950289014284,5.877458258087967e-14,2.2573537965197572e-18
fiducial_soft_x,10,1240.0,13.848573385201853,0.0005352328594615622,0.0016056985783846865,1.0050194234171264e-13,6.685821899303262e-16,24.741127028384888,0.0004608389608359646,2.1178910745492086e-15,24.796451849892684,0.0004379446850329945,6.256695955027077e-14,2.40300751575985e-18
fiducial_soft_x,10,1250.0,13.9602554286309,0.0005683678593437311,0.0017051035780311934,1.0672377978831573e-13,7.099725313358366e-16,24.67591017121655,0.0004893684104821613,2.2490046997033725e-15,24.731234992724346,0.0004650568042357709,6.644033197253098e-14,2.5517720251579725e-18
fiducial_soft_x,10,1260.0,14.071937472059947,0.0006021579788588632,0.0018064739365765896,1.1306863060081198e-13,7.52181210612668e-16,24.613207835450105,0.0005184619223781641,2.3827106022166107e-15,24.6685326569579,0.0004927049633251971,7.039028572355607e-14,2.703477791569568e-18
fiducial_soft_x,10,1270.0,14.183619515488994,0.0006366351562579126,0.0019099054687737379,1.195424919002659e-13,7.952481231921043e-16,24.55275740487415,0.0005481469955650358,2.5191351602352508e-15,24.608082226381946,0.0005209152952021355,7.442055427975772e-14,2.858268206521756e-18
fiducial_soft_x,10,1280.0,14.295301558918041,0.0006717385547348891,0.0020152156642046673,1.2613394021545403e-13,8.390972752253778e-16,24.494483259901635,0.0005783712491585362,2.6580376453994146e-15,24.54980808140943,0.0005496380212415131,7.852402601876023e-14,3.0158701341271465e-18
fiducial_soft_x,10,1290.0,14.406983602347088,0.0007075000023419289,0.0021225000070257865,1.3284895197514777e-13,8.837684244897297e-16,24.438167834667247,0.0006091620873178319,2.7995439998039276e-15,24.493492656175043,0.0005788991841759867,8.270442153509619e-14,3.1764264711588794e-18
fiducial_soft_x,10,1300.0,14.518665645776135,0.0007438443323782375,0.0022315329971347125,1.3967341294981927e-13,9.291676770536894e-16,24.383778802974383,0.0006404547910263842,2.9433567923738812e-15,24.43910362448218,0.000608637280201142,8.695295408885416e-14,3.3395997455358766e-18
fiducial_soft_x,10,1310.0,14.630347689205182,0.0007807085179494172,0.0023421255538482516,1.4659548843015508e-13,9.752163033356624e-16,24.331261654310303,0.0006721950937196395,3.089226628673299e-15,24.386586475818085,0.0006388007386913575,9.12622560435323e-14,3.505106988643159e-18
fiducial_soft_x,10,1320.0,14.74202973263423,0.0008181529352554065,0.0024544588057662194,1.5362651539828878e-13,1.0219897218217545e-15,24.280397716684455,0.0007044349796970429,3.237392414465727e-15,24.33572253819225,0.0006694389613890674,9.563938517817493e-14,3.673219268408752e-18
fiducial_soft_x,10,1330.0,14.853711776063276,0.0008561131188861312,0.0025683393566583936,1.6075438903140957e-13,1.0694074060190937e-15,24.23115606841919,0.0007371189438227205,3.3875990631767904e-15,24.286480889927,0.0007004992006290057,1.0007680569853251e-13,3.8436471577876296e-18
fiducial_soft_x,10,1340.0,14.965393819492324,0.0008945365068592638,0.0026836095205777914,1.6796923964154173e-13,1.1174036985140325e-15,24.183488775694194,0.0007702017298892349,3.5396385895319226e-15,24.238813597202004,0.0007319384485121086,1.0456837328187891e-13,4.016154671943765e-18
fiducial_soft_x,10,1350.0,15.07707586292137,0.0009335131709917883,0.0028005395129753648,1.752879802272e-13,1.1660911118543067e-15,24.13718282421575,0.0008037608903147634,3.6938674034448395e-15,24.192507645723545,0.0007638304046867111,1.0912461702714784e-13,4.191146201693873e-18
fiducial_soft_x,10,1360.0,15.188757906350418,0.0009729201071698128,0.0029187603215094383,1.8268751401444086e-13,1.2153159963557043e-15,24.092291001318166,0.0008376905177600569,3.84979878346274e-15,24.147615822825962,0.0007960744232433475,1.137311581582938e-13,4.368069501776988e-18
fiducial_soft_x,10,1370.0,15.300439949779467,0.0010128593426426626,0.0030385780279279877,1.9018699890164014e-13,1.2652057986063424e-15,24.048611102763793,0.0008720784583480223,4.007836446578867e-15,24.10393592427159,0.0008287539861483825,1.1839992332493994e-13,4.5473826387011854e-18
fiducial_soft_x,10,1380.0,15.412121993208514,0.0010532053425175098,0.0031596160275525293,1.9776286290449636e-13,1.315603707618114e-15,24.00620131511854,0.0009068166257223442,4.167483657168036e-15,24.061526136626348,0.0008617663767278891,1.2311623791131312e-13,4.728522004897118e-18
fiducial_soft_x,10,1390.0,15.52380403663756,0.001094043437036463,0.0032821303111093894,2.0543112868477402e-13,1.366616313035372e-15,23.964897535690035,0.0009419784897745022,4.329078062956755e-15,24.020222357197845,0.0008951814149216253,1.2789007674185112e-13,4.91187070317599e-18
fiducial_soft_x,10,1400.0,15.635486080066608,0.001135208558588166,0.003405625675764498,2.1316080110593435e-13,1.4180374218654102e-15,23.92479480699246,0.0009774219262213171,4.491966499225017e-15,23.980119628500255,0.0009288640371179555,1.3270214395610692e-13,5.096687637949804e-18
fiducial_soft_x,10,1410.0,15.747168123495655,0.001176765342722411,0.003530296028167233,2.2096401693832633e-13,1.4699477731298784e-15,23.88575927533295,0.0010132025866900628,4.656404725782007e-15,23.94108409684076,0.0009628671301959192,1.3755999523710317e-13,5.283263000131154e-18
fiducial_soft_x,10,1420.0,15.858850166924702,0.001218710377815643,0.003656131133446929,2.2884013557331055e-13,1.5223431052243036e-15,23.847732675397317,0.0010493175337507473,4.8223792429948996e-15,23.903057496905127,0.0009971879026557469,1.4246323177727564e-13,5.471581472728753e-18
fiducial_soft_x,10,1430.0,15.970532210353749,0.0012609774508170618,0.0037829323524511856,2.3677672402943583e-13,1.575140708603255e-15,23.810715647611296,0.0010857097575375054,4.989628048957744e-15,23.866040469119106,0.0010317721768565021,1.474041134889263e-13,5.66134578240465e-18
fiducial_soft_x,10,1440.0,16.082214253782794,0.0013035886410897866,0.0039107659232693595,2.447779282010356e-13,1.6283681635407858e-15,23.77463252986589,0.001122398268525079,5.15823851066465e-15,23.8299573513737,0.0010666380188409472,1.5238522137692942e-13,5.852655057742937e-18
fiducial_soft_x,10,1450.0,16.193896297211843,0.0013465805109536535,0.0040397415328609606,2.528506134815459e-13,1.682071141589816e-15,23.739403137157787,0.0011594145471078077,5.328355303483504e-15,23.794727958665582,0.00110181534507135,1.5741082945612892e-13,6.045673450715615e-18
fiducial_soft_x,10,1460.0,16.305578340640892,0.0013898031788857335,0.0041694095366572,2.6096663626223773e-13,1.736062419348308e-15,23.705100696994826,0.0011966295443230676,5.49938535332694e-15,23.760425518502622,0.0011371815176804884,1.6246341706982985e-13,6.239728045936966e-18
fiducial_soft_x,10,1470.0,16.417260384069937,0.0014334079902656996,0.004300223970797099,2.6915441502368977e-13,1.790531048784185e-15,23.67155939616722,0.001234173569523626,5.671927526694128e-15,23.726884217675014,0.0011728603723101041,1.6756067599476224e-13,6.435498330995249e-18
fiducial_soft_x,10,1480.0,16.528942427498986,0.0014771806573835458,0.0044315419721506375,2.773737124548048e-13,1.8452093539805097e-15,23.63889991814495,0.0012718621196023709,5.845133897265921e-15,23.694224739652746,0.0012086765718858626,1.7267755670295508e-13,6.632022229350171e-18
fiducial_soft_x,10,1490.0,16.64062447092803,0.001521317330862977,0.004563951992588931,2.8566136022300643e-13,1.900342355046258e-15,23.606934416794495,0.0013098640815175624,6.019780623770002e-15,23.66225923830229,0.001244790613136616,1.7783698855668903e-13,6.830180388395951e-18
fiducial_soft_x,10,1500.0,16.75230651435708,0.001565650532676691,0.004696951598030073,2.9398591058224194e-13,1.9557208480353727e-15,23.57574687352011,0.0013480352556022696,6.195205003584628e-15,23.631071695027906,0.0012810654601711254,1.8301939392582694e-13,7.029220890623755e-18
fiducial_soft_x,10,1510.0,16.863988557786126,0.0016102343073369039,0.004830702922010712,3.023575115986373e-13,2.0114123422528085e-15,23.545261260256815,0.0013864221745317732,6.3716208882849184e-15,23.60058608176461,0.001317545333941938,1.8823109043595916e-13,7.229386376908008e-18
fiducial_soft_x,10,1520.0,16.975670601215175,0.0016549822784087136,0.0049649468352261404,3.1075994416432807e-13,2.0673089412101787e-15,23.51550057950063,0.001424950467635817,6.54868649040903e-15,23.57082540100844,0.0013541595584808117,1.9346198096615399e-13,7.430289047399383e-18
fiducial_soft_x,10,1530.0,17.08735264464422,0.0016999806429706039,0.005099941928911811,3.192093937089991e-13,2.1235183173541193e-15,23.486374008098856,0.0014636943511576184,6.726742887713955e-15,23.541698829606652,0.0013909786630008178,1.9872214167116826e-13,7.632315896699896e-18
fiducial_soft_x,10,1540.0,17.19903468807327,0.0017449259539314209,0.005234777861794262,3.2764888125327755e-13,2.1796614219824715e-15,23.45804144283678,0.0015023925551850557,6.904589354432222e-15,23.513366264344576,0.0014277543573635416,2.0397610058484317e-13,7.834104553968918e-18
fiducial_soft_x,10,1550.0,17.310716731502314,0.0017899122012939805,0.005369736603881941,3.360960555227166e-13,2.235855662015986e-15,23.430404627487626,0.0015411260057197017,7.082597804553304e-15,23.485729448995436,0.001464563547202581,2.0923484482913948e-13,8.036077001301117e-18
fiducial_soft_x,10,1560.0,17.422398774931363,0.0018347797917912655,0.005504339375373797,3.4452094931138645e-13,2.2919016826989264e-15,23.40352407830178,0.0015797572919243326,7.260136735078465e-15,23.45884889980959,0.0015012756481903458,2.1447971847644467e-13,8.237516720991485e-18
fiducial_soft_x,10,1566.75,17.49778415424597,0.0018649272211925384,0.005594781663577615,3.501818035692614e-13,2.3295601224108484e-15,23.385829228432094,0.001605714424024059,7.379428685340616e-15,23.441154049939875,0.0015259432414449466,2.1800385374308656e-13,8.372868088441114e-18
fiducial_soft_x,10,1580.0,17.645762861789457,0.0019249305160310758,0.0057747915480932275,3.614487644285817e-13,2.4045127968534113e-15,23.351446305113335,0.0016573776497608777,7.616858881068743e-15,23.40677112662113,0.001575039860971335,2.2501804140866163e-13,8.642261803566177e-18
fiducial_soft_x,10,1590.0,17.757444905218502,0.001970270943324943,0.005910812829974829,3.699624439030088e-13,2.461149458143239e-15,23.32616906723144,0.001696416051511817,7.796268804402914e-15,23.381493888739236,0.0016121388521850837,2.303181881211433e-13,8.845824394369236e-18
fiducial_soft_x,10,1600.0,17.86912694864755,0.0020158277185343743,0.0060474831556031235,3.785167475382128e-13,2.5180563688406245e-15,23.30135041712463,0.001735640730220206,7.976534806192046e-15,23.356675238632427,0.001649414866199403,2.3564362519284457e-13,9.050358311311807e-18
fiducial_soft_x,10,1610.0,17.9808089920766,0.002061608039324591,0.0061848241179737725,3.87113026856848e-13,2.575242519856141e-15,23.27696870101405,0.0017750578831224474,8.157685367256508e-15,23.332293522521844,0.0016868737923747318,2.4099519400713855e-13,9.255895869382244e-18
fiducial_soft_x,10,1620.0,18.092491035505645,0.002107687060891106,0.006323061182673318,3.9576539392806856e-13,2.632801790749523e-15,23.252968625257857,0.0018147322193289596,8.340017873145361e-15,23.308293446765667,0.0017245771251014948,2.4638167995900726e-13,9.462774489006956e-18
fiducial_soft_x,10,1630.0,18.204173078934694,0.0021540739044892546,0.006462221713467764,4.044755614716029e-13,2.690745575269787e-15,23.229332449999312,0.0018546715922996997,8.523568416233952e-15,23.284657271507108,0.0017625323276832315,2.518041492931766e-13,9.67103512141817e-18
fiducial_soft_x,10,1640.0,18.31585512236374,0.002200650987791818,0.006601952963375454,4.1322145077523884e-13,2.748926996317669e-15,23.20610602103168,0.0018947747628888833,8.70787172882255e-15,23.261430842539475,0.0018006431904901547,2.5724885702261737e-13,9.88014986327245e-18
fiducial_soft_x,10,1650.0,18.42753716579279,0.002247467254487129,0.006742401763461386,4.2201225211131467e-13,2.807407191541485e-15,23.18325051675904,0.0019350838719293679,8.893121478767762e-15,23.238575338266834,0.0018389497608171789,2.6272152450339743e-13,1.0090338454536864e-17
fiducial_soft_x,10,1660.0,18.539219209221834,0.0022945436199623085,0.0068836308598869255,4.3085189281163247e-13,2.86621228724323e-15,23.16074315330828,0.0019756169277050173,9.079400427265802e-15,23.216067974816077,0.0018774691523045885,2.682245966754281e-13,1.030169479795217e-17
fiducial_soft_x,10,1670.0,18.650901252650883,0.002341803228297188,0.007025409684891563,4.3972594145793954e-13,2.9252462794154768e-15,23.13860794784508,0.0020163077567704637,9.266404459080706e-15,23.19393276935289,0.001916138478974521,2.737490893346132e-13,1.0513873837435707e-17
fiducial_soft_x,10,1680.0,18.762583296079928,0.0023892173302827702,0.00716765199084831,4.486289997431368e-13,2.9844732561952477e-15,23.116844808105192,0.002057131605870437,9.454019814954129e-15,23.172169629612988,0.0019549342173024844,2.7929164179304905e-13,1.0726746499138462e-17
fiducial_soft_x,10,1690.0,18.874265339508977,0.0024367772736078354,0.007310331820823506,4.575594430022434e-13,3.043882409611618e-15,23.095444359749543,0.002098081025308902,9.642212258100374e-15,23.15076918125734,0.0019938492876900465,2.848512426240332e-13,1.0940273937222542e-17
fiducial_soft_x,10,1700.0,18.985947382938022,0.0024843825275009538,0.007453147582502861,4.664983943340839e-13,3.1033481623908265e-15,23.074437783202747,0.002139069457440118,9.83058399301835e-15,23.129762604710557,0.0020328014326370337,2.9041614011128286e-13,1.1154004803839923e-17
fiducial_soft_x,10,1710.0,19.09762942636707,0.0025321076929558594,0.007596323078867578,4.75459861744031e-13,3.1629637018155304e-15,23.05377851701011,0.0021801611342031784,1.0019430212306924e-14,23.109103338517905,0.0020718516930682083,2.9599505486541615e-13,1.1368274031245713e-17
fiducial_soft_x,10,1720.0,19.209311469796116,0.00258003695111748,0.00774011085335244,4.844596521251487e-13,3.222834182143792e-15,23.033419133890924,0.002221428536109444,1.0209084016769486e-14,23.088743955398733,0.002111068948695174,3.0159782738519257e-13,1.1583459563208442e-17
fiducial_soft_x,10,1730.0,19.320993513225165,0.002628275828198561,0.007884827484595684,4.935175803844655e-13,3.283091420668149e-15,23.013306596400845,0.0022629625219120026,1.0399962968631813e-14,23.06863141790864,0.0021505395444483422,3.0723679333754225e-13,1.1800035175352783e-17
fiducial_soft_x,10,1740.0,19.43267555665421,0.0026768668882782283,0.008030600664834684,5.026416388799811e-13,3.3437885859949967e-15,22.99341700950672,0.0023047997395588384,1.0592235491939028e-14,23.048741831014517,0.0021902983076218453,3.1291692832321506e-13,1.2018191965441573e-17
fiducial_soft_x,10,1750.0,19.54435760008326,0.0027256900720824886,0.008177070216247466,5.118092837973183e-13,3.4047757069652245e-15,22.973792767947877,0.002346836817236941,1.078542651783034e-14,23.029117589455673,0.002230247001868635,3.1862419780825674e-13,1.2237390909510492e-17
fiducial_soft_x,10,1760.0,19.656039643512308,0.0027749296311681457,0.008324788893504437,5.210551124879117e-13,3.4662829400559025e-15,22.954354012702446,0.0023892323967308507,1.0980265120989272e-14,23.00967883421024,0.0022705363877195428,3.243801401931931e-13,1.245845923232342e-17
fiducial_soft_x,10,1770.0,19.767721686941353,0.0028242425225138185,0.008472727567541456,5.303147109507409e-13,3.5278817755998436e-15,22.93522897978287,0.0024316911157759,1.1175393896427835e-14,22.990553801290666,0.002310885776376608,3.301446548779519e-13,1.2679856791222755e-17
fiducial_soft_x,10,1780.0,19.879403730370402,0.0028739624691562025,0.008621887407468607,5.396507431512167e-13,3.58998908127391e-15,22.91628121770534,0.0024745003120695388,1.1372133370396044e-14,22.971606039213135,0.0023515682307275257,3.359567529870723e-13,1.29030818854089e-17
fiducial_soft_x,10,1790.0,19.991085773799448,0.002924098444529002,0.008772295333587006,5.490648940522499e-13,3.652616066176818e-15,22.89750397434728,0.0025176677117963444,1.1570519050346055e-14,22.95282879585509,0.0023925910931234385,3.418174834854183e-13,1.3128174802446892e-17
fiducial_soft_x,10,1800.0,20.102767817228496,0.0029747131182414777,0.008924139354724433,5.58568931274877e-13,3.715841013590059e-15,22.878871227096717,0.0025612472738960517,1.1770798916953482e-14,22.934196048604512,0.002434005641847815,3.4773417224403525e-13,1.3355416906866952e-17
fiducial_soft_x,10,1810.0,20.214449860657542,0.003025759986830699,0.009077279960492096,5.681541227536661e-13,3.779605834054932e-15,22.860397760262025,0.0026051989585856874,1.1972788958218056e-14,22.91572258176982,0.002475773826276395,3.5370138316117277e-13,1.3584599414456833e-17
fiducial_soft_x,10,1820.0,20.32613190408659,0.003077246719894097,0.00923174015968229,5.778219086271011e-13,3.84392010799266e-15,22.84207815516529,0.002649529369438347,1.2176519522373561e-14,22.8974029766731,0.002517901921919684,3.5972001278752616e-13,1.3815756759014733e-17
fiducial_soft_x,10,1830.0,20.437813947515636,0.003129012397654657,0.009387037192963972,5.87542072607327e-13,3.908582823647301e-15,22.82396573901506,0.002694099953483102,1.2381353857484025e-14,22.879290560522854,0.0025602582590570832,3.657712501308305e-13,1.404816646727175e-17
fiducial_soft_x,10,1840.0,20.549495990944685,0.003180919116722136,0.009542757350166407,5.972887202479727e-13,3.973421720013163e-15,22.80610238334595,0.0027387919750072004,1.2586746286365794e-14,22.861427204853747,0.0026027300007135487,3.7183897473867547e-13,1.4281209401450086e-17
fiducial_soft_x,10,1850.0,20.66117803437373,0.00323290762167616,0.00969872286502848,6.070507250183403e-13,4.038362778617697e-15,22.788500711016418,0.002783554414709669,1.2792462338126987e-14,22.843825532524214,0.0026452686622044203,3.7791625984745925e-13,1.451461952552826e-17
fiducial_soft_x,10,1860.0,20.77286007780278,0.003284829393464339,0.009854488180393018,6.16800199144022e-13,4.103220477978916e-15,22.771201903206666,0.0028282593967238474,1.2997914329911625e-14,22.826526724714448,0.0026877527204795496,3.8398574406880813e-13,1.4747730041134642e-17
fiducial_soft_x,10,1870.0,20.884542121231824,0.003336584105631582,0.010009752316894747,6.265183040888059e-13,4.167869496043313e-15,22.754228757171724,0.0028728205393216896,1.3202705274688701e-14,22.809553578679534,0.002730100085216943,3.9003569957034693e-13,1.4980090517729792e-17
fiducial_soft_x,10,1880.0,20.996224164660873,0.00338815299232916,0.01016445897698748,6.362015161448072e-13,4.232286391588963e-15,22.737576416990102,0.0029172216849858144,1.3406760916883595e-14,22.79290123849791,0.002772295401597541,3.9606393268612694e-13,1.5211616703245213e-17
fiducial_soft_x,10,1890.0,21.10790620808992,0.0034395064742259065,0.01031851942267772,6.4584428113092e-13,4.296434215811888e-15,22.721243620591245,0.002961437365720387,1.360996421248386e-14,22.776568442099055,0.0028143144668642786,4.0206698568969544e-13,1.5442175796874966e-17
fiducial_soft_x,10,1900.0,21.219588251518967,0.0034905422691123003,0.0104716268073369,6.554273932742883e-13,4.360185203642319e-15,22.705251694972283,0.003005379515880121,1.3811910435630835e-14,22.76057651648008,0.002856073590434186,4.080329021274217e-13,1.567130858742926e-17
fiducial_soft_x,10,1910.0,21.331270294948013,0.003541200774860839,0.010623602324582516,6.64939660942194e-13,4.423464903521037e-15,22.689607572309818,0.0030489968176469523,1.4012363743528937e-14,22.7449323938176,0.0028975240039357123,4.1395471470678107e-13,1.5898747482293383e-17
fiducial_soft_x,10,1920.0,21.44295233837706,0.0035914948165341127,0.010774484449602339,6.743834923270309e-13,4.486289335780655e-15,22.674295838828748,0.0030923003134828925,1.42113748843434e-14,22.729620660336558,0.0029386762012462366,4.1983392263537677e-13,1.612455006149302e-17
fiducial_soft_x,10,1930.0,21.55463438180611,0.0036414092401773662,0.0109242277205321,6.837560419348046e-13,4.5486395709700415e-15,22.65931022397738,0.0031352769557346843,1.4408883894592997e-14,22.71463504548519,0.002979517782914146,4.2566875446577705e-13,1.634864828909478e-17
fiducial_soft_x,10,1940.0,21.666316425235156,0.0036909651561604392,0.011072895468481317,6.930612737096845e-13,4.610541978952423e-15,22.644634085396227,0.0031779449205675755,1.4604974307011326e-14,22.699958906904023,0.003020066022120836,4.314616779307315e-13,1.657113694324334e-17
fiducial_soft_x,10,1950.0,21.777998468664205,0.003740011045922391,0.011220033137767173,7.022707366524351e-13,4.671807291431771e-15,22.630301736582332,0.0032201737495186063,1.4799046569829158e-14,22.685626558090128,0.0030601969415221027,4.3719498100919e-13,1.679133575882739e-17
fiducial_soft_x,10,1960.0,21.88968051209325,0.0037883725391043865,0.01136511761731316,7.113516888275792e-13,4.732217694956783e-15,22.61635224908418,0.003261813308578726,1.4990410707795312e-14,22.67167707059199,0.0030997678657000783,4.428482803801452e-13,1.7008461874190734e-17
fiducial_soft_x,10,1970.0,22.0013625555223,0.00383616805078116,0.01150850415234348,7.203263653143032e-13,4.791921106847159e-15,22.60273988868355,0.003302965553894728,1.5179535283751993e-14,22.658064710191347,0.003138875685665265,4.4843541837606997e-13,1.722304693142062e-17
fiducial_soft_x,10,1980.0,22.113044598951344,0.0038835290995772437,0.01165058729873173,7.292194616763901e-13,4.851081812625457e-15,22.589417539491656,0.003343743723854706,1.5366940710667337e-14,22.64474236099945,0.0031776280141727095,4.539717690912782e-13,1.7435681402939703e-17
fiducial_soft_x,10,1990.0,22.224726642380393,0.003930239973772656,0.011790719921317968,7.379904732130155e-13,4.909430357583152e-15,22.57643627758224,0.00338396208926973,1.5551773427482175e-14,22.63176109909002,0.003215848348977461,4.594321165357199e-13,1.7645396818903156e-17
fiducial_soft_x,10,2000.0,22.336408685809438,0.003976362941065487,0.01192908882319646,7.466510920774027e-13,4.967044522957355e-15,22.56376890474298,0.0034236742630314116,1.5734279824528648e-14,22.619093726250775,0.0032535876395063837,4.648237395983473e-13,1.7852472739401222e-17
fiducial_soft_x,10,2010.0,22.448090729238487,0.004021826403364904,0.012065479210094713,7.551878741263734e-13,5.023834872519482e-15,22.551425646406877,0.0034628185987195174,1.5914176591552452e-14,22.606750467914672,0.0032907873019061428,4.701382686980077e-13,1.805658771415795e-17
fiducial_soft_x,10,2020.0,22.559772772667532,0.004066811102706323,0.012200433308118968,7.636347577202143e-13,5.080027178853773e-15,22.53934894739232,0.003501550716397928,1.6092178916227197e-14,22.594673768900115,0.003327595225104655,4.753968319837278e-13,1.8258553211419027e-17
fiducial_soft_x,10,2030.0,22.67145481609658,0.004111177907754948,0.012333533723264845,7.719656178384976e-13,5.1354476470766376e-15,22.527568271466386,0.0035397508230856777,1.6267736262450814e-14,22.58289309297418,0.0033638975673832804,4.805831654604219e-13,1.8457744580367027e-17
fiducial_soft_x,10,2040.0,22.783136859525627,0.004154763064692827,0.012464289194078482,7.801497060387846e-13,5.189891725310734e-15,22.516118293391806,0.003577277925684219,1.6440200664121558e-14,22.5714431148996,0.0033995603401182637,4.856781268457669e-13,1.8653426623884793e-17
fiducial_soft_x,10,2050.0,22.894818902954675,0.004197666926368652,0.012593000779105957,7.882058658132766e-13,5.2434847685789425e-15,22.50496400997914,0.003614218428646662,1.660996921270868e-14,22.560288831486922,0.003434665655227692,4.906934470574636e-13,1.8846049891009766e-17
fiducial_soft_x,10,2060.0,23.00650094638372,0.004239932986036213,0.012719798958108638,7.96142263993302e-13,5.296281106159357e-15,22.494086467662093,0.0036506097799464013,1.677721400895744e-14,22.54941128916989,0.0034692491002861962,4.956342103137215e-13,1.9035809651172616e-17
fiducial_soft_x,10,2070.0,23.11818298981277,0.0042815513789140084,0.012844654136742024,8.039570482454622e-13,5.3482684155327185e-15,22.483481048869443,0.003686443485942629,1.694189601839467e-14,22.538805870377253,0.0035033026036132924,5.004992634540534e-13,1.9222661614969825e-17
fiducial_soft_x,10,2076.0,23.1851922158702,0.004306204351178448,0.012918613053535345,8.085861952667516e-13,5.379063494522138e-15,22.477247360135912,0.003707669854838014,1.7039446662001442e-14,22.532572181643694,0.0035234744558877195,5.033811147664241e-13,1.9333344800035978e-17
fiducial_soft_x,10,2090.0,23.341547076670864,0.004362787835252127,0.01308836350575638,8.192110101549608e-13,5.449744337499388e-15,22.463073714943967,0.0037563886013425246,1.7263344828506193e-14,22.518398536451762,0.0035697728766080857,5.099955378099059e-13,1.9587384766180266e-17
fiducial_soft_x,10,2100.0,23.453229120099913,0.004402196274988857,0.01320658882496657,8.266108262689827e-13,5.4989711001600844e-15,22.453310443824144,0.003790319523361608,1.741928215803468e-14,22.508635265331954,0.003602018125424659,5.146022547021156e-13,1.976431481671378e-17
fiducial_soft_x,10,2110.0,23.564911163528958,0.004440788872577391,0.013322366617732173,8.338574497695683e-13,5.5471787596016195e-15,22.44383363350203,0.003823548000003629,1.7571991238823647e-14,22.499158455009827,0.0036335958260398987,5.191136023325483e-13,1.993758202260102e-17
fiducial_soft_x,10,2120.0,23.676593206958007,0.004478605356452034,0.0134358160693561,8.409583405589699e-13,5.594416942305515e-15,22.434626960795164,0.003856108237708004,1.7721629274405975e-14,22.489951782302974,0.003664538485532435,5.235342248244082e-13,2.010736475055572e-17
fiducial_soft_x,10,2130.0,23.788275250387052,0.004515769161741438,0.013547307485224314,8.479366763437939e-13,5.6408398363549006e-15,22.425654615145937,0.0038881065149204827,1.7868684691739456e-14,22.480979436653733,0.003694947102481829,5.278785513379474e-13,2.0274217180943706e-17
fiducial_soft_x,10,2140.0,23.8999572938161,0.0045521921562874205,0.013656576468862262,8.547759083398551e-13,5.686337352112568e-15,22.416932483422706,0.003919466949281689,1.8012808756048387e-14,22.4722573049305,0.0037247495643307625,5.321362795139618e-13,2.0437743631334897e-17
fiducial_soft_x,10,2150.0,24.011639337245146,0.0045877454882748085,0.013763236464824425,8.614518417364833e-13,5.7307485352812555e-15,22.408485656772974,0.003950078598543669,1.8153491606802962e-14,22.46381047828077,0.003753840440393107,5.362923469993737e-13,2.0597365602343823e-17
fiducial_soft_x,10,2160.0,24.123321380674195,0.004622583103474091,0.013867749310422273,8.679933832958026e-13,5.774265686087949e-15,22.400272129944234,0.003980074011012536,1.829134240012564e-14,22.455596951452044,0.0037823456940337353,5.403647495480405e-13,2.075377425640001e-17
fiducial_soft_x,10,2170.0,24.23500342410324,0.004656446848070301,0.013969340544210904,8.743520588642393e-13,5.816566333593319e-15,22.392347323803683,0.004009230914580509,1.842533963359758e-14,22.447672145311493,0.0038100540955248985,5.443233098287063e-13,2.0905810573561714e-17
fiducial_soft_x,10,2180.0,24.34668546753229,0.0046894742563352455,0.014068422769005736,8.805536935779205e-13,5.857822277721476e-15,22.384673558580026,0.004037667727146976,1.855602752381827e-14,22.43999838008782,0.003837078179817104,5.481841051450512e-13,2.1054092034394616e-17
fiducial_soft_x,10,2190.0,24.458367510961335,0.00472174293605338,0.01416522880816014,8.866128600344374e-13,5.898130461665589e-15,22.37722810058461,0.004065451269517325,1.8683713161115042e-14,22.43255292209242,0.0038634814480876757,5.519562075916315e-13,2.119896707058789e-17
fiducial_soft_x,10,2200.0,24.570049554390383,0.004753217997837972,0.014259653993513914,8.925230069709673e-13,5.937447303604824e-15,22.37001461652499,0.004092551501703463,1.8808258489837072e-14,22.4253394380328,0.003889235352721846,5.556355387139769e-13,2.134027904105149e-17
fiducial_soft_x,10,2210.0,24.68173159781943,0.004783855592035756,0.014351566776107268,8.982759006342078e-13,5.975718029067303e-15,22.363038795406787,0.004118930668869741,1.8929489998983248e-14,22.418363616914583,0.003914304014527505,5.592169726319518e-13,2.14778310762463e-17
fiducial_soft_x,10,2220.0,24.793413641248478,0.004813976624698081,0.014441929874094242,9.039317983138591e-13,6.013343495486907e-15,22.35622400591803,0.004144865073206155,1.9048677498599617e-14,22.411548827425825,0.003938950009124025,5.627380222066956e-13,2.1613063931611023e-17
fiducial_soft_x,10,2230.0,24.905095684677523,0.004843854492656368,0.014531563477969103,9.095420363808153e-13,6.0506652145048614e-15,22.349506227141752,0.004170590111156445,1.9166902806999166e-14,22.404831048649548,0.003963397038563909,5.66230646627915e-13,2.1747205062876528e-17
fiducial_soft_x,10,2240.0,25.01677772810657,0.004873883804372778,0.014621651413118334,9.151807114011046e-13,6.088176108379455e-15,22.342796020771225,0.004196445543163985,1.9285727371176747e-14,22.398120842279035,0.003987967984141933,5.697409743259812e-13,2.1882026123414966e-17
fiducial_soft_x,10,2250.0,25.12845977153562,0.004903901777072442,0.014711705331217326,9.208172572673501e-13,6.125672838204676e-15,22.33612954156188,0.00422229121220462,1.940450706740212e-14,22.391454363069677,0.0040125296517729316,5.732499765303123e-13,2.2016796275751528e-17
fiducial_soft_x,10,2260.0,25.240141814964666,0.0049339378540140715,0.014801813562042215,9.264572026100102e-13,6.163192182810596e-15,22.32949976129776,0.0042481524691149195,1.9523358401255472e-14,22.384824582805557,0.004037106132875123,5.767610950609388e-13,2.2151647709774628e-17
fiducial_soft_x,10,2270.0,25.351823858393715,0.004963958699837433,0.0148918760995123,9.320942879695005e-13,6.200692501577152e-15,22.322913549978658,0.004274000611933677,1.964214946629523e-14,22.378238371486454,0.004061670151388041,5.802704331239732e-13,2.228643076142728e-17
fiducial_soft_x,10,2280.0,25.46350590182276,0.004994043995495176,0.014982131986485528,9.377434752271168e-13,6.2382733273803165e-15,22.316353038777457,0.004299904246477536,1.9761195556277086e-14,22.371677860285253,0.004086286904821694,5.837873051605098e-13,2.242150317019557e-17
fiducial_soft_x,10,2290.0,25.57518794525181,0.00502407180352826,0.015072215410584781,9.433818678972249e-13,6.2757823429399426e-15,22.309844354585785,0.004325758383803987,1.9880014170450965e-14,22.36516917609358,0.004110856620037814,5.872974570829446e-13,2.255631747972411e-17
fiducial_soft_x,10,2300.0,25.686869988680854,0.0050539707860521605,0.015161912358156482,9.489960706962007e-13,6.3131304370622426e-15,22.30340213075835,0.004351501601532114,1.9998323028186596e-14,22.358726952266146,0.0041353209260922095,5.907925497273854e-13,2.269055340797183e-17
fiducial_soft_x,10,2310.0,25.798552032109903,0.005083397217811874,0.015250191653435623,9.545215415184e-13,6.349888247872918e-15,22.29709883150702,0.004376837949989679,2.0114762024929854e-14,22.352423653014817,0.004159398575961496,5.942324027428953e-13,2.2822667749291837e-17
fiducial_soft_x,10,2320.0,25.91023407553895,0.005112568880572697,0.015337706641718091,9.599991737619611e-13,6.386327815862373e-15,22.29088601821787,0.0044019549406880435,2.0230192912811173e-14,22.346210839725664,0.0041832677656680655,5.976424741010078e-13,2.2953638267305226e-17
fiducial_soft_x,10,2330.0,26.021916118967997,0.005141440501620351,0.015424321504861054,9.654204664620433e-13,6.4223925889525325e-15,22.284771912811586,0.0044268135935268006,2.034443654984442e-14,22.340096734319395,0.004206891451625663,6.010174715704393e-13,2.3083261703428853e-17
fiducial_soft_x,10,2340.0,26.133598162397043,0.005170433395889398,0.015511300187668194,9.70864530922283e-13,6.458608849595271e-15,22.278666578660058,0.004451776663395148,2.0459160059270832e-14,22.333991400167868,0.004230614367220991,6.044066454802803e-13,2.321342961371418e-17
fiducial_soft_x,10,2350.0,26.24528020582609,0.0051996639013734604,0.015598991704120381,9.763532122034243e-13,6.4951219205396915e-15,22.272545767788237,0.004476944318059581,2.0574823785021034e-14,22.327870589296033,0.004254531703930197,6.078235953590585e-13,2.334466431488392e-17
fiducial_soft_x,10,2360.0,26.356962249255137,0.005229486065445862,0.015688458196337584,9.819529906197282e-13,6.532374057458275e-15,22.266336423480645,0.004502621394603107,2.0692828675782444e-14,22.32166124498844,0.004278933154664795,6.113097081793673e-13,2.3478555355270143e-17
fiducial_soft_x,10,2370.0,26.468644292684186,0.005259526026093681,0.015778578078281043,9.875936652151028e-13,6.56989825336722e-15,22.260117427496404,0.004528485995409607,2.0811695377277246e-14,22.3154422490042,0.004303512813539902,6.148212807024642e-13,2.3613424225769722e-17
fiducial_soft_x,10,2380.0,26.58032633611323,0.005290230337951181,0.015870691013853543,9.93359086611406e-13,6.608252318703644e-15,22.25379749440915,0.004554922606913294,2.093319088504295e-14,22.309122315916945,0.004328636065873689,6.184105136952585e-13,2.3751275799819246e-17
fiducial_soft_x,10,2390.0,26.69200837954228,0.0053204091292286485,0.015961227387685947,9.990258297630914e-13,6.64594993387256e-15,22.24762137377825,0.004580906741791682,2.1052606932763814e-14,22.30294619528606,0.004353329320420847,6.21938315062e-13,2.388676797107581e-17
fiducial_soft_x,10,2400.0,26.80369042297133,0.005351309087767294,0.016053927263301883,1.0048279882003299e-12,6.68454838982182e-15,22.241333858162285,0.0046075118063558206,2.1174876605180357e-14,22.29665867967008,0.004378612657141527,6.255504185078485e-13,2.402549792999449e-17
fiducial_soft_x,10,2410.0,26.915372466400374,0.0053824584271512385,0.016147375281453717,1.0106769734698386e-12,6.72345835801987e-15,22.235032238453066,0.004634331589443998,2.1298133065790283e-14,22.290357059960876,0.004404100045264915,6.291916737536746e-13,2.4165347521302982e-17
fiducial_soft_x,10,2420.0,27.027054509829423,0.00541361884504284,0.01624085653512852,1.016528038976982e-12,6.76238216485428e-15,22.22876476056191,0.004661160911199067,2.1421433363530288e-14,22.28408958206972,0.004429596498178441,6.328342240405807e-13,2.4305246851219048e-17
fiducial_soft_x,10,2430.0,27.138736553258468,0.005445242210763193,0.016335726632289577,1.0224660332949598e-12,6.801884259564142e-15,22.222440942627962,0.004688388834035051,2.154656552390197e-14,22.277765764135758,0.004455471749847435,6.365308914048736e-13,2.444722465425617e-17
fiducial_soft_x,10,2440.0,27.250418596687517,0.005476388620159515,0.016429165860478545,1.0283144683937495e-12,6.840790567789702e-15,22.2162483004248,0.004715206094384896,2.166981039068965e-14,22.271573121932583,0.004480956740561016,6.401718041447907e-13,2.458706109094952e-17
fiducial_soft_x,10,2450.0,27.362100640116562,0.00550760904956931,0.016522827148707928,1.0341768024058713e-12,6.879789337570699e-15,22.210076186620164,0.004742087086446065,2.179334815116481e-14,22.265401008127974,0.004506502296822681,6.438213695806457e-13,2.472722985150069e-17
fiducial_soft_x,10,2460.0,27.47378268354561,0.0055378973324712285,0.016613691997413686,1.0398641050593376e-12,6.91762372339702e-15,22.20412169859329,0.004768165494322718,2.1913197452057745e-14,22.2594465201011,0.0045312851409272355,6.473619701578933e-13,2.486321360168746e-17
fiducial_soft_x,10,2470.0,27.585464726974656,0.0055678526749982915,0.016703558024994875,1.0454888907096615e-12,6.955042219202761e-15,22.198264610371545,0.004793957238378837,2.20317293236565e-14,22.25358943187934,0.0045557955625431055,6.508636511011948e-13,2.4997702566550546e-17
fiducial_soft_x,10,2480.0,27.697146770403705,0.0055971912520018105,0.016791573756005432,1.050997864836104e-12,6.991690286890879e-15,22.19255858202566,0.004819217943321932,2.2147820683290576e-14,22.24788340353347,0.004579801326834274,6.542932341848796e-13,2.512942247087794e-17
fiducial_soft_x,10,2490.0,27.80882881383275,0.005625940160687898,0.016877820482063696,1.0563961155452683e-12,7.0276017747371e-15,22.18699617735772,0.004843970940022083,2.2261578753321157e-14,22.242320998865516,0.0046033246056035124,6.576538869831522e-13,2.5258494971606057e-17
fiducial_soft_x,10,2500.0,27.9205108572618,0.005653852685112516,0.01696155805533755,1.0616373163997086e-12,7.062468499334442e-15,22.181622727577768,0.00486800380445251,2.2372027290442932e-14,22.236947549085578,0.0046261635279557616,6.609167692142204e-13,2.538381240081558e-17
fiducial_soft_x,10,2510.0,28.032192900690845,0.0056810476034429465,0.01704314281032884,1.06674377065736e-12,7.096438831556993e-15,22.17641287776535,0.0048914188053850415,2.2479636294238127e-14,22.23173769927316,0.004648415281995488,6.64095765654881e-13,2.5505908030751753e-17
fiducial_soft_x,10,2520.0,28.143874944119894,0.005708130610869809,0.01712439183260943,1.071829211139458e-12,7.130269371097423e-15,22.171249194035177,0.00491473745030431,2.2586802471888367e-14,22.226574015542973,0.004670575466946083,6.672616800792699e-13,2.562750122004436e-17
fiducial_soft_x,10,2530.0,28.25555698754894,0.005735210471079973,0.01720563141323992,1.0769140606612183e-12,7.16409597931526e-15,22.1661105480187,0.004938053385449602,2.2693956196151192e-14,22.221435369526496,0.004692733076743076,6.704272266043857e-13,2.574908027943958e-17
fiducial_soft_x,10,2540.0,28.367239030977988,0.005761595608946673,0.01728478682684002,1.0818684605222895e-12,7.197054780227216e-15,22.16112701614987,0.004960771160154681,2.2798360937005197e-14,22.216451837657665,0.004714322242446034,6.735115623742314e-13,2.5867540279563302e-17
fiducial_soft_x,10,2550.0,28.478921074407033,0.005787081301300815,0.017361243903902444,1.0866539693680868e-12,7.228890045392297e-15,22.156334989491548,0.004982714506444151,2.289920661456663e-14,22.211659810999343,0.004735175452994636,6.764907559241872e-13,2.5981962085303997e-17
fiducial_soft_x,10,2560.0,28.590603117836082,0.00581188428003529,0.01743565284010587,1.091311283459719e-12,7.25987250386051e-15,22.151691552478887,0.005004070031882426,2.2997350826670542e-14,22.207016373986683,0.004755470045372012,6.79390142499158e-13,2.6093318746724476e-17
fiducial_soft_x,10,2570.0,28.70228516126513,0.005835769615396105,0.017507308846188313,1.0957962894805748e-12,7.289708694857487e-15,22.147238602563256,0.00502463546042874,2.3091863967407402e-14,22.20256342407105,0.004775013792521658,6.821822595841742e-13,2.6200555511758337e-17
fiducial_soft_x,10,2580.0,28.813967204694176,0.00585880698021141,0.01757642094063423,1.1001220700626974e-12,7.318485649684093e-15,22.14296097298135,0.005044470780839681,2.3183021728858278e-14,22.19828579448916,0.004793863702985263,6.848752517035184e-13,2.6303985186928447e-17
fiducial_soft_x,10,2587.75,28.900520788351688,0.005876015493629214,0.017628046480887644,1.1033533534055077e-12,7.339981537656845e-15,22.139776618129368,0.005059287422420638,2.3251115001402298e-14,22.195101439637178,0.0048079442603640235,6.86886870280179e-13,2.6381245366954838e-17
fiducial_soft_x,10,2600.0,29.03733129155227,0.005901776058080733,0.0177053281742422,1.108190475636383e-12,7.372160157280767e-15,22.135027133141797,0.005081467435367392,2.3353048334834226e-14,22.190351954649593,0.004829022380075025,6.898981954735757e-13,2.6496901251852282e-17
fiducial_soft_x,10,2610.0,29.14901333498132,0.005921648015758739,0.017764944047276215,1.111921880219392e-12,7.39698306706237e-15,22.13137747563281,0.0050985773197181426,2.3431680730166617e-14,22.18670229714062,0.004845282252936788,6.922211619175179e-13,2.6586119360959308e-17
fiducial_soft_x,10,2620.0,29.260695378410364,0.005940694034128884,0.01782208210238665,1.1154981962213675e-12,7.420774260832077e-15,22.127890985463587,0.005114976064971919,2.350704492277693e-14,22.183215806971383,0.004860866315777468,6.944475787749533e-13,2.6671629292720227e-17
fiducial_soft_x,10,2630.0,29.372377421839413,0.005958719025245599,0.0178761570757368,1.1188827915164778e-12,7.443290045917492e-15,22.124601680299257,0.005130495699143223,2.3578368958904543e-14,22.179926501807053,0.004875614941385533,6.965546409071776e-13,2.6752555170792336e-17
fiducial_soft_x,10,2640.0,29.48405946526846,0.005975713355447635,0.017927140066342905,1.1220738571693213e-12,7.464518388501514e-15,22.1215095563576,0.005145127927587283,2.3645614718608162e-14,22.176834377865383,0.004889520247190495,6.985412221708995e-13,2.6828853743420847e-17
fiducial_soft_x,10,2650.0,29.595741508697508,0.0059913142962155835,0.01797394288864675,1.125003282786265e-12,7.48400618892188e-15,22.118678692034557,0.0051585604386980505,2.3707346902316476e-14,22.174003513542367,0.004902285437088796,7.003649207961228e-13,2.6898896486977395e-17
fiducial_soft_x,10,2660.0,29.707423552126553,0.006005630473296566,0.018016891419889696,1.1276914652812525e-12,7.501889136231695e-15,22.116087432435187,0.005170886759947795,2.3763995336965985e-14,22.171412253942982,0.004913999392149242,7.020384347751439e-13,2.6963171092907152e-17
fiducial_soft_x,10,2670.0,29.8191055955556,0.006019003900972666,0.018057011702917996,1.1302026254864883e-12,7.518594455056022e-15,22.11367238676403,0.005182401367849988,2.3816913356872003e-14,22.16899720827184,0.004924941959422322,7.036017444517971e-13,2.7023213085189666e-17
fiducial_soft_x,10,2680.0,29.930787638984647,0.0060315789114174815,0.018094736734252444,1.1325638649962277e-12,7.534302436867996e-15,22.111406413527142,0.005193228533341509,2.3866672077609426e-14,22.166731235034938,0.004935231236119725,7.050717217821063e-13,2.7079670464581605e-17
fiducial_soft_x,10,2690.0,30.042469682413696,0.00604326011220004,0.01812978033660012,1.1347572717476587e-12,7.548893922914042e-15,22.109305730191103,0.005203286122921054,2.391289403584698e-14,22.1646305516989,0.004944789169096171,7.064372157048751e-13,2.7132114952578524e-17
fiducial_soft_x,10,2700.0,30.15415172584274,0.006054121140889444,0.01816236342266833,1.1367966728416278e-12,7.562460897022026e-15,22.10735618177386,0.005212637539012865,2.395587061195789e-14,22.16268100328167,0.0049536760109714995,7.077068342095534e-13,2.718087715599738e-17
fiducial_soft_x,10,2710.0,30.26583376927179,0.006062373903572924,0.018187121710718773,1.1383463136469574e-12,7.572769774831672e-15,22.105877152634257,0.005219743221169425,2.3988526403019183e-14,22.161201974142053,0.004960428685980475,7.086715550032555e-13,2.7217929161313597e-17
fiducial_soft_x,10,2720.0,30.377515812700835,0.006070564137954109,0.018211692413862328,1.1398842133647943e-12,7.58300054587238e-15,22.10441131883318,0.005226795066052463,2.4020934772549834e-14,22.159736140340975,0.0049671301983278725,7.096289664442316e-13,2.7254700436518228e-17
fiducial_soft_x,10,2730.0,30.489197856129884,0.0060792980400058375,0.018237894120017514,1.1415241988494376e-12,7.593910435385249e-15,22.102850360336554,0.005234315012323346,2.405549440930299e-14,22.15817518184435,0.004974276556993148,7.106499308464103e-13,2.7293912588577293e-17
fiducial_soft_x,10,2740.0,30.600879899558933,0.006088556115431037,0.01826566834629311,1.1432626096105307e-12,7.60547509221246e-15,22.101198166040525,0.005242286275265951,2.409212817526844e-14,22.156522987548335,0.004981851811117455,7.117321693906292e-13,2.733547809494513e-17
fiducial_soft_x,10,2750.0,30.71256194298798,0.006098277382680959,0.018294832148042877,1.1450879949981596e-12,7.617618341700896e-15,22.09946601239296,0.005250656349371582,2.4130594769346068e-14,22.154790833900755,0.004989806063642555,7.128685535345607e-13,2.7379123169890214e-17
fiducial_soft_x,10,2760.0,30.824243986417027,0.006108804918059053,0.018326414754177157,1.1470647752627978e-12,7.630768735091793e-15,22.097593307866354,0.005259720625560986,2.4172251728219433e-14,22.152918129374164,0.004998420030598864,7.140991877688411e-13,2.7426388105494945e-17
fiducial_soft_x,10,2770.0,30.935926029846073,0.006119623137516298,0.018358869412548894,1.1490961379658012e-12,7.644282234362276e-15,22.09567225381972,0.005269035182626463,2.421505891022628e-14,22.15099707532753,0.00500727184458799,7.153638020151868e-13,2.747495811049997e-17
fiducial_soft_x,10,2780.0,31.04760807327512,0.006131418013368922,0.018394254040106764,1.1513108897545096e-12,7.65901571678605e-15,22.09358163514613,0.00527919064717806,2.4261730675332064e-14,22.148906456653926,0.005016922790151154,7.167425841794843e-13,2.752791295962829e-17
fiducial_soft_x,10,2790.0,31.159290116704167,0.006143815413329989,0.018431446239989966,1.1536387789228386e-12,7.674501837768515e-15,22.091388550894074,0.005289864888891982,2.431078659979749e-14,22.146713372401884,0.005027066740256608,7.181917994288488e-13,2.7583572930341404e-17
fiducial_soft_x,10,2800.0,31.270972160133216,0.006156774332638984,0.018470322997916955,1.156072105909739e-12,7.69068937651465e-15,22.089100860081793,0.005301022602403672,2.436206442972732e-14,22.144425681589603,0.005037670143494696,7.197066544417433e-13,2.764175392566925e-17
fiducial_soft_x,10,2810.0,31.38265420356226,0.006170507676491237,0.01851152302947371,1.1586508484282502e-12,7.707844281983349e-15,22.086681706404526,0.005312847100466144,2.441640662089559e-14,22.142006527912336,0.00504890720572192,7.213120371347232e-13,2.7703411815146875e-17
fiducial_soft_x,10,2820.0,31.49433624699131,0.006185091905425054,0.01855527571627516,1.1613893636548366e-12,7.7260620642937e-15,22.08411855556414,0.005325404216098423,2.4474115724030974e-14,22.139443377071935,0.005060840489402027,7.230168854930471e-13,2.776888987973129e-17
fiducial_soft_x,10,2830.0,31.606018290420355,0.006200097279703745,0.018600291839111237,1.164206958340802e-12,7.744805917214212e-15,22.081487689640618,0.00533832394060208,2.4533491279349237e-14,22.136812511148413,0.005073118367705117,7.247709643559855e-13,2.7836258738969045e-17
fiducial_soft_x,10,2840.0,31.717700333849404,0.0062158071732005575,0.01864742151960167,1.1671568422698256e-12,7.764429815134523e-15,22.07874011546111,0.005351850260718518,2.4595654583845315e-14,22.134064936968905,0.005085972706219169,7.266073991965947e-13,2.7906790642003926e-17
fiducial_soft_x,10,2850.0,31.82938237727845,0.006232090749825214,0.01869627224947564,1.1702144480391993e-12,7.784770325114727e-15,22.0758995268126,0.005365870525726067,2.466008792530681e-14,22.131224348320394,0.00509929645066055,7.285108957065689e-13,2.7979898180752326e-17
fiducial_soft_x,10,2860.0,31.941064420707498,0.006248640415539682,0.018745921246619047,1.1733220179875081e-12,7.80544321832447e-15,22.073020115096035,0.005380119895164466,2.4725574168693857e-14,22.12834493660383,0.0051128379177259615,7.30445497155309e-13,2.805420036603891e-17
fiducial_soft_x,10,2870.0,32.05274646413655,0.006265076774706151,0.018795230324118454,1.1764083120968008e-12,7.825974575493112e-15,22.0701679553081,0.005394271706930698,2.479061206343703e-14,22.125492776815896,0.005126286673741221,7.323668534415369e-13,2.8127993844728696e-17
fiducial_soft_x,10,2880.0,32.16442850756559,0.006281328225346693,0.01884398467604008,1.1794598854940097e-12,7.846274955536536e-15,22.067355229557826,0.005408264311257716,2.485491828390097e-14,22.122680051065622,0.00513958413167245,7.342665945297109e-13,2.820095714909403e-17
fiducial_soft_x,10,2890.0,32.27611055099464,0.006297198993513194,0.018891596980539584,1.1824399772409794e-12,7.86609980886731e-15,22.064615405341534,0.005421929145507386,2.4917718161845474e-14,22.119940226849344,0.005152570102998841,7.361218350896872e-13,2.827221132288178e-17
fiducial_soft_x,10,2900.0,32.387792594423686,0.00631305828100978,0.01893917484302934,1.1854179132353537e-12,7.885910321203694e-15,22.06188445206751,0.005435584094825852,2.498047261132288e-14,22.117209273575305,0.005165546680473039,7.37975733597139e-13,2.834341395249467e-17
fiducial_soft_x,10,2910.0,32.499474637852735,0.0063281989775891756,0.018984596932767526,1.1882609177103902e-12,7.904823210980877e-15,22.059283633182822,0.005448620332707436,2.504038363057573e-14,22.114608454690632,0.005177935283820962,7.39745631191616e-13,2.841139036132489e-17
fiducial_soft_x,10,2920.0,32.611156681281784,0.006342109988712504,0.019026329966137512,1.1908730212334029e-12,7.922200048214556e-15,22.056899524866232,0.005460597803441766,2.509542884272076e-14,22.112224346374028,0.005189317719105345,7.413717826037924e-13,2.8473845914436494e-17
fiducial_soft_x,10,2930.0,32.722838724710826,0.006355212205098643,0.01906563661529593,1.1933332554520437e-12,7.9385665854507e-15,22.054658807410213,0.005471878896665583,2.5147273692397833e-14,22.109983628918023,0.005200038372606018,7.42903388573342e-13,2.853267026330154e-17
fiducial_soft_x,10,2940.0,32.834520768139875,0.006365508440769507,0.01909652532230852,1.1952666040225535e-12,7.951428052513448e-15,22.052901202854137,0.005480744022308011,2.518801540928479e-14,22.108226024361947,0.005208463082726466,7.441069846331712e-13,2.857889674447463e-17
fiducial_soft_x,10,2950.0,32.946202811568924,0.006372502270725096,0.019117506812175288,1.196579852046323e-12,7.960164343765095e-15,22.051708951516368,0.005486765755226725,2.5215689663168897e-14,22.107033773024163,0.005214185658616436,7.449245403347642e-13,2.861029658409609e-17
fiducial_soft_x,10,2960.0,33.05788485499797,0.006376522639481174,0.019129567918443523,1.1973347662145642e-12,7.965186357828227e-15,22.051024183843474,0.005490227318781684,2.5231598071919177e-14,22.106349005351284,0.005217475253224601,7.453945082092924e-13,2.8628346627485996e-17
fiducial_soft_x,10,2970.0,33.169566898427014,0.006377990031942358,0.019133970095827072,1.1976103019742238e-12,7.967019340328912e-15,22.050774358362922,0.005491490753200921,2.523740447438768e-14,22.106099179870718,0.005218675920780549,7.455660415580774e-13,2.863493470415292e-17
fiducial_soft_x,10,2980.0,33.28124894185606,0.006378151756553055,0.019134455269659165,1.197640669387607e-12,7.967221357436932e-15,22.050746828053526,0.005491629999138867,2.5238044411012413e-14,22.106071649561322,0.005218808249041869,7.455849466327508e-13,2.863566079084233e-17
fiducial_soft_x,10,2990.0,33.39293098528511,0.006376398155156577,0.01912919446546973,1.197311391497949e-12,7.9650308591497e-15,22.051045380107517,0.005490120136971425,2.5231105493342724e-14,22.1063702016153,0.0052173733961592824,7.453799564014875e-13,2.862778773659895e-17
fiducial_soft_x,10,3000.0,33.50461302871416,0.00637272138328032,0.01911816414984096,1.19662099533004e-12,7.96043804660195e-15,22.051671620130016,0.005486954412556839,2.521655668117205e-14,22.106996441637826,0.00521436494353381,7.449501538712603e-13,2.861128032249648e-17
fiducial_soft_x,10,3010.0,33.6162950721432,0.006367091313731688,0.019101273941195065,1.1955638238295352e-12,7.953405286632633e-15,22.052631252879358,0.005482106886187036,2.5194278762626213e-14,22.10795607438714,0.005209758240130604,7.442920172724183e-13,2.8586003288023626e-17
fiducial_soft_x,10,3020.0,33.72797711557225,0.0063594148594724835,0.01907824457841745,1.1941223978226875e-12,7.943816300252609e-15,22.053941055461586,0.005475497409318827,2.516390339670397e-14,22.109265876969367,0.005203477119150664,7.433946650365928e-13,2.855153870507965e-17
fiducial_soft_x,10,3030.0,33.8396591590013,0.006349578533650335,0.019048735600951005,1.1922754076143014e-12,7.931529326194893e-15,22.055621701106595,0.0054670282690368124,2.5124981521305575e-14,22.11094652261439,0.00519542872201302,7.422448309242835e-13,2.8507377057564456e-17
fiducial_soft_x,10,3040.0,33.95134120243035,0.006337245299185037,0.019011735897555112,1.1899595669531636e-12,7.916123357069552e-15,22.05773265394638,0.005456409274230605,2.5076179496667828e-14,22.11305747545419,0.005185337274173334,7.408031164101736e-13,2.8452005167386505e-17
fiducial_soft_x,10,3050.0,34.0630232458594,0.006322219551177042,0.018966658653531126,1.1871381466437683e-12,7.897354054454924e-15,22.060310015070193,0.005443472007813978,2.5016723323467678e-14,22.115634836578003,0.005173042725431751,7.390466559253399e-13,2.838454483726132e-17
fiducial_soft_x,10,3060.0,34.17470528928844,0.006304733675175661,0.018914201025526982,1.1838547822713847e-12,7.875511701050812e-15,22.0633170842249,0.005428416555250977,2.4947532540317232e-14,22.118641905732694,0.005158735221094939,7.370026145755992e-13,2.8306039396670036e-17
fiducial_soft_x,10,3070.0,34.28638733271749,0.006282897323287285,0.018848691969861855,1.1797545187325453e-12,7.848234982688813e-15,22.067084042695534,0.005409615314753876,2.4861127130134395e-14,22.122408864203344,0.0051408680179123,7.344500169142748e-13,2.8208001847635145e-17
fiducial_soft_x,10,3080.0,34.39806937614654,0.006260145798747146,0.018780437396241436,1.1754824110562351e-12,7.819815083139667e-15,22.07102282864367,0.005390026104672381,2.4771100425114036e-14,22.12634765015148,0.005122251991125798,7.317904385822533e-13,2.8105855494887017e-17
fiducial_soft_x,10,3088.12,34.488755195410924,0.006240643338200655,0.018721930014601963,1.1718203878251938e-12,7.795453727982364e-15,22.074410541922283,0.005373234359746574,2.4693930112430484e-14,22.12973536343008,0.00510629445266302,7.295106651367841e-13,2.8018296298098965e-17
fiducial_soft_x,10,3100.0,34.62143346300463,0.00621064751974659,0.01863194255923977,1.1661880019141427e-12,7.757984671970096e-15,22.079641743965674,0.005347407765654982,2.4575238079505656e-14,22.13496656547347,0.00508175091234603,7.260042526908428e-13,2.788362561054253e-17
fiducial_soft_x,10,3110.0,34.73311550643368,0.00618335917430492,0.018550077522914758,1.1610640046264232e-12,7.723897635958667e-15,22.084422763247126,0.005323912323374173,2.4467259389056294e-14,22.13974758475492,0.005059422713248641,7.228143349283939e-13,2.776111052569712e-17
fiducial_soft_x,10,3120.0,34.844797549862726,0.006154414522522809,0.018463243567568427,1.155628998772274e-12,7.687741637063678e-15,22.08951708817171,0.005298990790599737,2.4352726772865772e-14,22.144841909679506,0.005035739271202765,7.194308004064854e-13,2.7631159207230926e-17
fiducial_soft_x,10,3130.0,34.956479593291775,0.0061223373646889815,0.018367012094066944,1.1496057948338152e-12,7.647672691272763e-15,22.09519080564693,0.005271372149813026,2.4225798978594108e-14,22.15051562715474,0.0050094927122780715,7.156810862377856e-13,2.7487144037018006e-17
fiducial_soft_x,10,3140.0,35.068161636720816,0.006088811480135363,0.01826643444040609,1.14331056004619e-12,7.605794079154744e-15,22.10115262931796,0.005242506145931392,2.409313864130857e-14,22.156477450825754,0.004982060758705459,7.117620206840312e-13,2.7336624592759884e-17
fiducial_soft_x,10,3150.0,35.179843680149865,0.006051213073822497,0.018153639221467493,1.1362506181973332e-12,7.558828306433252e-15,22.10787783507235,0.0052101336744210655,2.3944363528309343e-14,22.163202656580147,0.004951296537265476,7.0736689074134e-13,2.7167820956448578e-17
fiducial_soft_x,10,3160.0,35.291525723578914,0.006009263076010702,0.018027789228032106,1.1283735677009242e-12,7.50642677519543e-15,22.115430905868685,0.005174014454427534,2.377836937385414e-14,22.17075572737648,0.004916971704150215,7.024630740757022e-13,2.697948020298799e-17
fiducial_soft_x,10,3170.0,35.40320776700796,0.00596233452508811,0.017887003575264328,1.1195616824894161e-12,7.44780632095492e-15,22.12394310105858,0.005133608667939647,2.3592675320539718e-14,22.179267922566375,0.004878573259268627,6.969772809383369e-13,2.6768787494987678e-17
fiducial_soft_x,10,3180.0,35.514889810437005,0.005911158673836716,0.01773347602151015,1.1099522716305059e-12,7.383880382746223e-15,22.13330240546066,0.005089545928341947,2.339017490098996e-14,22.188627226968457,0.004836699537090708,6.909949923725383e-13,2.653902590055527e-17
fiducial_soft_x,10,3190.0,35.626571853866054,0.005856774737404138,0.017570324212212413,1.099740471015049e-12,7.315947088527884e-15,22.14333764734001,0.005042721006611672,2.3174980240323427e-14,22.198662468847793,0.004792200856767195,6.846376892084826e-13,2.6294861130635202e-17
fiducial_soft_x,10,3200.0,35.7382538972951,0.005795968266472527,0.01738790479941758,1.088322695877477e-12,7.239991132575761e-15,22.154668951256248,0.00499036624105334,2.2934371914835998e-14,22.209993772764044,0.004742447052811845,6.775296129012841e-13,2.602186143700188e-17
fiducial_soft_x,10,3210.0,35.84993594072415,0.00573057281206402,0.01719171843619206,1.0760432364381113e-12,7.158302881663975e-15,22.16698886124845,0.004934060330980237,2.2675605199079425e-14,22.22231368275626,0.004688938395454121,6.698850995302911e-13,2.5728258819632198e-17
fiducial_soft_x,10,3220.0,35.9616179841532,0.005648220673835889,0.016944662021507666,1.0605797802963369e-12,7.05543331386988e-15,22.18270480851293,0.004863154606242317,2.2349741688571384e-14,22.23802963002074,0.004621555235768458,6.60258405633767e-13,2.535852664866614e-17
fiducial_soft_x,10,3230.0,36.07330002758224,0.005561329554654763,0.01668398866396429,1.044264028945171e-12,6.946893911401101e-15,22.199537370326375,0.004788340789486771,2.2005917645413e-14,22.254862191834185,0.0045504581363485464,6.501011198039091e-13,2.4968416047730542e-17
fiducial_soft_x,10,3240.0,36.18498207101129,0.005466585655386324,0.01639975696615897,1.0264737424685808e-12,6.8285452664409335e-15,22.218193555224325,0.004706765678182248,2.1631020523381898e-14,22.27351837673212,0.004472935640503176,6.390258698292968e-13,2.4543049222824673e-17
fiducial_soft_x,10,3250.0,36.29666411444034,0.005353578924076354,0.01606073677222906,1.0052542007428253e-12,6.687383739153363e-15,22.240873424854833,0.004609466150128711,2.1183858239948598e-14,22.296198246362643,0.004380469909979941,6.258157549012035e-13,2.4035688697645978e-17
fiducial_soft_x,10,3260.0,36.40834615786939,0.005237320389461156,0.01571196116838347,9.83424060204775e-13,6.54216024568304e-15,22.26471109280346,0.004509366798354463,2.0723828724852325e-14,22.320035914311255,0.004285343449740431,6.12225514870051e-13,2.3513728717960525e-17
fiducial_soft_x,10,3270.0,36.52002820129843,0.005121634276726511,0.015364902830179534,9.617014046796817e-13,6.397651788794827e-15,22.288962540397925,0.004409760305529232,2.026606425602566e-14,22.344287361905707,0.004190685363435279,5.987021890726064e-13,2.2994338711431306e-17
fiducial_soft_x,10,3280.0,36.63171024472748,0.005008503531180512,0.015025510593541536,9.40458576506955e-13,6.256335350036405e-15,22.313213987992363,0.004312354000414737,1.98184112541341e-14,22.368538809500173,0.004098118160488262,5.854775772885145e-13,2.248642140589809e-17
fiducial_soft_x,10,3290.0,36.74339228815653,0.004897871707833224,0.014693615123499672,9.196849768770802e-13,6.118140421563733e-15,22.33746543558683,0.004217099283508827,1.9380646369025902e-14,22.392790257094624,0.0040075956557990055,5.725450812842412e-13,2.1989723383184786e-17
fiducial_soft_x,10,3300.0,36.85507433158558,0.004789683608496701,0.014369050825490105,8.993702410955049e-13,5.982998052966301e-15,22.36171688318128,0.004123948628813939,1.895255118408571e-14,22.41704170468909,0.003919072684440491,5.598982485733003e-13,2.15039968228182e-17
fiducial_soft_x,10,3310.0,36.96675637501462,0.004683885254244626,0.014051655762733877,8.795042334113225e-13,5.850840816865296e-15,22.385968330775746,0.004032855560124677,1.85339121072587e-14,22.441293152283542,0.0038325050791246543,5.475307691968772e-13,2.102899937838155e-17
fiducial_soft_x,10,3320.0,37.07843841844367,0.004580423858480286,0.013741271575440858,8.600770419601827e-13,5.721602775271666e-15,22.410219778370198,0.003943774627839164,1.812452026448184e-14,22.465544599877994,0.003747849648165746,5.354364725755635e-13,2.0564494056599138e-17
fiducial_soft_x,10,3330.0,37.190120461872716,0.004479247800599449,0.013437743401798347,8.41078973818905e-13,5.595219446687288e-15,22.434471225964664,0.0038566613862826026,1.7724171395469085e-14,22.48979604747246,0.0036650641539304365,5.236093244306339e-13,2.0110249099091883e-17
fiducial_soft_x,10,3340.0,37.301802505301765,0.004380306600234987,0.013140919800704962,8.225005501693326e-13,5.471627773932828e-15,22.458722673559116,0.0037714723715317326,1.733266575179863e-14,22.51404749506691,0.003584107291763957,5.120434237733275e-13,1.9666037866744744e-17
fiducial_soft_x,10,3350.0,37.41348454873081,0.004283550892070409,0.012850652676211228,8.043325015690088e-13,5.35076609268626e-15,22.482974121153568,0.003688165079729119,1.6949807997251214e-14,22.538298942661378,0.0035049386693817145,5.007329999606324e-13,1.9231638726628342e-17
fiducial_soft_x,10,3360.0,37.525166592159856,0.004188932401209737,0.01256679720362921,7.865657633263204e-13,5.2325741007163155e-15,22.507225568748034,0.0036066979458764534,1.65754071103499e-14,22.56255039025583,0.0034275187867161393,4.896724098161057e-13,1.8806834941418327e-17
fiducial_soft_x,10,3370.0,37.636848635588905,0.004096403919091419,0.012289211757274255,7.691914709777968e-13,5.116992827795539e-15,22.531477016342485,0.0035270303230962845,1.6209276289052585e-14,22.58680183785028,0.0033518090162086766,4.788561348142894e-13,1.839141456125735e-17
fiducial_soft_x,10,3380.0,37.748530679017954,0.004005919279934293,0.012017757839802879,7.522009558653121e-13,5.003964606277927e-15,22.55572846393695,0.0034491224623518315,1.585123285754977e-14,22.611053285444747,0.003277771583537117,4.682787783273204e-13,1.7985170318005677e-17
fiducial_soft_x,10,3390.0,37.860212722447,0.003917433337703815,0.011752300013111446,7.355857408109789e-13,4.8934330423264626e-15,22.579979911531403,0.0033729354926147594,1.550109817512102e-14,22.6353047330392,0.0032053695487686273,4.579350629323588e-13,1.7587899521827665e-17
fiducial_soft_x,10,3400.0,37.971894765876044,0.0038309019435870824,0.011492705830761247,7.193375358875805e-13,4.785342987776207e-15,22.604231359125855,0.0032984314014710314,1.5158697547004706e-14,22.659556180633665,0.00313456678792909,4.4781982777849206e-13,1.7199403960062514e-17
fiducial_soft_x,10,3410.0,38.08357680930509,0.0037462819239654104,0.011238845771896232,7.034482342824302e-13,4.679640512618911e-15,22.62848280672032,0.003225573016155153,1.4823860137236544e-14,22.683807628228116,0.0030653279749795646,4.3792802601180244e-13,1.6819489798328903e-17
fiducial_soft_x,10,3420.0,38.19525885273414,0.0036635310588734593,0.010990593176620378,6.879099082525885e-13,4.576272878095382e-15,22.652734254314772,0.0031543239850033377,1.4496418883413344e-14,22.708059075822582,0.0029976185641908473,4.282547222573085e-13,1.6447967483814e-17
fiducial_soft_x,10,3430.0,38.30694089616319,0.0035826080609341806,0.010747824182802542,6.727148051694303e-13,4.475188510382237e-15,22.67698570190924,0.003084648759316364,1.4176210413339635e-14,22.73231052341702,0.0029314047729073764,4.18795090156531e-13,1.6084651650698804e-17
fiducial_soft_x,10,3440.0,38.41862293959223,0.0035034725547590617,0.010510417664277185,6.578553436505787e-13,4.376336974859865e-15,22.70123714950369,0.0030165125756230525,1.3863074963515382e-14,22.756561971011486,0.002866653564691847,4.0954440995944865e-13,1.5729361027672462e-17
fiducial_soft_x,10,3450.0,38.53030498302128,0.0034260850568033963,0.01027825517041019,6.433241097772814e-13,4.279668950948783e-15,22.725488597098142,0.0029498814383355164,1.3556856299424247e-14,22.780813418605952,0.0028033326328421476,4.004980661696454e-13,1.5381918347489503e-17
fiducial_soft_x,10,3460.0,38.64198702645033,0.003350406955666525,0.010051220866999574,6.291138533953403e-13,4.18513620750183e-15,22.749740044692594,0.0028847221027875456,1.3257401637582573e-14,22.805064866200404,0.002741410384272387,3.916515452414735e-13,1.5042150258524856e-17
fiducial_soft_x,10,3470.0,38.75366906987938,0.0032764004928272227,0.009829201478481668,6.152174844977506e-13,4.092691578739924e-15,22.77399149228706,0.002821002058647658,1.296456156931025e-14,22.829316313794855,0.002680855923749973,3.830004333280844e-13,1.4709887238282512e-17
fiducial_soft_x,10,3480.0,38.86535111330842,0.0032040287438046175,0.009612086231413852,6.016280696872404e-13,4.002288940719349e-15,22.798242939881526,0.0027586895136985125,1.2678189986185321e-14,22.853567761389307,0.002621639038480866,3.7454041407920116e-13,1.4384963508814643e-17
fiducial_soft_x,10,3490.0,38.97703315673747,0.00313325559973524,0.00939976679920572,5.883388287169498e-13,3.9138831883188694e-15,22.822494387475977,0.0026977533779746397,1.2398144007145266e-14,22.877819208983773,0.0025637301830353336,3.662672664875364e-13,1.4067216954009025e-17
fiducial_soft_x,10,3500.0,39.08871520016652,0.0030640457493570157,0.009192137248071048,5.753431311075239e-13,3.8274302127351716e-15,22.84674583507043,0.0026381632482505436,1.212428390719852e-14,22.902070656578225,0.0025071004646066786,3.5817686278278106e-13,1.3756489038703536e-17
fiducial_soft_x,10,3510.0,39.20039724359557,0.0029963646613912105,0.008989093984173632,5.626344928389271e-13,3.7428868794753895e-15,22.87099728266488,0.0025798893928714365,1.1856473047710636e-14,22.92632210417269,0.002451721628595577,3.502651663721107e-13,1.3452624729587229e-17
fiducial_soft_x,10,3520.0,39.312079287024616,0.0029301785673135337,0.008790535701940601,5.502065731153333e-13,3.6602110068357616e-15,22.895248730259347,0.0025229027369190497,1.1594577808230383e-14,22.950573551767143,0.0023975660445128438,3.425282298261851e-13,1.3155472417848663e-17
fiducial_soft_x,10,3530.0,39.42376133045366,0.002865454444505811,0.008596363333517433,5.380531712014756e-13,3.579361344855667e-15,22.9195001778538,0.0024671748477051174,1.1338467519821705e-14,22.97482499936161,0.002344606692193593,3.3496219290963375e-13,1.286488384353283e-17
fiducial_soft_x,10,3540.0,39.53544337388271,0.0028021599997798134,0.00840647999933944,5.261682233288763e-13,3.5002975547365364e-15,22.943751625448265,0.0024126779205852814,1.1088014399868285e-14,22.99907644695606,0.002292817148315904,3.275632806550457e-13,1.2580714021568937e-17
fiducial_soft_x,10,3550.0,39.647125417311756,0.0027402636532650277,0.008220790959795082,5.145457996704154e-13,3.4229801887153753e-15,22.968003073042716,0.002359384765086361,1.0843093488318225e-14,23.023327894550512,0.0022421715732172816,3.2032780147950325e-13,1.2302821169432138e-17
fiducial_soft_x,10,3560.0,39.758807460740805,0.0026797345226523247,0.008039203567956975,5.031801013817275e-13,3.3473706703828678e-15,22.992254520637168,0.002307268791340049,1.0603582585336992e-14,23.047579342144978,0.002192644698002318,3.132521453427186e-13,1.2031066636403174e-17
fiducial_soft_x,10,3570.0,39.870489504169846,0.002620542407785666,0.007861627223356997,4.920654577079487e-13,3.2734312754362083e-15,23.016505968231634,0.0022563039968162683,1.0369362190337512e-14,23.07183078973943,0.0021442118119351324,3.063327819458545e-13,1.176531483439051e-17
fiducial_soft_x,10,3580.0,39.982171547598895,0.0025626577755941647,0.007687973326782494,4.811963231543755e-13,3.2011251128571068e-15,23.040757415826086,0.0022064649533495824,1.014031544235707e-14,23.096082237333896,0.0020968487501103043,2.9956625897013267e-13,1.1505433170280609e-17
fiducial_soft_x,10,3590.0,40.093853591027944,0.0025060517453569728,0.007518155236070918,4.705672747196165e-13,3.130416106505523e-15,23.06500886342055,0.002157726794452165,9.916328061751152e-15,23.120333684928347,0.002050531881396126,2.929492003543469e-13,1.1251291979782438e-17
fiducial_soft_x,10,3598.44,40.18811323568206,0.0024592503701302507,0.007377751110390752,4.617792695898852e-13,3.0719545128501727e-15,23.08547708519027,0.0021174305070626467,9.731137236641837e-15,23.140801906698066,0.0020122374957461174,2.8747827363722955e-13,1.1041170245980726e-17
fiducial_soft_x,10,3610.0,40.317217677886035,0.002437948862841612,0.007313846588524836,4.577794350889393e-13,3.045345891686327e-15,23.094922469150113,0.0020990897712322436,9.646848181208214e-15,23.15024729065791,0.001994807919561958,2.8498819754917174e-13,1.0945533961311836e-17
fiducial_soft_x,10,3620.0,40.428899721315084,0.0024564941333100093,0.0073694823999300284,4.612617244708008e-13,3.068511579897407e-15,23.08669462056711,0.002115057369297272,9.720230938088336e-15,23.142019442074904,0.002009982254415585,2.871560786251063e-13,1.1028795710902825e-17
fiducial_soft_x,10,3630.0,40.54058176474413,0.002578362984196021,0.007735088952588063,4.841453273895718e-13,3.2207431586753418e-15,23.034123804555783,0.002219987239741103,1.0202460208945704e-14,23.08944862606358,0.002109699255293108,3.014021461619419e-13,1.1575944039782909e-17
fiducial_soft_x,10,3640.0,40.65226380817318,0.0028033450615938516,0.008410035184781554,5.263907451938933e-13,3.5017778659857916e-15,22.943292553688813,0.0024136982664875435,1.1092703633338113e-14,22.99861737519661,0.002293786803884913,3.277018104804717e-13,1.2586034532810785e-17
fiducial_soft_x,10,3650.0,40.76394585160222,0.0031083759522520633,0.00932512785675619,5.836671183526949e-13,3.88280495964709e-15,22.831150097726557,0.0026763318402468436,1.229969642043402e-14,22.886474919234367,0.0025433728578297906,3.633589175881978e-13,1.3955516076840023e-17
fiducial_soft_x,10,3660.0,40.87562789503127,0.003437084225265538,0.010311252675796613,6.453894497037219e-13,4.293408481337909e-15,22.72200851226996,0.0029593517936669354,1.3600379488073142e-14,22.77733333377777,0.0028123325051082554,4.0178383275906917e-13,1.5431300749960503e-17
fiducial_soft_x,10,3670.0,40.98730993846032,0.0038017685003088773,0.011405305500926631,7.138670802068376e-13,4.748951161372372e-15,22.612519778751043,0.003273347317994901,1.5043417891805904e-14,22.667844600258853,0.003110728870628505,4.4441422415209795e-13,1.7068605034099863e-17
fiducial_soft_x,10,3680.0,41.09899198188937,0.004256934243943341,0.012770802731830021,7.99334630477747e-13,5.3175181024352444e-15,22.489741594341076,0.0036652479731894443,1.684448718126199e-14,22.545066415848872,0.0034831600745615647,4.976216014033663e-13,1.9112139326763344e-17
fiducial_soft_x,10,3690.0,41.21067402531842,0.004833615597873488,0.014500846793620464,9.076194548447208e-13,6.037875374390616e-15,22.35180367529845,0.004161774356390198,1.9126387985290117e-14,22.407128496806244,0.003955019246596343,5.650337535291535e-13,2.1701236022147067e-17
fiducial_soft_x,10,3700.0,41.32235606874746,0.005570619621684259,0.01671185886505278,1.0460084468456122e-12,6.958498530305531e-15,22.197725187338413,0.004796339597408012,2.2042678000641427e-14,22.25305000884621,0.00455805956702913,6.511870980613699e-13,2.5010125185163266e-17
fiducial_soft_x,10,3710.0,41.43403811217651,0.006458978114837282,0.019376934344511845,1.2128176262137328e-12,8.068185008435723e-15,22.037074416222715,0.00556122201745652,2.5557870482548244e-14,22.09239923773051,0.005284942966661334,7.550332818759424e-13,2.8998542745855114e-17
fiducial_soft_x,10,3720.0,41.54572015560556,0.007519420665620965,0.022558261996862894,1.4119394368641009e-12,9.39282902153218e-15,21.872022994685175,0.006474269926400322,2.975399143004819e-14,21.92734781619297,0.006152631059215557,8.789955256122753e-13,3.375955727349127e-17
fiducial_soft_x,10,3730.0,41.65740219903461,0.008913586944285219,0.026740760832855655,1.6737253427108205e-12,1.1134341574879627e-14,21.687352686238306,0.0076746561279099085,3.527064136254838e-14,21.7426775077461,0.0072933826050146375,1.0419689746850565e-12,4.001887410471011e-17
fiducial_soft_x,10,3740.0,41.76908424246365,0.010956992661085688,0.03287097798325707,2.0574204763339747e-12,1.3686846797427011e-14,21.46325552184745,0.009434041693369994,4.335630100169716e-14,21.518580343355246,0.00896536267353857,1.2808363771021325e-12,4.919304794029617e-17
fiducial_soft_x,10,3750.0,41.8807662858927,0.01336519618967728,0.04009558856903184,2.5096145595244185e-12,1.669503652360232e-14,21.24754560322247,0.011507520539033712,5.288544830411221e-14,21.30287042473028,0.010935832006989742,1.5623474429843456e-12,6.000503580013452e-17
fiducial_soft_x,10,3760.0,41.992448329321746,0.016272877374188536,0.04881863212256561,3.05559674575979e-12,2.0327145090171654e-14,21.033823069291522,0.014011052883554658,6.4391005034142e-14,21.089147890799318,0.01331498997163372,1.902245802811157e-12,7.305950287236001e-17
fiducial_soft_x,10,3770.0,42.104130372750795,0.01971674479881695,0.059150234396450854,3.702259892881764e-12,2.4629026755105443e-14,20.825395910652567,0.016976245055834886,7.801822532082001e-14,20.880720732160363,0.016132872707928226,2.3048225692488226e-12,8.85212578045736e-17
fiducial_soft_x,10,3780.0,42.21581241617984,0.023914874201094467,0.0717446226032834,4.4905525988923595e-12,2.987308922206458e-14,20.61581369699217,0.020590861679236384,9.463002452879572e-14,20.671138518499966,0.019567916775771403,2.795570078217791e-12,1.0736938404994991e-16
fiducial_soft_x,10,3790.0,42.327494459608886,0.02866552252995041,0.08599656758985122,5.382593093029325e-12,3.5807326642559585e-14,20.419084291934574,0.02468120067929231,1.1342811496017862e-13,20.47440911344237,0.02345504954294925,3.3509052310858424e-12,1.286981261799772e-16
fiducial_soft_x,10,3800.0,42.439176503037935,0.03418826111575348,0.10256478334726044,6.419610804305687e-12,4.2706014929043804e-14,20.227791418099933,0.029436314394490043,1.3528132996963722e-13,20.28311623960773,0.027973931311367266,3.996495193653295e-12,1.5349328233427675e-16
fiducial_soft_x,10,3810.0,42.55085854646698,0.042074550846884565,0.1262236525406537,7.900438114956066e-12,5.25571157455536e-14,20.002435227492477,0.03622646096396984,1.6648700491581658e-13,20.057760049000272,0.03442674640170679,4.918376505472921e-12,1.8889995283360302e-16
fiducial_soft_x,10,3820.0,42.662540589896025,0.05194601039236219,0.15583803117708658,9.754025465826457e-12,6.488797683536684e-14,19.773603453577117,0.044725851609470506,2.0554790279337314e-13,19.828928275084913,0.042503891078155075,6.07231763439643e-12,2.332193384243257e-16
fiducial_soft_x,10,3830.0,42.774222633325074,0.06230072198369699,0.18690216595109096,1.1698354198491139e-11,7.782248866409869e-14,19.576251249771865,0.05364132539840654,2.465210061280239e-13,19.631576071279675,0.05097644807145432,7.282749336854882e-12,2.7970835593818795e-16
fiducial_soft_x,10,3840.0,42.88590467675412,0.07475779242543608,0.22427337727630825,1.4037447834374727e-11,9.338314658863775e-14,19.37834277796707,0.0643669437829103,2.958130438592848e-13,19.433667599474866,0.06116922247721376,8.738939869004255e-12,3.3563622614773114e-16
fiducial_soft_x,10,3850.0,42.99758672018317,0.08660256181533223,0.2598076854459967,1.6261568250807635e-11,1.0817895315754513e-13,19.218657100758115,0.07456536699345945,3.4268223532893947e-13,19.27398192226591,0.07086099253214824,1.0123554423584195e-11,3.8881507973119044e-16
fiducial_soft_x,10,3860.0,43.10926876361222,0.09969353969423482,0.29908061908270445,1.871969218831336e-11,1.24531451895031e-13,19.065816408189754,0.08583678378970964,3.9448261476517256e-13,19.121141229697564,0.08157245032589683,1.1653846648629487e-11,4.475889716467484e-16
fiducial_soft_x,10,3870.0,43.22095080704126,0.113723322263812,0.341169966791436,2.1354097707236234e-11,1.4205665160726553e-13,18.92286010251612,0.09791651750901578,4.4999779989761196e-13,18.978184924023914,0.09305206821538128,1.3293882051935789e-11,5.105777668285054e-16
fiducial_soft_x,10,3880.0,43.33263285047031,0.1292198472671571,0.38765954180147133,2.4263916928630554e-11,1.614140218432209e-13,18.784160890288923,0.11125912596974122,5.11316815370858e-13,18.83948571179672,0.10573182178754267,1.5105374817961832e-11,5.801517202824469e-16
fiducial_soft_x,10,3890.0,43.44431489389936,0.146198547396048,0.43859564218814406,2.7452047685601706e-11,1.8262284023632897e-13,18.650126304834465,0.12587789681952583,5.785007276153341e-13,18.70545112634226,0.1196243385655616,1.709012897757969e-11,6.563801193732686e-16
fiducial_soft_x,10,3900.0,43.55599693732841,0.1677608664009848,0.5032825992029544,3.150085542055244e-11,2.095572524374024e-13,18.50075729780975,0.14444319322798044,6.638218026574726e-13,18.556082119317544,0.1372673192575498,1.9610693096810114e-11,7.531873570271734e-16
fiducial_soft_x,10,3910.0,43.66767898075745,0.1893822506146042,0.5681467518438126,3.556075396970204e-11,2.3656544550949603e-13,18.36913576526961,0.16305934516391185,7.493765959328511e-13,18.42446058677742,0.15495862899689686,2.2138161744522198e-11,8.502597767189057e-16
fiducial_soft_x,10,3920.0,43.7793610241865,0.2128632643936295,0.6385897931808885,3.996983956904021e-11,2.6589658117623724e-13,18.242232153631086,0.18327665020790107,8.422898553205366e-13,18.297556975138896,0.17417154726588285,2.4883014967453168e-11,9.556812798856234e-16
fiducial_soft_x,10,3930.0,43.89104306761555,0.23800249495195785,0.7140074848558735,4.46902924624403e-11,2.972990661371921e-13,18.121030174407075,0.20492169064575885,9.417645999654735e-13,18.17635499591487,0.19474127166567856,2.7821708273858464e-11,1.0685475938725005e-15
fiducial_soft_x,10,3940.0,44.0027251110446,0.26492185359839476,0.7947655607951842,4.974500422524524e-11,3.3092518500713626e-13,18.00468948613723,0.2280994329044729,1.0482832271424958e-12,18.060014307645027,0.2167675539375925,3.0968492694465964e-11,1.1894060576295604e-15
fiducial_soft_x,10,3950.0,44.11440715447364,0.2907849007098334,0.8723547021295003,5.460136986802297e-11,3.632318200919702e-13,17.90355431973439,0.25036768408560756,1.1506220796058234e-12,17.9588791412422,0.2379295282465072,3.3991797773485205e-11,1.3055220536686667e-15
fiducial_soft_x,10,3960.0,44.22608919790269,0.32770100998998075,0.9831030299699423,6.153319518623322e-11,4.0934530649311783e-13,17.773789499000692,0.28215269342880117,1.2966973755623528e-12,17.829114320508488,0.2681354723800601,3.830716943883459e-11,1.4712624159888104e-15
fiducial_soft_x,10,3970.0,44.33777124133174,0.3653694895004457,1.096108468501337,6.860629484545285e-11,4.563986106340249e-13,17.655653252779068,0.3145854984164032,1.4457497648855881e-12,17.710978074286864,0.2989570299568461,4.27104907076789e-11,1.6403806563411548e-15
fiducial_soft_x,10,3980.0,44.449453284760786,0.4054383831940465,1.2163151495821396,7.613012596400864e-11,5.064503744975196e-13,17.542671795430543,0.3490850755727491,1.6043004794401995e-12,17.597996616938353,0.3317426833749072,4.739441249356035e-11,1.8202759131285798e-15
fiducial_soft_x,10,3990.0,44.56113532818983,0.4421805628514299,1.3265416885542898,8.30292921047982e-11,5.523465979895882e-13,17.44848482833691,0.3807203303835065,1.749687544117315e-12,17.50380964984472,0.3618063127149777,5.1689452358498564e-11,1.985235392542664e-15
fiducial_soft_x,10,4000.0,44.672817371618876,0.47343648744775113,1.4203094623432535,8.889829113220562e-11,5.913897063217783e-13,17.374329634548765,0.4076318840303177,1.873365757364396e-12,17.429654456056575,0.38738091227622523,5.5343167064825905e-11,2.1255635140121512e-15
fiducial_soft_x,10,4010.0,44.784499415047925,0.5034745897673661,1.5104237693020983,9.453861678488951e-11,6.28911580913713e-13,17.30754005697127,0.43349488480418896,1.992225105542508e-12,17.36286487847908,0.41195905060761695,5.885452235547246e-11,2.2604240412709072e-15
fiducial_soft_x,10,4020.0,44.896181458476974,0.5327524011708429,1.5982572035125286,1.0003618081061815e-10,6.654837436994496e-13,17.246170409248656,0.4587032701718264,2.1080760185752706e-12,17.30149523075645,0.4359150945367021,6.227700214052261e-11,2.391871129400605e-15
fiducial_soft_x,10,4030.0,45.00786350190602,0.5628100554160144,1.6884301662480432,1.0568017777469526e-10,7.030300414353954e-13,17.186579328423626,0.4845831052803178,2.2270127327967688e-12,17.241904149931422,0.46050923088041373,6.579064298691152e-11,2.5268194379366684e-15
fiducial_soft_x,10,4040.0,45.119545545335065,0.591164433904408,1.773493301713224,1.1100434661373545e-10,7.384487047868089e-13,17.133213204228305,0.5089964089233079,2.339209665521284e-12,17.1885380257361,0.4837096923933669,6.910517650367104e-11,2.654120636672585e-15
fiducial_soft_x,10,4050.0,45.23122758876411,0.6177446974946526,1.8532340924839577,1.1599538569429872e-10,7.716512455612459e-13,17.08546138310819,0.5318821881409681,2.4443865096215797e-12,17.140786204615985,0.505458516219008,7.22123218283422e-11,2.7734566827488487e-15
fiducial_soft_x,10,4060.0,45.34290963219316,0.642613089074062,1.927839267222186,1.2066498251083055e-10,8.02715414003618e-13,17.042610030654338,0.5532940344626717,2.542789557254735e-12,17.097934852162147,0.5258066314832275,7.51193549495793e-11,2.8851070248640483e-15
fiducial_soft_x,10,4070.0,45.45459167562221,0.6665049050415696,1.9995147151247088,1.251512054105621e-10,8.325597002027834e-13,17.0029755740373,0.5738650428533495,2.637328341445339e-12,17.058300395545096,0.5453556812730374,7.791222959618703e-11,2.9923728855453747e-15
fiducial_soft_x,10,4080.0,45.56627371905125,0.688842590832975,2.066527772498925,1.2934560560436474e-10,8.604626561226e-13,16.967183969972872,0.5930979350900991,2.725717506137683e-12,17.022508791480682,0.5636330919277648,8.052343154063322e-11,3.0926612476900837e-15
fiducial_soft_x,10,4090.0,45.6779557624803,0.7097901961135751,2.1293705883407252,1.332789870866334e-10,8.866292031959406e-13,16.934658957712166,0.6111339589979454,2.8086061880874294e-12,16.989983779219962,0.5807730941429441,8.2972137648821e-11,3.186708636665961e-15
fiducial_soft_x,10,4100.0,45.78963780590935,0.7308138132894569,2.1924414398683707,1.372266415026016e-10,9.128906999692293e-13,16.902967080093,0.6292354296402618,2.891795645506639e-12,16.958291901600795,0.5979752917277636,8.542972929737382e-11,3.2810972923492543e-15
fiducial_soft_x,10,4100.88,45.799465825731104,0.7326467399652166,2.1979402198956497,1.3757081448792447e-10,9.151802868456663e-13,16.90024739504417,0.6308135913872729,2.89904844954935e-12,16.955572216551964,0.5994750510970065,8.56439923926857e-11,3.2893264892302492e-15
fiducial_soft_x,10,4120.0,46.01300189276744,0.7702715357823029,2.3108146073469085,1.4463571155652284e-10,9.621790238222692e-13,16.845874325094336,0.6632087844317623,3.0479279845668858e-12,16.90119914660213,0.6302608652753827,9.004220718155908e-11,3.458248605145072e-15
fiducial_soft_x,10,4130.0,46.12468393619649,0.788782723280305,2.366348169840915,1.4811160109826808e-10,9.853021375415491e-13,16.82009047455491,0.6791470368383891,3.1211758767474314e-12,16.87541529606269,0.6454073123499414,9.220610407043863e-11,3.541357334172075e-15
fiducial_soft_x,10,4140.0,46.23636597962554,0.8070806126110032,2.4212418378330094,1.5154743913769425e-10,1.0081588114238812e-12,16.79519166131592,0.6949016381405837,3.193579758182439e-12,16.850516482823714,0.6603792320257301,9.4345067105632e-11,3.623508429357903e-15
fiducial_soft_x,10,4150.0,46.34804802305459,0.8236197779419455,2.4708593338258367,1.5465303740410598e-10,1.0288185881567693e-12,16.773167031315644,0.7091419666807134,3.2590244520492064e-12,16.82849185282344,0.6739121073407002,9.627844109409996e-11,3.697763471611159e-15
fiducial_soft_x,10,4160.0,46.45973006648363,0.8392828888100613,2.517848666430184,1.5759413684808037e-10,1.0483840479005174e-12,16.752713026591557,0.7226280066506479,3.3210026398993105e-12,16.808037848099367,0.6867281668081149,9.810940719939976e-11,3.7680853370775765e-15
fiducial_soft_x,10,4170.0,46.57141210991268,0.8546694094088431,2.564008228226529,1.6048330028175663e-10,1.0676040069435595e-12,16.7329885491639,0.7358759006061066,3.3818863731538595e-12,16.788313370671695,0.6993179112497508,9.99080408126122e-11,3.8371654093987366e-15
fiducial_soft_x,10,4180.0,46.68309415334173,0.8685358480182847,2.605607544054854,1.6308703431821502e-10,1.0849251667493334e-12,16.71551457810616,0.7478149941171055,3.436755213972536e-12,16.770839399613955,0.7106638758742891,1.0152898184462589e-10,3.899420847580974e-15
fiducial_soft_x,10,4190.0,46.794776196770776,0.881091911276425,2.643275733829275,1.6544471606981372e-10,1.1006094808224195e-12,16.699930913027934,0.7586258459581021,3.48643896158968e-12,16.75525573453573,0.7209376493761112,1.0299674431117736e-10,3.955793160760737e-15
fiducial_soft_x,10,4200.0,46.906458240199825,0.8931679982602418,2.6795039947807258,1.6771227153900147e-10,1.1156942360625062e-12,16.68515106341396,0.7690234351161844,3.5342234658225376e-12,16.74047588492177,0.7308186909023714,1.0440839913110398e-10,4.010010549080793e-15
fiducial_soft_x,10,4210.0,47.01814028362887,0.9041499852887613,2.7124499558662842,1.6977438526693665e-10,1.1294123043901874e-12,16.67188274983055,0.778478997121903,3.5776786683523567e-12,16.727207571338347,0.7398045047686569,1.0569215726749007e-10,4.059315812950536e-15
fiducial_soft_x,10,4220.0,47.129822327057916,0.9156325371497225,2.7468976114491674,1.719304912396286e-10,1.1437556495968196e-12,16.658180906249264,0.7883655486925105,3.6231145822157967e-12,16.713505727757074,0.7491998968288203,1.0703442978517776e-10,4.110868437073334e-15
fiducial_soft_x,10,4230.0,47.241504370486965,0.9262969843806407,2.778890953141922,1.7393297976730637e-10,1.1570770654217304e-12,16.645608323301794,0.7975477068745218,3.665313294806207e-12,16.700933144809603,0.7579258894524679,1.0828106856440756e-10,4.158748058801156e-15
fiducial_soft_x,10,4240.0,47.35318641391601,0.9357913231324596,2.807373969397379,1.7571575425310293e-10,1.1689368488457477e-12,16.634536413755136,0.8057223940725659,3.702881943564904e-12,16.68986123526293,0.7656944618051534,1.0939092551384676e-10,4.201374304508011e-15
fiducial_soft_x,10,4250.0,47.464868457345055,0.9441415494017772,2.8324246482053317,1.7728369602690105e-10,1.1793674725768285e-12,16.62489117297597,0.8129119930081928,3.735923393419169e-12,16.680215994483767,0.7725268846447176,1.1036703947993168e-10,4.2388638870864256e-15
fiducial_soft_x,10,4260.0,47.576550500774104,0.9512911205832394,2.8538733617497183,1.7862618794970667e-10,1.1882983068353483e-12,16.61670034117426,0.8190678201317413,3.7642139079576564e-12,16.67202516268207,0.7783768929987197,1.1120280081820666e-10,4.270962950101349e-15
fiducial_soft_x,10,4270.0,47.68823254420315,0.9586115969499223,2.875834790849767,1.8000077114412853e-10,1.1974426260490335e-12,16.608377252173888,0.8253707977273996,3.793180686219444e-12,16.663702073681698,0.7843667414544432,1.120585404100989e-10,4.303829317360223e-15
fiducial_soft_x,10,4280.0,47.7999145876322,0.9647408402761083,2.894222520828325,1.8115167368771746e-10,1.2050989252713192e-12,16.601457289107863,0.8306481159548191,3.817433811760594e-12,16.65678211061566,0.7893818848458217,1.1277502878050471e-10,4.331347466738351e-15
fiducial_soft_x,10,4290.0,47.911596631061244,0.9706260838215521,2.9118782514646564,1.8225675981427954e-10,1.212450433962031e-12,16.59485405371381,0.835715348789659,3.8407214417259565e-12,16.65017887522162,0.7941973797940292,1.1346299437966785e-10,4.3577701428162096e-15
fiducial_soft_x,10,4300.0,48.02327867449029,0.9759160411947492,2.9277481235842475,1.8325006764565222e-10,1.2190583453088194e-12,16.5889528072857,0.8402700363721498,3.861653552502396e-12,16.64427762879351,0.7985257925113899,1.140813729846818e-10,4.381520193100173e-15
fiducial_soft_x,10,4310.0,48.13496071791934,0.9798444139664553,2.939533241899366,1.8398770750990856e-10,1.2239654432646739e-12,16.5845911460518,0.843652390788339,3.877197937499737e-12,16.639915967559595,0.8017401130557744,1.1454058683144185e-10,4.399157206837731e-15
fiducial_soft_x,10,4320.0,48.24664276134839,0.9829804463432162,2.948941339029649,1.8457656774062765e-10,1.2278827950435921e-12,16.58112175165312,0.8463525349893292,3.889607069082056e-12,16.636446573160917,0.8043061152867949,1.1490717869402391e-10,4.413236890545125e-15
fiducial_soft_x,10,4330.0,48.35832480477744,0.9852796616259423,2.955838984877827,1.850082968426267e-10,1.2307548429040181e-12,16.57858515356798,0.8483321742489507,3.898704955057614e-12,16.633909975075788,0.8061874069433451,1.1517594939269963e-10,4.423559559467767e-15
fiducial_soft_x,10,4340.0,48.47000684820648,0.9868649644750797,2.960594893425239,1.853059729152401e-10,1.2327351122986238e-12,16.57683962127104,0.849697130276392,3.904977923346637e-12,16.632164442778837,0.8074845525588924,1.1536126607773405e-10,4.43067701235559e-15
fiducial_soft_x,10,4350.0,48.58168889163553,0.9876256971065771,2.962877091319731,1.8544881748413506e-10,1.233685375870314e-12,16.57600299538357,0.850352126002413,3.90798810633874e-12,16.631327816891364,0.808107008386867,1.1545019321840204e-10,4.43409243463144e-15
fiducial_soft_x,10,4360.0,48.69337093506458,0.9883123632813923,2.964937089844177,1.8557775441894643e-10,1.2345431198723751e-12,16.57524837825104,0.8509433500292065,3.9107052118697785e-12,16.63057319975885,0.8086688606654339,1.1553046223407389e-10,4.43717532453577e-15
fiducial_soft_x,10,4370.0,48.80505297849363,0.9890043716344381,2.967013114903314,1.8570769446722322e-10,1.2354075370170823e-12,16.57448842053632,0.8515391737060789,3.9134434561470505e-12,16.629813242044115,0.8092350840854974,1.1561135573279705e-10,4.440282198943686e-15
fiducial_soft_x,10,4380.0,48.91673502192267,0.9898840965491875,2.969652289647563,1.858728824991159e-10,1.2365064389242472e-12,16.573523081389162,0.852296622559168,3.916924485968129e-12,16.628847902896972,0.8099549032144898,1.1571419267971372e-10,4.4442318547702566e-15
fiducial_soft_x,10,4390.0,49.02841706535172,0.990398492222084,2.971195476666252,1.8596947179355917e-10,1.2371489924958305e-12,16.57295902248024,0.8527395205673257,3.9189599252823554e-12,16.628283843988036,0.8103757982454404,1.157743238407402e-10,4.4465413106382836e-15
fiducial_soft_x,10,4400.0,49.14009910878077,0.9912704026568114,2.973811207970434,1.861331924820204e-10,1.2382381330027484e-12,16.572003600724535,0.8534902411024698,3.922410033576105e-12,16.627328422232345,0.8110892233163486,1.1587624730066365e-10,4.4504558821947216e-15
fiducial_soft_x,10,4410.0,49.251781152209816,0.9925078745384005,2.9775236236152014,1.8636555550961566e-10,1.2397839119024267e-12,16.570649045919772,0.8545557124125629,3.927306651200927e-12,16.625973867427582,0.8121017624828807,1.160209036904785e-10,4.45601169622862e-15
fiducial_soft_x,10,4420.0,49.36346319563886,0.9937799158462206,2.981339747538662,1.8660440972029217e-10,1.2413728729466342e-12,16.569258410084082,0.855650948222685,3.9323400584080266e-12,16.624583231591878,0.8131425874622413,1.1616960113243436e-10,4.461722714842321e-15
fiducial_soft_x,10,4430.0,49.475145239067906,0.9950032746283477,2.985009823885043,1.8683412269775815e-10,1.2429010225719164e-12,16.56792267364478,0.8567042680626739,3.937180831166718e-12,16.623247495152576,0.8141435788383312,1.1631260774737539e-10,4.467215166017458e-15
fiducial_soft_x,10,4440.0,49.586827282496955,0.9963670577544581,2.989101173263374,1.8709020348705208e-10,1.2446045822337098e-12,16.56643554799782,0.8578784941729217,3.942577256403606e-12,16.621760369505616,0.8152594699146352,1.164720295059209e-10,4.473338073167081e-15
fiducial_soft_x,10,4450.0,49.698509325926004,0.9985038926370976,2.995511677911293,1.8749144203654032e-10,1.2472737938116235e-12,16.564109543017345,0.859718322855683,3.9510326108268764e-12,16.61943436452514,0.8170078967219625,1.1672181847030213e-10,4.482931711136331e-15
fiducial_soft_x,10,4460.0,49.810191369355046,0.9999648343996403,2.999894503198921,1.8776576653323018e-10,1.2490987184695454e-12,16.562522129988814,0.8609762031815832,3.9568134881863826e-12,16.617846951496624,0.818203286109475,1.168925977536486e-10,4.489490826432445e-15
fiducial_soft_x,10,4470.0,49.921873412784095,0.9999877604295694,2.999963281288708,1.8777007140819687e-10,1.2491273563512176e-12,16.562497237778082,0.8609959426419355,3.956904205400962e-12,16.617822059285892,0.8182220449221652,1.1689527773108617e-10,4.489593756253086e-15
fiducial_soft_x,10,4480.0,50.03355545621314,1.0,3.0,1.8777236966134026e-10,1.249142645320603e-12,16.562483948752025,0.8610064809914008,3.95695263680145e-12,16.617808770259806,0.8182320597310888,1.168967084965829e-10,4.489648707624652e-15
fiducial_soft_x,10,4490.0,50.14523749964219,0.9993774376485648,2.9981323129456943,1.8765546965334932e-10,1.2483649761380539e-12,16.56316009773098,0.8604704507719936,3.954489187063365e-12,16.618484919238774,0.8177226592559629,1.1682393300686623e-10,4.486853621368115e-15
fiducial_soft_x,10,4500.0,50.25691954307124,0.9981626145003665,2.9944878435010995,1.874273594320927e-10,1.2468474887371171e-12,16.56448069967393,0.8594244801681368,3.949682189403855e-12,16.619805521181725,0.8167286520092037,1.1668192417943642e-10,4.481399492190815e-15
fiducial_soft_x,10,4510.0,50.36860158650028,0.9966190720817791,2.9898572162453374,1.8713752481448174e-10,1.244919384077198e-12,16.566160963968706,0.8580954801420477,3.943574465160611e-12,16.6214857854765,0.8154656761167607,1.1650148915127868e-10,4.47446952896604e-15
fiducial_soft_x,10,4520.0,50.48028362992933,0.994370523012357,2.983111569037071,1.8671530942741655e-10,1.242110625544487e-12,16.568613344610775,0.8561594648204481,3.9346770629913835e-12,16.62393816611857,0.8136258411802811,1.162386411661702e-10,4.464374333542478e-15
fiducial_soft_x,10,4530.0,50.59196567335838,0.9913025946841331,2.973907784052399,1.861392372552748e-10,1.2382783454369154e-12,16.571968341443174,0.8535179586466303,3.9225374159035e-12,16.62729316295097,0.811115563865171,1.158800104426974e-10,4.450600413088583e-15
fiducial_soft_x,10,4540.0,50.70364771678743,0.988037452464759,2.964112357394277,1.8552613376346164e-10,1.2341997170476584e-12,16.57555043067743,0.8507066500343905,3.909617402789016e-12,16.630875252185227,0.8084439198216977,1.1549832606447934e-10,4.435941071543159e-15
fiducial_soft_x,10,4550.0,50.81532976021647,0.9850707897419507,2.955212369225852,1.8496907647401398e-10,1.2304939321263159e-12,16.57881534588457,0.8481523342031372,3.897878458905499e-12,16.63414016739238,0.8060165012714867,1.1515153295696355e-10,4.422621798083745e-15
fiducial_soft_x,10,4560.0,50.92701180364552,0.9816659690659737,2.944997907197921,1.8432974522741382e-10,1.2262408254202834e-12,16.58257460929915,0.8452207615345072,3.884405744753856e-12,16.63789943080696,0.803230567836767,1.1475352062692071e-10,4.40733534933615e-15
fiducial_soft_x,10,4570.0,51.03869384707457,0.9786281350144632,2.9358844050433897,1.8375932392892377e-10,1.2224461373571345e-12,16.58593970543162,0.8426051667279802,3.872385179293566e-12,16.64126452693943,0.8007449146236783,1.1439840782534028e-10,4.393696541612808e-15
fiducial_soft_x,10,4580.0,51.15037589050362,0.9755448236779127,2.926634471033738,1.8318036325285605e-10,1.218594641677849e-12,16.589365876602123,0.8399504156842962,3.860184662370323e-12,16.64469069810992,0.7982220504379806,1.1403797887882735e-10,4.3798535568554605e-15
fiducial_soft_x,10,4590.0,51.26205793393266,0.9724780450478853,2.917434135143656,1.82604506962269e-10,1.2147637977073237e-12,16.592784435382804,0.8373098994080765,3.8480495645837484e-12,16.6481092568906,0.7957127138427936,1.1367948255128946e-10,4.366084798142586e-15
fiducial_soft_x,10,4600.0,51.37373997736171,0.9691817653518199,2.9075452960554595,1.8198555671267227e-10,1.210646274168064e-12,16.5964708624552,0.8344717812266038,3.8350063419487685e-12,16.651795683962995,0.7930155921176325,1.1329415830453532e-10,4.351285660265178e-15
fiducial_soft_x,10,4610.0,51.48542202079076,0.9659472930749499,2.8978418792248495,1.8137821218864048e-10,1.2066059569119185e-12,16.600100374305406,0.8316868796336317,3.822207688344146e-12,16.655425195813216,0.7903690432043861,1.1291605914164576e-10,4.33676401598748e-15
fiducial_soft_x,10,4620.0,51.597104064219806,0.9622962227792443,2.886888668337733,1.8069264206741572e-10,1.2020452493044895e-12,16.60421199600774,0.8285432844464742,3.807760576110407e-12,16.659536817515537,0.7873816204361079,1.1248926104158814e-10,4.3203719929529194e-15
fiducial_soft_x,10,4630.0,51.70878610764885,0.9578646876845084,2.8735940630535253,1.7986052222143976e-10,1.19650962983342e-12,16.60922354125004,0.8247277040091657,3.790225201632214e-12,16.664548362757834,0.7837555963477716,1.1197122917542642e-10,4.3004759571420445e-15
fiducial_soft_x,10,4640.0,51.8204681510779,0.9530327413454805,2.8590982240364418,1.7895321620728408e-10,1.1904738396014395e-12,16.614714396155627,0.8205673668954601,3.771105418825114e-12,16.670039217663422,0.7798019429422786,1.1140639055276196e-10,4.278782215505717e-15
fiducial_soft_x,10,4650.0,51.932150194506946,0.9478709074981423,2.8436127224944268,1.7798396643397125e-10,1.18402597281467e-12,16.620610964000683,0.8161229944991011,3.750680286772158e-12,16.675935785508493,0.7755783650013816,1.1080298916620185e-10,4.255607394844042e-15
fiducial_soft_x,10,4660.0,52.043832237935995,0.942145669841696,2.826437009525088,1.7690892499234597e-10,1.1768743343034075e-12,16.62718880770023,0.8111935277716847,3.728025792531168e-12,16.68251362920801,0.7708937920012975,1.1013372772880259e-10,4.229903088998933e-15
fiducial_soft_x,10,4670.0,52.15551428136504,0.9362081096932472,2.8086243290797417,1.7579401525326502e-10,1.169457474712824e-12,16.63405295178581,0.8060812500025941,3.704531148245596e-12,16.689377773293607,0.7660354899312549,1.0943964649094845e-10,4.2032455297520064e-15
fiducial_soft_x,10,4680.0,52.267196324794085,0.9301476509558009,2.7904429528674024,1.7465602855489995e-10,1.1618870972536739e-12,16.641104214717764,0.8008631557518718,3.6805502000642315e-12,16.69642903622556,0.7610766282955989,1.0873119881256162e-10,4.176036199013818e-15
fiducial_soft_x,10,4690.0,52.378878368223134,0.9235452098726711,2.7706356296180132,1.7341627254717126e-10,1.1536397065335197e-12,16.648838548478544,0.7951784111889332,3.654424653411015e-12,16.70416336998634,0.7556742993288965,1.0795939518190111e-10,4.146393557937776e-15
fiducial_soft_x,10,4700.0,52.49056041165218,0.9169264764940124,2.750779429482037,1.721734572965039e-10,1.14537196441223e-12,16.656647665555944,0.7894796388539538,3.628234638916045e-12,16.71197248706374,0.7502586394836656,1.0718568703551945e-10,4.116677770178169e-15
fiducial_soft_x,10,4710.0,52.60224245508123,0.9112846650878821,2.7338539952636465,1.7111408099959245e-10,1.1383245371879765e-12,16.66334879346153,0.7846220026687445,3.6059102583962214e-12,16.718673614969326,0.7456423285162133,1.0652617785218435e-10,4.091348018889974e-15
fiducial_soft_x,10,4715.75,52.666459630052934,0.9077278772711853,2.723183631813556,1.704462145228687e-10,1.133881601845784e-12,16.66759476553363,0.7815595853070574,3.5918362174664e-12,16.72291958704144,0.742732050694931,1.0611040106359175e-10,4.075379291065446e-15
fiducial_soft_x,10,4730.0,52.82560654193932,0.8992648571979273,2.6977945715937817,1.6885709318922157e-10,1.123310082564073e-12,16.677764894394493,0.7742728701752217,3.558348447872218e-12,16.733089715902288,0.7358073363488435,1.0512110187308737e-10,4.0373833039309416e-15
fiducial_soft_x,10,4740.0,52.93728858536837,0.8941837604432091,2.6825512813296273,1.6790300361110958e-10,1.1169630679227544e-12,16.68391700314482,0.7698980129388652,3.5382427886707926e-12,16.739241824652616,0.7316498200855375,1.0452713838690814e-10,4.014570964452806e-15
fiducial_soft_x,10,4750.0,53.04897062879742,0.8910256755897611,2.6730770267692834,1.673100025345861e-10,1.1130181694547716e-12,16.68775840188571,0.7671788814125257,3.5257463964826995e-12,16.74308322339352,0.7290657738110954,1.0415796866238718e-10,4.0003922728719545e-15
fiducial_soft_x,10,4760.0,53.16065267222646,0.8878660886777003,2.663598266033101,1.6671671941295743e-10,1.1090713947013193e-12,16.691615276799446,0.7644584566039856,3.513244060719816e-12,16.746940098307242,0.7264804985041402,1.0378862335215835e-10,3.986206837575592e-15
fiducial_soft_x,10,4770.0,53.27233471565551,0.8838055954339308,2.6514167863017923,1.6595427097458097e-10,1.1039992594294907e-12,16.696592081794087,0.7609623456050782,3.4971768812721677e-12,16.751916903301883,0.7231580727537665,1.0331396505708908e-10,3.967976649331384e-15
fiducial_soft_x,10,4780.0,53.38401675908456,0.8794832824311029,2.6384498472933084,1.6514266001962196e-10,1.0986000739312346e-12,16.701914977178852,0.75724080609677,3.4800736934385468e-12,16.757239798686648,0.7196214176826602,1.0280870089396653e-10,3.948570982344288e-15
fiducial_soft_x,10,4790.0,53.49569880251361,0.8754777853846376,2.626433356153913,1.643905383475357e-10,1.0935966367547892e-12,16.70687112212446,0.7537920471801715,3.464224131338836e-12,16.762195943632257,0.7163439915840842,1.0234047147334197e-10,3.930587707706231e-15
fiducial_soft_x,10,4800.0,53.60738084594266,0.8719514992662077,2.6158544977986233,1.6372839924697424e-10,1.0891918023846564e-12,16.71125312686457,0.7507558919783734,3.450270784184399e-12,16.766577948372365,0.7134586712302002,1.0192826023288033e-10,3.914755921791908e-15
fiducial_soft_x,10,4810.0,53.7190628893717,0.8680366187011439,2.604109856103432,1.6299329284633107e-10,1.0843015581194985e-12,16.71613883234192,0.7473851544395463,3.4347797872097068e-12,16.771463653849715,0.7102553904418468,1.0147062358066712e-10,3.8971794833224645e-15
fiducial_soft_x,10,4820.0,53.83074493280075,0.864534873015978,2.593604619047934,1.623357617610761e-10,1.0799273782510903e-12,16.72052765815993,0.7443701287098349,3.4209235453873816e-12,16.77585247966774,0.707390149857219,1.0106128103607912e-10,3.881457875332629e-15
fiducial_soft_x,10,4830.0,53.9424269762298,0.861798303810149,2.585394911430447,1.6182190967655531e-10,1.076509012954218e-12,16.72396986131306,0.7420139248879344,3.4100950706525865e-12,16.779294682820854,0.7051510011993369,1.0074138510334458e-10,3.869171640934353e-15
fiducial_soft_x,10,4840.0,54.054109019658846,0.859445623309878,2.578336869929634,1.6138014128396341e-10,1.0735701794105155e-12,16.72693793800213,0.739988251729499,3.400785625343488e-12,16.782262759509926,0.7032259625877111,1.0046636449671882e-10,3.8586089319668574e-15
fiducial_soft_x,10,4850.0,54.16579106308789,0.8571080080091379,2.5713240240274136,1.6094120171958683e-10,1.070650164450007e-12,16.729895066853153,0.7379755498054972,3.3915357923153967e-12,16.785219888360963,0.7013132508053275,1.0019310496233104e-10,3.8481138604529665e-15
fiducial_soft_x,10,4860.0,54.277473106516936,0.8548644696513298,2.5645934089539892,1.6051992720571508e-10,1.0678476650108563e-12,16.732740781078242,0.7360438487390715,3.3826582172947026e-12,16.788065602586038,0.6994775157937324,9.993084271291744e-11,3.838041161364326e-15
fiducial_soft_x,10,4870.0,54.389155149945985,0.8522712956221598,2.5568138868664794,1.6003300077331362e-10,1.0646084207442823e-12,16.73603929447301,0.7338111090936177,3.372397150482294e-12,16.791364115980805,0.6973556976666035,9.962770920434867e-11,3.8263987209356185e-15
fiducial_soft_x,10,4880.0,54.500837193375034,0.8501207465642339,2.5503622396927015,1.5962918708063387e-10,1.0619220782051728e-12,16.738782411400813,0.7319594724170533,3.3638875297169626e-12,16.794107232908594,0.695596049481384,9.937631709801669e-11,3.8167435111370175e-15
fiducial_soft_x,10,4890.0,54.612519236804076,0.8474426773724785,2.5423280321174353,1.5912631968238094e-10,1.058576787770632e-12,16.74220812033345,0.7296536374864085,3.3532905367671095e-12,16.797532941841247,0.6934047674105117,9.906325962437438e-11,3.8047199212513236e-15
fiducial_soft_x,10,4900.0,54.724201280233125,0.8448110384466169,2.5344331153398505,1.5863217060517888e-10,1.0552894953612525e-12,16.745584999268623,0.7273877793156125,3.342877266180312e-12,16.800909820776432,0.6912514760717355,9.875562969598967e-11,3.792904786948894e-15
fiducial_soft_x,10,4910.0,54.83588332366217,0.842507076054621,2.527521228163863,1.5819955012722321e-10,1.0524115176841956e-12,16.74855005596607,0.7254040527641435,3.3337605961182127e-12,16.803874877473866,0.6893663001781897,9.848630407586545e-11,3.782560805173254e-15
fiducial_soft_x,10,4920.0,54.94756536709122,0.8401005561238167,2.52030166837145,1.5774767217717885e-10,1.049405431011814e-12,16.751655768252114,0.7233320235070863,3.3242381107325017e-12,16.806980589759924,0.6873972084184239,9.8204989817023e-11,3.771756376076046e-15
fiducial_soft_x,10,4930.0,55.059247410520264,0.8383157791184958,2.5149473373554874,1.5741254036957269e-10,1.0471759899420802e-12,16.753964846997114,0.7217953189383806,3.3171758326551945e-12,16.809289668504924,0.6859368466531993,9.799635525970061e-11,3.763743354300709e-15
fiducial_soft_x,10,4940.0,55.17092945394931,0.8356593111229731,2.506977933368919,1.5691372907912384e-10,1.0438576824829432e-12,16.757410807355164,0.7195080827776891,3.3066643146157313e-12,16.81273562886296,0.6837632393736129,9.768582289479746e-11,3.751816746197763e-15
fiducial_soft_x,10,4950.0,55.28261149737836,0.8329234917969628,2.4987704753908884,1.5640001780131362e-10,1.0404402538929316e-12,16.76097117097452,0.7171525246071727,3.2958388071198634e-12,16.816295992482303,0.6815247042914396,9.736601462054554e-11,3.739533878496447e-15
fiducial_soft_x,10,4960.0,55.39429354080741,0.8297393254390704,2.489217976317211,1.5580211933889624e-10,1.036462775905493e-12,16.765129763910387,0.7144109367364726,3.2832392116539865e-12,16.820454585418197,0.678919317293895,9.699379605400236e-11,3.725238090122873e-15
fiducial_soft_x,10,4970.0,55.50597558423646,0.8260885706493416,2.478265711948025,1.551166084609764e-10,1.0319024624100343e-12,16.769917414948317,0.7112676132020057,3.268793347862454e-12,16.825242236456113,0.6759321526827221,9.656703483555494e-11,3.7088474835993135e-15
fiducial_soft_x,10,4980.0,55.6176576276655,0.8226383716582489,2.4679151149747467,1.5446875642061572e-10,1.0275926717154183e-12,16.77446154087999,0.7082969695099649,3.2551410738671592e-12,16.82978636238777,0.6731090892557579,9.616371792983795e-11,3.6933573021579056e-15
fiducial_soft_x,10,4990.0,55.72933967109455,0.8192959715157069,2.4578879145471206,1.5384114602549423e-10,1.0234175371596435e-12,16.778881900163263,0.7054191413251698,3.2419153548098825e-12,16.834206721671073,0.6703742303026804,9.57730023546963e-11,3.678351099677578e-15
fiducial_soft_x,10,5000.0,55.8410217145236,0.8149892603277774,2.4449677809833323,1.530324646602897e-10,1.0180378405537213e-12,16.784604234298136,0.7017110350806042,3.2248739026188627e-12,16.839929055805932,0.6668503411367139,9.526956199238193e-11,3.659015479358577e-15
fiducial_soft_x,10,5010.0,55.95270375795265,0.8103162085172256,2.430948625551677,1.5215499464827219e-10,1.0122005322533686e-12,16.790847633604464,0.6976875071857107,3.20638285793519e-12,16.846172455112274,0.6630267003285361,9.472329761709444e-11,3.6380351183366705e-15
fiducial_soft_x,10,5020.0,56.06438580138169,0.8055655331918825,2.4166965995756478,1.5126294908494084e-10,1.00626626111041e-12,16.797231758043516,0.6935971449415043,3.187584660679986e-12,16.852556579551297,0.659139545471967,9.416795930842589e-11,3.6167062550019e-15
fiducial_soft_x,10,5030.0,56.17606784481074,0.8006837820675916,2.402051346202775,1.5034629110823582e-10,1.0001682575972165e-12,16.80383136895994,0.6893939255849026,3.1682678026965144e-12,16.859156190467736,0.6551451401944437,9.359729867029678e-11,3.594788907375782e-15
fiducial_soft_x,10,5040.0,56.28774988823979,0.7962115966773686,2.388634790032106,1.4950653825994884e-10,9.945818601085092e-13,16.809912701965935,0.6855433449797256,3.150571576924407e-12,16.865237523473716,0.6514858547311024,9.307451491839321e-11,3.57471036601831e-15
fiducial_soft_x,10,5050.0,56.399431931668836,0.7924830578095037,2.377449173428511,1.4880642168135541e-10,9.899243832039236e-13,16.815008982816174,0.6823330488498655,3.135817925219792e-12,16.87033380432397,0.6484350446934619,9.263866099723822e-11,3.557970536308871e-15
fiducial_soft_x,10,5060.0,56.51111397509788,0.7886446545670246,2.3659339637010737,1.4808567560879934e-10,9.851296700238061e-13,16.8202805387103,0.6790281587814326,3.120629545388357e-12,16.875605360218096,0.6452943401022896,9.218996429230981e-11,3.5407374541519324e-15
fiducial_soft_x,10,5070.0,56.62279601852693,0.7846591414641462,2.3539774243924385,1.4733730636915555e-10,9.801511956435167e-13,16.825781351887564,0.6755966061697781,3.1048590588069157e-12,16.88110617339536,0.6420332655070362,9.172407092891332e-11,3.5228439004003733e-15
fiducial_soft_x,10,5080.0,56.734478061955976,0.7807921288554123,2.3423763865662366,1.466111882481033e-10,9.753207452839547e-13,16.831145382327925,0.6722670832515828,3.0895574730682414e-12,16.88647020383572,0.6388691518151857,9.127202988323754e-11,3.505482372239203e-15
fiducial_soft_x,10,5090.0,56.846160105385025,0.7771779059233167,2.33153371776995,1.4593253704365933e-10,9.708060652897784e-13,16.836182834449822,0.6691552138833008,3.075256164107097e-12,16.891507655957618,0.6359118787411298,9.084953911870268e-11,3.4892557809230523e-15
fiducial_soft_x,10,5100.0,56.957842148814066,0.7744544028101796,2.323363208430539,1.4542113841032558e-10,9.674040214064956e-13,16.839994316015158,0.6668102600518896,3.064479391282233e-12,16.895319137522954,0.6336834211791837,9.053117056919678e-11,3.4770282086909452e-15
fiducial_soft_x,10,5110.0,57.069524192243115,0.7723647344255715,2.3170942032767146,1.4502875642594132e-10,9.647937275127034e-13,16.842927858724487,0.6650110420296191,3.0562106724577173e-12,16.898252680232297,0.6319735875126908,9.028689521318672e-11,3.467646331728625e-15
fiducial_soft_x,10,5120.0,57.181206235672164,0.7699571377722937,2.309871413316881,1.4457667629716663e-10,9.617862958603629e-13,16.846317575259427,0.6629380857075338,3.046683926532175e-12,16.901642396767222,0.6300036147440776,9.000545508903114e-11,3.4568370685257548e-15
fiducial_soft_x,10,5130.0,57.29288827910121,0.7672688762435768,2.30180662873073,1.4407189505965002e-10,9.584282737430678e-13,16.850114994530706,0.6606234751087086,3.0360466029877067e-12,16.905439816038502,0.6278039929763397,8.969120616474614e-11,3.4447677186275936e-15
fiducial_soft_x,10,5140.0,57.40457032253026,0.7639493236291577,2.2918479708874733,1.434485747990251e-10,9.542816790090114e-13,16.854822571940296,0.6577653187937018,3.0229112905170807e-12,16.910147393448092,0.6250878286032581,8.930316139043934e-11,3.4298640935223757e-15
fiducial_soft_x,10,5150.0,57.5162523659593,0.7599991753533482,2.2799975260600442,1.4270684609676265e-10,9.49347380342358e-13,16.86045114614111,0.6543642155273527,3.007280740881359e-12,16.915775967648905,0.6218556906432992,8.884140205892374e-11,3.4121293154209612e-15
fiducial_soft_x,10,5160.0,57.62793440938835,0.7560602301356951,2.2681806904070854,1.4196722101927775e-10,9.444270758934061e-13,16.866092963393008,0.6509727581666835,2.9916945212161503e-12,16.921417784900804,0.6186327193846909,8.838095232803176e-11,3.394444835115121e-15
fiducial_soft_x,10,5170.0,57.7396164528174,0.7528827198659231,2.2586481595977697,1.4137057238629941e-10,9.404579123094896e-13,16.870665625388334,0.648236901230993,2.9791212635757123e-12,16.92599044689613,0.6160327786118387,8.800951183628132e-11,3.3801789302389754e-15
fiducial_soft_x,10,5180.0,57.85129849624645,0.7495839970485616,2.248751991145685,1.4075116338602752e-10,9.363373369632314e-13,16.875433183307273,0.6453966795062507,2.966068373625477e-12,16.930758004815083,0.6133336578465072,8.762390199668919e-11,3.3653688236051964e-15
fiducial_soft_x,10,5190.0,57.96298053967549,0.7461591789381306,2.2384775368143917,1.4010807717377277e-10,9.320592506090254e-13,16.880405234091477,0.6424478889169526,2.9525165305728406e-12,16.935730055599272,0.6105313618698046,8.722355203238029e-11,3.3499925934018492e-15
fiducial_soft_x,10,5200.0,58.07466258310454,0.7420447106350208,2.226134131905062,1.3933549371060138e-10,9.26919692788791e-13,16.88640876440528,0.6389053050421413,2.9362357743718145e-12,16.941733585913077,0.6071647719954528,8.674258423053324e-11,3.33152007610223e-15
fiducial_soft_x,10,5210.0,58.18634462653359,0.7380709783004276,2.2142129349012825,1.3858933657373492e-10,9.219559342685613e-13,16.892238626843586,0.6354838957483315,2.9205119037325026e-12,16.947563448351396,0.6039133368024986,8.627806800017285e-11,3.313679413861777e-15
fiducial_soft_x,10,5220.0,58.29802666996264,0.7339971391125658,2.2019914173376973,1.3782438213581089e-10,9.16867128008825e-13,16.89824803080804,0.6319762938050658,2.904391915016188e-12,16.95357285231585,0.6005799909728012,8.580184960816741e-11,3.295389307016923e-15
fiducial_soft_x,10,5230.0,58.40970871339168,0.7298325153765802,2.189497546129741,1.3704238086815702e-10,9.11664918898491e-13,16.904425928564457,0.6283905257774918,2.887912696142794e-12,16.959750750072267,0.5971723623153008,8.531501880130396e-11,3.276691609442913e-15
fiducial_soft_x,10,5235.56,58.47180392953824,0.7273131119666548,2.1819393358999646,1.3656930651974247e-10,9.08517824658387e-13,16.908180406045638,0.6262213031133141,2.8779435361767232e-12,16.963505227553433,0.595110905673904,8.502050883530862e-11,3.265380373179556e-15
fiducial_soft_x,10,5250.0,58.63307280024978,0.721138462531578,2.1634153875947337,1.3540987796349003e-10,9.008048067291277e-13,16.91743729964393,0.620904889931863,2.853510740813271e-12,16.972762121151725,0.5900586095485237,8.429871264022784e-11,3.2376583663233277e-15
fiducial_soft_x,10,5260.0,58.74475484367883,0.7169399694711636,2.1508199084134905,1.3462151697252932e-10,8.955602900012814e-13,16.9237769662034,0.6172899601964488,2.8368975026272718e-12,16.979101787711194,0.5866232679239342,8.380792262081966e-11,3.2188086073806672e-15
fiducial_soft_x,10,5270.0,58.85643688710787,0.7125082298827267,2.13752468964818,1.3378935872828656e-10,8.900244150884094e-13,16.930509236096206,0.6134742036887384,2.819361318977189e-12,16.985834057604016,0.5829970765122956,8.328986685001739e-11,3.1989116534649124e-15
fiducial_soft_x,10,5280.0,58.96811893053692,0.7087027716569326,2.1261083149707978,1.3307479881958198e-10,8.85270854933584e-13,16.936323620647578,0.6101976794931877,2.8043033010163957e-12,16.991648442155387,0.5798833285899836,8.284502130910082e-11,3.181826482859557e-15
fiducial_soft_x,10,5290.0,59.079800973965966,0.7048707382277415,2.1146122146832242,1.3235524882196128e-10,8.804840985588871e-13,16.9422102442929,0.6068982738752785,2.7891401262344463e-12,16.997535065800683,0.576747835984258,8.23970692143795e-11,3.164621998926614e-15
fiducial_soft_x,10,5300.0,59.191483017395015,0.7013408735492477,2.104022620647743,1.3169243776669664e-10,8.760747940567697e-13,16.94766107387914,0.6038590375100727,2.7751726188873284e-12,17.002985895386935,0.5738595875378021,8.198443965202523e-11,3.1487741465347247e-15
fiducial_soft_x,10,5310.0,59.303165060824064,0.6982346519548692,2.094703955864608,1.3110917517722698e-10,8.721946801974159e-13,16.952480453356706,0.6011845605859175,2.762881447158963e-12,17.007805274864502,0.5713179774446526,8.162133257178139e-11,3.134828302767928e-15
fiducial_soft_x,10,5320.0,59.414847104253106,0.6950380546178124,2.0851141638534374,1.305089425203947e-10,8.6820167414378e-13,16.9574624895858,0.5984322695615918,2.7502326628973036e-12,17.012787311093597,0.5687024190214217,8.124766086469051e-11,3.1204767036648146e-15
fiducial_soft_x,10,5330.0,59.526529147682155,0.6923951695790495,2.0771855087371485,1.3001268173392366e-10,8.649003337351813e-13,16.96159887523988,0.5961567284147016,2.7397748919744075e-12,17.016923696747675,0.5665399257525223,8.093871630272425e-11,3.108611078266132e-15
fiducial_soft_x,10,5340.0,59.6382111911112,0.6896463596644973,2.068939078993492,1.294965311825196e-10,8.614666780470341e-13,16.96591782849351,0.5937899852632587,2.728897981334954e-12,17.021242650001305,0.564290761354329,8.061738947143032e-11,3.0962698873857565e-15
fiducial_soft_x,10,5350.0,59.74989323454025,0.6870620892072645,2.0611862676217934,1.2901127659491922e-10,8.582385556118624e-13,16.96999398462693,0.5915649116509467,2.718672145534999e-12,17.025318806134727,0.5621762284152052,8.031529676111485e-11,3.084667420867289e-15
fiducial_soft_x,10,5360.0,59.861575277969294,0.684323591265786,2.052970773797358,1.284970623471351e-10,8.54817781049039e-13,16.974330168613825,0.589207047175152,2.70783603888459e-12,17.029654990121635,0.55993550160398,7.999517536553135e-11,3.0723725271234974e-15
fiducial_soft_x,10,5370.0,59.97325732139834,0.681658458222917,2.044975374668751,1.2799662400021283e-10,8.514886497097381e-13,16.978566878910208,0.5869123503525375,2.6972902336631824e-12,17.033891700418003,0.5577548043048557,7.968363008511447e-11,3.0604070160019323e-15
fiducial_soft_x,10,5380.0,60.08493936482739,0.679233339791847,2.037700019375541,1.2754125376570142e-10,8.484593308575355e-13,16.982436461594737,0.5848243076662144,2.6876941548928042e-12,17.037761283102533,0.5557704946559094,7.940014172280799e-11,3.049519086172042e-15
fiducial_soft_x,10,5390.0,60.19662140825644,0.6764373710073143,2.029312113021943,1.270162480815306e-10,8.449667670137906e-13,16.986914966318288,0.5824169604220822,2.676630638838433e-12,17.042239787826084,0.5534827433583975,7.907330217483692e-11,3.036966168532006e-15
fiducial_soft_x,10,5400.0,60.30830345168548,0.6740435946965002,2.0221307840895006,1.2656676303120984e-10,8.419765989405945e-13,16.99076398366052,0.5803559035044276,2.6671585793534444e-12,17.046088805168317,0.5515240788370646,7.879347760322567e-11,3.0262189538118172e-15
fiducial_soft_x,10,5410.0,60.41998549511453,0.6710382211362542,2.0131146634087624,1.2600243691608491e-10,8.382224586613722e-13,16.99561580497697,0.5777682573912556,2.6552664585196556e-12,17.05094062648478,0.5490649858386031,7.844215932623025e-11,3.0127258822911293e-15
fiducial_soft_x,10,5420.0,60.53166753854358,0.6681046969579425,2.0043140908738275,1.254516021296645e-10,8.345580685091639e-13,17.000372636319774,0.5752424740615841,2.6436586422871645e-12,17.05569745782757,0.5466646823079122,7.809924000549047e-11,2.9995553892551865e-15
fiducial_soft_x,10,5430.0,60.64334958197263,0.6646937333778156,1.9940812001334467,1.2481111741539552e-10,8.30297288439592e-13,17.00592998790912,0.5723056123126693,2.6301616209547474e-12,17.061254809416916,0.5438737225520772,7.77005095901719e-11,2.9842413610259147e-15
fiducial_soft_x,10,5440.0,60.75503162540167,0.6614930744133348,1.9844792232400046,1.2421012209715718e-10,8.262992088339316e-13,17.011170694638302,0.5695498242008082,2.6174967650257433e-12,17.066495516146084,0.5412548407750735,7.732636309220405e-11,2.969871526642487e-15
fiducial_soft_x,10,5450.0,60.86671366883072,0.658714700186423,1.976144100559269,1.2368842018476395e-10,8.228286231024363e-13,17.015740560079117,0.5671576259848177,2.6065028698025434e-12,17.071065381586912,0.5389814859086836,7.700158029010632e-11,2.9573976023853347e-15
fiducial_soft_x,10,5460.0,60.97839571225977,0.656227047468826,1.9686811424064778,1.2322130773908627e-10,8.19721190006138e-13,17.01984863231491,0.5650157408725107,2.596659345822201e-12,17.07517345382272,0.5369460087016684,7.671078187553663e-11,2.946228915576756e-15
fiducial_soft_x,10,5470.0,61.09007775568882,0.6537724119881311,1.9613172359643931,1.227603950182214e-10,8.166550001484851e-13,17.023917473276164,0.5629022838151609,2.5869464694844796e-12,17.07924229478396,0.5349375472564106,7.642384306728447e-11,2.9352084645631644e-15
fiducial_soft_x,10,5480.0,61.201759799117866,0.651166149834474,1.9534984495034218,1.222710109976705e-10,8.133994069474667e-13,17.02825440840035,0.5606582752096996,2.5766336135833697e-12,17.083579229908146,0.5328050200062244,7.611917960004273e-11,2.9235072630532666e-15
fiducial_soft_x,10,5490.0,61.31344184254691,0.6487035381934001,1.9461106145802003,1.2180860057427049e-10,8.103232537277385e-13,17.032368282030042,0.5585379506265701,2.566889175956805e-12,17.087693103537838,0.5307900322108309,7.583130840489584e-11,2.9124510018815382e-15
fiducial_soft_x,10,5500.0,61.42512388597596,0.6459945620577645,1.9379836861732935,1.2129992970592619e-10,8.069393561115604e-13,17.036911793386004,0.5562055046169369,2.5561698856938696e-12,17.0922366148938,0.5285734610876074,7.551463801124425e-11,2.900288650675196e-15
fiducial_soft_x,10,5510.0,61.536805929405006,0.6426906071358285,1.9280718214074855,1.2067953826098e-10,8.028122451203532e-13,17.042479066794932,0.5533607780162465,2.5430962925536416e-12,17.097803888302728,0.5258700592465729,7.512841655584883e-11,2.885455053729876e-15
fiducial_soft_x,10,5520.0,61.648487972834054,0.6388277957620674,1.9164833872862022,1.199542090157741e-10,7.979870427025587e-13,17.049024438056072,0.550034872388591,2.5278113309027712e-12,17.104349259563868,0.5227093831398678,7.4676866620713e-11,2.8681123876378715e-15
fiducial_soft_x,10,5530.0,61.760170016263096,0.6354268214311777,1.9062804642935332,1.1931560000650557e-10,7.937387406302038e-13,17.054820092520593,0.5471066114480096,2.5143538365564635e-12,17.110144914028403,0.5199265969080115,7.427930391575063e-11,2.852843207628528e-15
fiducial_soft_x,10,5540.0,61.871852059692145,0.6328501773811026,1.8985505321433078,1.1883177744744916e-10,7.905201446654433e-13,17.059231683337877,0.5448881042216869,2.5041581780884196e-12,17.114556504845673,0.5178183041397246,7.397810270732955e-11,2.8412749809990994e-15
fiducial_soft_x,10,5550.0,61.983534103121194,0.6300471284980845,1.8901413854942537,1.183054423164083e-10,7.870187367687472e-13,17.064051357335778,0.5424746609668727,2.493066646419678e-12,17.119376178843574,0.5155247596786459,7.365043551914972e-11,2.828690276204049e-15
fiducial_soft_x,10,5560.0,62.09521614655024,0.6269103209646161,1.8807309628938482,1.1771643653267737e-10,7.831004167085288e-13,17.069470399289877,0.5397738493509336,2.4806544475789814e-12,17.124795220797672,0.5129581231895559,7.328375304329996e-11,2.814607112315345e-15
fiducial_soft_x,10,5570.0,62.206898189979285,0.623928209373666,1.871784628120998,1.1715647837265012e-10,7.793753339471681e-13,17.07464739468427,0.537206231944086,2.4688543732559353e-12,17.129972216192066,0.5105180638801449,7.293515401394839e-11,2.8012184788650434e-15
fiducial_soft_x,10,5580.0,62.31858023340833,0.6212716351987393,1.8638149055962179,1.16657647144643e-10,7.760568938548098e-13,17.079280134000875,0.5349189043622398,2.4583424350696e-12,17.13460495550867,0.508344369721166,7.262460923702242e-11,2.7892913940538743e-15
fiducial_soft_x,10,5590.0,62.43026227683738,0.6184283723827557,1.8552851171482672,1.1612376094811581e-10,7.725052530195104e-13,17.08426043370705,0.5324708366505161,2.447091778772775e-12,17.13958525521486,0.5060179209308872,7.229224117244323e-11,2.7765261428266567e-15
fiducial_soft_x,10,5600.0,62.54194432026643,0.6155699915225585,1.8467099745676756,1.1558703600060196e-10,7.689347275904699e-13,17.08929034821623,0.5300097522047446,2.4357813010910346e-12,17.144615169724027,0.503679102072152,7.195810585825655e-11,2.7636930168917733e-15
fiducial_soft_x,10,5610.0,62.65362636369548,0.6124118599814368,1.8372355799443103,1.1499402615742331e-10,7.649897708029227e-13,17.094874967091833,0.5272905804800153,2.423284724162027e-12,17.15019978859963,0.5010950175963582,7.158893067610017e-11,2.7495141156996676e-15
fiducial_soft_x,10,5620.0,62.76530840712452,0.6091046915260401,1.8273140745781202,1.1437303129968423e-10,7.608586456500275e-13,17.10075408726646,0.5244430870061885,2.410198415222098e-12,17.15607890877427,0.49838898633922124,7.120233356922057e-11,2.7346660911179984e-15
fiducial_soft_x,10,5630.0,62.87699045055357,0.6053888933549263,1.8161666800647789,1.1367530707191092e-10,7.56217083693085e-13,17.107397826257916,0.5212437606988035,2.3954951778510877e-12,17.162722647765726,0.4953486011481259,7.076796899357975e-11,2.7179834626612635e-15
fiducial_soft_x,10,5640.0,62.98867249398262,0.6020479240205019,1.8061437720615057,1.1304796534302018e-10,7.52043736420747e-13,17.113406290751747,0.5183671644490705,2.382275120433764e-12,17.168731112259557,0.4926149129281214,7.037742067519751e-11,2.7029836840067513e-15
fiducial_soft_x,10,5650.0,63.10035453741167,0.5985250537538431,1.7955751612615294,1.1238646764504018e-10,7.476431689367316e-13,17.119778112943088,0.5153339503177854,2.3683352896429993e-12,17.175102934450884,0.4897323875336677,6.996560873656462e-11,2.6871672340669175e-15
fiducial_soft_x,10,5660.0,63.21203658084071,0.5951142822762658,1.7853428468287975,1.1174601900232218e-10,7.433826288306466e-13,17.12598301595954,0.5123972539704107,2.3548390284512725e-12,17.181307837467337,0.48694158496229756,6.956690077740181e-11,2.6718540683106093e-15
fiducial_soft_x,10,5670.0,63.32371862426976,0.5918858908839438,1.7756576726518314,1.1113981630039161e-10,7.393499074667113e-13,17.13188897981697,0.5096175880584447,2.342064436618797e-12,17.187213801324766,0.4843000116237398,6.918951244990066e-11,2.6573597250683646e-15
fiducial_soft_x,10,5680.0,63.43540066769881,0.5885091911465336,1.7655275734396008,1.1050576538906326e-10,7.351319278242693e-13,17.138100823993476,0.5067102277001725,2.328702995689165e-12,17.193425645501286,0.48153708764250525,6.879478736501613e-11,2.642199529456264e-15
fiducial_soft_x,10,5690.0,63.54708271112786,0.5849134290870518,1.7547402872611553,1.0983058062641602e-10,7.306403080933447e-13,17.14475496752933,0.5036142532628557,2.3144747355265876e-12,17.200079789037126,0.47859491984627256,6.837445461572581e-11,2.6260558209729857e-15
fiducial_soft_x,10,5700.0,63.6587647545569,0.5814298039890995,1.7442894119672985,1.0917645208676181e-10,7.262887634231834e-13,17.15124072409335,0.5006148294761744,2.3006901960096178e-12,17.20656554560116,0.47574450610704416,6.796723030813911e-11,2.6104155680541156e-15
fiducial_soft_x,10,5710.0,63.77044679798595,0.5778014873123071,1.7334044619369213,1.0849515446647873e-10,7.21756478331474e-13,17.158037310196626,0.497490825302367,2.286333118768233e-12,17.21336213170442,0.4727757010792356,6.754309203123881e-11,2.5941257007753014e-15
fiducial_soft_x,10,5720.0,63.882128841414996,0.5742940359942852,1.7228821079828556,1.0783655202102198e-10,7.17375171313747e-13,17.16464818328948,0.4944708869857884,2.272454300026934e-12,17.21997300479729,0.46990579196288407,6.713308251695007e-11,2.5783784764982884e-15
fiducial_soft_x,10,5730.0,63.993810884844045,0.570586503962519,1.711759511887557,1.0714037994582191e-10,7.127439349439757e-13,17.1716802109783,0.49127867787795443,2.2577837713778107e-12,17.227005032486097,0.466872170392013,6.669968422579094e-11,2.5617329601033922e-15
fiducial_soft_x,10,5740.0,64.1054929282731,0.56743715851056,1.70231147553168,1.065490198874254e-10,7.088099532350871e-13,17.177689518552846,0.4885670710329369,2.2453219605874828e-12,17.233014340060656,0.46429527497605183,6.633153610853825e-11,2.5475935053651406e-15
fiducial_soft_x,10,5749.06,64.2066768596198,0.5647601816504954,1.6942805449514862,1.060463575988825e-10,7.054660272786439e-13,17.18282377564632,0.4862621766069572,2.234729289942394e-12,17.238148597154115,0.46210488668598876,6.601860632487518e-11,2.5355748196650104e-15
fiducial_soft_x,10,5760.0,64.32885701513118,0.5621340916276002,1.6864022748828007,1.0555325045233948e-10,7.021856662405947e-13,17.187884137108476,0.4840010960775777,2.224337976101821e-12,17.243208958616258,0.459956135637516,6.571162504498302e-11,2.5237845979876136e-15
fiducial_soft_x,10,5770.0,64.44053905856023,0.5608510833755266,1.6825532501265799,1.0531233695255255e-10,7.005830059186313e-13,17.190365040948315,0.48289641765737684,2.21926117321574e-12,17.24568986245611,0.4589063371527698,6.556164560334165e-11,2.518024341646819e-15
fiducial_soft_x,10,5780.0,64.55222110198928,0.5593764961896615,1.6781294885689844,1.050354502223904e-10,6.987410361805238e-13,17.193223413030346,0.48162678853356006,2.2134263015624372e-12,17.248548234538127,0.4576997826424262,6.538927121492278e-11,2.5114039631935198e-15
fiducial_soft_x,10,5790.0,64.66390314541833,0.558724258205452,1.6761727746163562,1.0491297795051227e-10,6.979262978995499e-13,17.194490129774998,0.4810652074020071,2.2108454267509978e-12,17.24981495128278,0.45716610061317176,6.531302674141225e-11,2.5084756437706503e-15
fiducial_soft_x,10,5800.0,64.77558518884737,0.5577255595352694,1.6731766786058082,1.0472544993463445e-10,6.966787808007999e-13,17.196432579092196,0.48020532137442234,2.2068936234146488e-12,17.251757400599992,0.4563489333432176,6.5196282154088e-11,2.5039918375767585e-15
fiducial_soft_x,10,5810.0,64.88726723227641,0.5564291475500505,1.6692874426501514,1.0448201958411252e-10,6.950593773041581e-13,17.19895926960462,0.4790891022531138,2.2017637825913554e-12,17.254284091112417,0.45528816749429174,6.504473586016037e-11,2.4981714031827712e-15
fiducial_soft_x,10,5820.0,64.99894927570547,0.5546280418669655,1.6638841256008963,1.0414382170198914e-10,6.928095393866873e-13,17.2024793896854,0.47753833858702716,2.1946368927095143e-12,17.25780421119321,0.45381444508142776,6.483419253415325e-11,2.490085071380413e-15
fiducial_soft_x,10,5830.0,65.11063131913451,0.5528619298314342,1.6585857894943028,1.0381219465999004e-10,6.906034135266913e-13,17.2059422353149,0.4760177046782779,2.1876484710336324e-12,17.261267056822696,0.4523693555928793,6.462773985036346e-11,2.4821558487625703e-15
fiducial_soft_x,10,5840.0,65.22231336256357,0.5515549807539425,1.6546649422618276,1.0356678573468271e-10,6.88970847698734e-13,17.20851192178022,0.47489241305223184,2.182476935435286e-12,17.263836743288017,0.45129996795723953,6.447496180503202e-11,2.476288106525878e-15
fiducial_soft_x,10,5850.0,65.33399540599261,0.5504291522566469,1.6512874567699407,1.0335538624991324e-10,6.875645273114448e-13,17.210730380555653,0.47392306741957546,2.1780220853943258e-12,17.266055202063463,0.45037877898699324,6.434335615936651e-11,2.4712335320679877e-15
fiducial_soft_x,10,5860.0,65.44567744942165,0.5491421814660901,1.6474265443982703,1.0311372869488547e-10,6.859569172136783e-13,17.213271937209562,0.47281497722805943,2.172929602931146e-12,17.268596758717372,0.44932573822622235,6.419291351001918e-11,2.465455485321414e-15
fiducial_soft_x,10,5870.0,65.55735949285071,0.5472914737262096,1.6418744211786287,1.0276621691701752e-10,6.836451192517687e-13,17.216937242987846,0.4712215058696014,2.1656064400598765e-12,17.272262064495656,0.44781142982025957,6.397657186683799e-11,2.4571464577088682e-15
fiducial_soft_x,10,5880.0,65.66904153627975,0.545719454882667,1.637158364648001,1.0247103521361325e-10,6.81681443475052e-13,17.220060357140134,0.46986798745707054,2.159386035951819e-12,17.275385178647916,0.44652515360397155,6.379280803833325e-11,2.4500886453395957e-15
fiducial_soft_x,10,5890.0,65.78072357970879,0.5443898031461217,1.633169409438365,1.0222136335621781e-10,6.800205187875086e-13,17.222708993935747,0.46872314869444354,2.1541246670068685e-12,17.27803381544353,0.4454371899248531,6.363737612688435e-11,2.444118976139024e-15
fiducial_soft_x,10,5900.0,65.89240562313785,0.5428104686542158,1.6284314059626475,1.0192480797618475e-10,6.780477047224432e-13,17.225863411549362,0.4673633314612593,2.14787531522473e-12,17.281188233057158,0.4441449278105366,6.345275712316542e-11,2.4370283190785316e-15
fiducial_soft_x,10,5910.0,66.00408766656689,0.5412510490997423,1.6237531472992268,1.0163199207114503e-10,6.760997672550035e-13,17.22898707087831,0.46602066111827295,2.1417047659067764e-12,17.284311892386107,0.44286896073649484,6.327046611008226e-11,2.430027073091145e-15
fiducial_soft_x,10,5920.0,66.11576970999594,0.5399166517929384,1.619749955378815,1.0138142912677675e-10,6.744329146732737e-13,17.231667143917825,0.4648717363888972,2.136424618965078e-12,17.28699196542562,0.441777114079649,6.311447945709017e-11,2.424036097947195e-15
fiducial_soft_x,10,5930.0,66.22745175342499,0.5393983632225586,1.618195089667676,1.0128410885374817e-10,6.737854983174303e-13,17.232709888067212,0.46442548657077665,2.13437377563989e-12,17.288034709575022,0.4413530337551722,6.305389322916139e-11,2.4217091643370135e-15
fiducial_soft_x,10,5940.0,66.33913379685403,0.5386479503316933,1.6159438509950799,1.0114320204700596e-10,6.72848125573852e-13,17.234221419743513,0.46377937620832205,2.1314044273726906e-12,17.28954624125131,0.44073902186983066,6.296617243220583e-11,2.4183400740713547e-15
fiducial_soft_x,10,5950.0,66.45081584028308,0.5383549243408877,1.615064773022663,1.0108817986234003e-10,6.724820943125494e-13,17.234812223988293,0.4635270789311395,2.130244937405721e-12,17.29013704549609,0.4404992586098191,6.29319186583767e-11,2.4170244903104337e-15
fiducial_soft_x,10,5960.0,66.56249788371213,0.538721241569057,1.616163724707171,1.0115696411632116e-10,6.729396767839714e-13,17.23407369888678,0.4638424804386921,2.1316944373276313e-12,17.289398520394577,0.4407989911099391,6.297473993661528e-11,2.418669125980465e-15
fiducial_soft_x,10,5970.0,66.67417992714118,0.5386090890486751,1.6158272671460252,1.0113590497180556e-10,6.727995822879821e-13,17.23429975406932,0.4637459163917837,2.131250655116382e-12,17.289624575577115,0.4407072243221829,6.296162967613304e-11,2.4181656005622756e-15
fiducial_soft_x,10,5980.0,66.78586197057022,0.5386200025356495,1.6158600076069485,1.01137954223116e-10,6.728132147899709e-13,17.234277754723003,0.4637553129747989,2.131293839267442e-12,17.2896025762308,0.44071615408710874,6.296290542683857e-11,2.4182145982849658e-15
fiducial_soft_x,10,5990.0,66.89754401399927,0.5381300559756708,1.6143901679270123,1.0104595579654138e-10,6.722012016479735e-13,17.235265825726238,0.46333346581131774,2.1293551439350424e-12,17.290590647234033,0.44031526410417926,6.290563228663784e-11,2.416014910345152e-15
fiducial_soft_x,10,6000.0,67.00922605742832,0.537941362614588,1.613824087843764,1.010105243969915e-10,6.719654967237561e-13,17.235646601968945,0.4631709996045055,2.128608493242359e-12,17.29097142347674,0.4401608691466829,6.28835746538121e-11,2.4151677434404297e-15
fiducial_soft_x,10,6010.0,67.12090810085736,0.5375000903872683,1.6125002711618048,1.0092766566520195e-10,6.714142847664155e-13,17.23653759470296,0.46279106135690173,2.1268623999389194e-12,17.291862416210755,0.439799806063221,6.283199138288747e-11,2.413186586155333e-15
fiducial_soft_x,10,6020.0,67.2325901442864,0.5366245354592662,1.6098736063777987,1.0076326064160234e-10,6.703205917675274e-13,17.23830763492409,0.4620372028894279,2.1233978705578967e-12,17.2936324564319,0.43908339895107407,6.272964189369607e-11,2.409255652104374e-15
fiducial_soft_x,10,6030.0,67.34427218771546,0.535674155015075,1.607022465045225,1.0058480545351676e-10,6.691334310254095e-13,17.240232215707245,0.46121891916757185,2.11963726015329e-12,17.29555703721504,0.4383057672026954,6.261854554795059e-11,2.4049887777713594e-15
fiducial_soft_x,10,6040.0,67.4559542311445,0.5345163150105096,1.6035489450315286,1.0036739509217078e-10,6.676871236992485e-13,17.242581534520987,0.4602220114196898,2.1150557420942302e-12,17.297906356028783,0.4373583853909207,6.248319786245121e-11,2.3997904828912255e-15
fiducial_soft_x,10,6050.0,67.56763627457356,0.5331559722444985,1.5994679167334955,1.0011196030744525e-10,6.659878615379708e-13,17.245348252752414,0.45905074748178465,2.1096729301993095e-12,17.300673074260224,0.43624530932754735,6.23241782706774e-11,2.393683021749878e-15
fiducial_soft_x,10,6060.0,67.6793183180026,0.531644158522556,1.594932475567668,9.982808346238956e-11,6.640993905461115e-13,17.248431332756446,0.45774906606914034,2.103690754905916e-12,17.303756154264256,0.4350082948719125,6.214745222272234e-11,2.386895509226989e-15
fiducial_soft_x,10,6070.0,67.79100036143164,0.5299679016330376,1.589903704899113,9.951332873408355e-11,6.620055065809016e-13,17.251860032135873,0.4563057980234585,2.09705788578698e-12,17.30718485364367,0.43363672774456347,6.195150330974292e-11,2.379369704649316e-15
fiducial_soft_x,10,6080.0,67.9026824048607,0.5280454262936801,1.5841362788810405,9.915234098399691e-11,6.596040606499331e-13,17.25580573550429,0.4546505342967256,2.0894507419237237e-12,17.3111305570121,0.43206369678785883,6.172677227040618e-11,2.3707384657265297e-15
fiducial_soft_x,10,6090.0,68.01436444828974,0.5260509654029527,1.578152896208858,9.877783633634814e-11,6.571126944969011e-13,17.259914393876066,0.4529332905437253,2.081558754643162e-12,17.315239215383876,0.43043176494518565,6.149362635705498e-11,2.361784036966067e-15
fiducial_soft_x,10,6100.0,68.1260464917188,0.523879068792488,1.571637206377464,9.837001416314177e-11,6.543996858195425e-13,17.26440633156667,0.45106327348607206,2.072964662623524e-12,17.319731153074464,0.42865464950808235,6.123973879209678e-11,2.3520329841558004e-15
fiducial_soft_x,10,6110.0,68.23772853514784,0.5216906232089005,1.5650718696267014,9.795908455003664e-11,6.516660051141198e-13,17.268951371634735,0.44917900765530616,2.0643050871010507e-12,17.32427619314253,0.4268639931706141,6.098391670665151e-11,2.3422076322697397e-15
fiducial_soft_x,10,6120.0,68.34941057857688,0.5191983329035822,1.5575949987107465,9.749110129352302e-11,6.485527790092276e-13,17.27415072546122,0.44703312954991503,2.0544432124057464e-12,17.32947554696903,0.4248247213406456,6.069257617334185e-11,2.3310181243214417e-15
fiducial_soft_x,10,6130.0,68.46109262200594,0.5167432792063157,1.550229837618947,9.703011004314147e-11,6.4548606673942e-13,17.279296856561224,0.44491931240538674,2.044728681204859e-12,17.334621678069034,0.4228159176971808,6.040558847694905e-11,2.31999579566236e-15
fiducial_soft_x,10,6140.0,68.57277466543498,0.5145003951924623,1.5435011855773868,9.660895839698468e-11,6.426843846692079e-13,17.284019667041655,0.4429881747333469,2.035853695392202e-12,17.33934448854945,0.4209807180907877,6.014340271818997e-11,2.309926034348211e-15
fiducial_soft_x,10,6150.0,68.68445670886402,0.5124403675475716,1.5373211026427147,9.622214212453569e-11,6.401111162874356e-13,17.288375613709825,0.4412144775800746,2.0277022635708677e-12,17.34370043521762,0.4192951374278057,5.990259226709029e-11,2.3006772338946566e-15
fiducial_soft_x,10,6160.0,68.79613875229307,0.5105513724493042,1.5316541173479123,9.586744103865534e-11,6.377514919533881e-13,17.292385328783105,0.4395880405579053,2.0202275994358733e-12,17.3477101502909,0.4177495010777284,5.968177495773663e-11,2.292196309493011e-15
fiducial_soft_x,10,6170.0,68.90782079572212,0.508349223408595,1.525047670225785,9.545393829493395e-11,6.350006936752865e-13,17.29707853766802,0.43769197596174575,2.0115137999826098e-12,17.35240335917583,0.41594763213231417,5.942435098325883e-11,2.2823094338983943e-15
fiducial_soft_x,10,6180.0,69.01950283915117,0.5060439146674799,1.5181317440024396,9.502106500981375e-11,6.321210342161291e-13,17.30201343199736,0.43570709019495946,2.0023918024808125e-12,17.357338253505155,0.4140613546127554,5.915486797935407e-11,2.2719594074881707e-15
fiducial_soft_x,10,6190.0,69.13118488258021,0.5036591329482901,1.5109773988448705,9.457326889527646e-11,6.291421016709084e-13,17.307142164992108,0.4336537776789874,1.992955334168869e-12,17.362466986499903,0.41211004975465376,5.887609484589798e-11,2.261252575324644e-15
fiducial_soft_x,10,6200.0,69.24286692600926,0.5014595185613469,1.5043785556840406,9.416024208949894e-11,6.263944695369167e-13,17.311894250301272,0.4317598954361472,1.9842515642205072e-12,17.36721907180908,0.41031025474421107,5.861896716410257e-11,2.2513770794350313e-15
fiducial_soft_x,10,6210.0,69.35454896943831,0.49902562032924863,1.4970768609877458,9.370322325094331e-11,6.233541834608324e-13,17.317176840795817,0.42966429328423716,1.9746207441933e-12,17.372501662303627,0.40831876118058547,5.833445247195464e-11,2.2404497313828018e-15
fiducial_soft_x,10,6220.0,69.46623101286735,0.4963323725606625,1.4889971176819874,9.319750573535077e-11,6.199899328186769e-13,17.32305244287661,0.42734538950056883,1.9639636903338333e-12,17.378377264384405,0.40611505951152904,5.801962067264115e-11,2.228357995019256e-15
fiducial_soft_x,10,6230.0,69.5779130562964,0.49338280925574446,1.4801484277672334,9.264365924412018e-11,6.16305507509431e-13,17.329523915090626,0.42480579637894,1.952292408037025e-12,17.384848736598435,0.4037016322532387,5.767482643079393e-11,2.2151154919392733e-15
fiducial_soft_x,10,6240.0,69.68959509972545,0.4905969052237804,1.4717907156713412,9.212054344238922e-11,6.128255159773342e-13,17.335671938079734,0.4224071149519989,1.9412687177318692e-12,17.39099675958753,0.40142211625895163,5.734916341926998e-11,2.2026077615026e-15
fiducial_soft_x,10,6250.0,69.8012771431545,0.4881317554987815,1.4643952664963447,9.165765643695617e-11,6.097461923287377e-13,17.341141294549836,0.4202846050621607,1.9315142370274243e-12,17.39646611605763,0.3994050517219203,5.706099553046635e-11,2.1915401052256573e-15
fiducial_soft_x,10,6260.0,69.91295918658355,0.48559470557002543,1.4567841167100763,9.118126855988451e-11,6.065770550694209e-13,17.346799091280978,0.4181001886309029,1.9214752506221364e-12,17.40212391278876,0.3973291561330737,5.6764422744503277e-11,2.1801496422918383e-15
fiducial_soft_x,10,6262.94,69.94579370735168,0.4848536064857896,1.454560819457369,9.104211062868369e-11,6.056513165988938e-13,17.348457372826708,0.4174620975163191,1.9185427566466377e-12,17.403782194334504,0.39672276510291443,5.667779070088627e-11,2.176822367746077e-15
fiducial_soft_x,10,6280.0,70.13632327344163,0.48027672231795476,1.4408301669538643,9.018269824282388e-11,5.999341354021587e-13,17.35875510350504,0.41352137058506644,1.9004322427703892e-12,17.41407992501285,0.3929778117431164,5.6142768006496264e-11,2.15627376565701e-15
fiducial_soft_x,10,6290.0,70.24800531687069,0.47753726727554274,1.4326118018266283,8.966830427792946e-11,5.965121652837432e-13,17.364965774185244,0.411162682039165,1.8895923489169176e-12,17.42029059569304,0.3907363018012228,5.5822534728963923e-11,2.1439745748662486e-15
fiducial_soft_x,10,6300.0,70.35968736029973,0.4750047365896898,1.4250142097690692,8.919276498980677e-11,5.933486732034612e-13,17.37073909803454,0.408982156705336,1.879571244941751e-12,17.426063919542337,0.3886641040018051,5.552649022762111e-11,2.132604401745489e-15
fiducial_soft_x,10,6310.0,70.47136940372879,0.4724819619665544,1.4174458858996632,8.871905762069916e-11,5.901973678371702e-13,17.37652086620455,0.4068100314047358,1.86958874524468e-12,17.431845687712347,0.3865998889256798,5.5231586177897887e-11,2.121278029919101e-15
fiducial_soft_x,10,6320.0,70.58305144715783,0.4702197110768572,1.4106591332305718,8.829426941037225e-11,5.87371493776435e-13,17.38173187299575,0.40486221872707806,1.8606371256215862e-12,17.437056694503546,0.38474884272057436,5.496713649509882e-11,2.1111213181358495e-15
fiducial_soft_x,10,6330.0,70.69473349058687,0.4680417882626432,1.4041253647879297,8.78853156826078e-11,5.846509575109837e-13,17.386772373750055,0.4029870130689408,1.8520191881991324e-12,17.44209719525785,0.38296679645036474,5.47125444867576e-11,2.101343209787708e-15
fiducial_soft_x,10,6340.0,70.80641553401593,0.465752909848091,1.3972587295442729,8.745552755884062e-11,5.817918218734126e-13,17.392095006540806,0.40101627391980993,1.8429622047213516e-12,17.447419828048602,0.3810939627507516,5.444498213394755e-11,2.091066949771903e-15
fiducial_soft_x,10,6350.0,70.91809757744497,0.46341076845667606,1.390232305370028,8.701573811969273e-11,5.788661531800257e-13,17.397568645148546,0.39899967500240346,1.8336944621668306e-12,17.45289346665634,0.37917754757587274,5.417119351445754e-11,2.0805515577008625e-15
fiducial_soft_x,10,6360.0,71.02977962087401,0.4611571151320378,1.3834713453961134,8.659256429453025e-11,5.760510187044515e-13,17.40286166450823,0.39705926488398213,1.824776862701467e-12,17.458186486016025,0.3773335361741342,5.3907748858714944e-11,2.0704334459644662e-15
fiducial_soft_x,10,6370.0,71.14146166430307,0.4590334850560542,1.3771004551681625,8.619380524287872e-11,5.73398301813655e-13,17.407873030961987,0.39523080562533197,1.8163737590727127e-12,17.463197852469783,0.3755959139629552,5.3659503492768115e-11,2.060899092938354e-15
fiducial_soft_x,10,6380.0,71.25314370773211,0.45665630220341985,1.3699689066102596,8.574743598552127e-11,5.704288613367045e-13,17.413510309705465,0.39318403578271216,1.8069673591158222e-12,17.46883513121326,0.3736508267410868,5.3381618641800646e-11,2.050226377016237e-15
fiducial_soft_x,10,6390.0,71.36482575116116,0.4543253407843035,1.3629760223529104,8.530974583626462e-11,5.675171580234892e-13,17.41906654620552,0.3911770628939121,1.7977438551821672e-12,17.47439136771333,0.3717435593779695,5.3109136924273415e-11,2.039761179093378e-15
fiducial_soft_x,10,6400.0,71.4765077945902,0.45206854805629987,1.3562056441688997,8.488598251789292e-11,5.646981019852905e-13,17.4244732168926,0.3892339497288467,1.7888138332463793e-12,17.479798038400396,0.3698969792157491,5.284532528261078e-11,2.02962897253872e-15
fiducial_soft_x,10,6410.0,71.58818983801925,0.4500156532927246,1.3500469598781737,8.450050560347102e-11,5.621337435897532e-13,17.42941489753354,0.387466394032615,1.780690625898574e-12,17.48473971904135,0.36821723490493763,5.260534864185895e-11,2.0204121962165446e-15
fiducial_soft_x,10,6420.0,71.6998718814483,0.44827974719291896,1.344839241578757,8.417455040160094e-11,5.599653492522139e-13,17.4336111528983,0.38597176763028995,1.7738217276797081e-12,17.488935974406097,0.36679686088139385,5.240242693253253e-11,2.0126185876389943e-15
fiducial_soft_x,10,6430.0,71.81155392487734,0.44641017225104357,1.3392305167531307,8.382349588450553e-11,5.576299834636945e-13,17.438148743212686,0.38436205148863606,1.7664239081837563e-12,17.49347356472048,0.3652671147258815,5.218387977553961e-11,2.004224852917396e-15
fiducial_soft_x,10,6440.0,71.9232359683064,0.44454820998016464,1.333644629940494,8.34738708166826e-11,5.553041269871618e-13,17.44268678411961,0.3827588899060479,1.7590562116663777e-12,17.49801160562742,0.36374359750183877,5.1966222514729046e-11,1.9958652964142993e-15
fiducial_soft_x,10,6450.0,72.03491801173544,0.4425399435133185,1.3276198305399554,8.309677386329147e-11,5.527955157002567e-13,17.447602758543006,0.38102975946253553,1.7511095963749904e-12,17.502927580050788,0.3621003694941823,5.173146277497066e-11,1.986848885466857e-15
fiducial_soft_x,10,6460.0,72.14660005516448,0.44051465751943736,1.321543972558312,8.271648111297849e-11,5.502656445963293e-13,17.45258303990169,0.3792859750959428,1.7430956356212255e-12,17.507907861409485,0.36044321556386444,5.149471350852172e-11,1.9777560628218583e-15
fiducial_soft_x,10,6470.0,72.25828209859354,0.4386720623214127,1.3160161869642382,8.237049264631881e-11,5.479639803564139e-13,17.457134007747634,0.37769948868860004,1.7358045736938444e-12,17.512458829255444,0.35893554509973413,5.127932019478104e-11,1.9694834576723716e-15
fiducial_soft_x,10,6480.0,72.36996414202258,0.436899959456711,1.3106998783701331,8.203774069213011e-11,5.457503710962201e-13,17.461528937731863,0.37617369663710837,1.7287924465906793e-12,17.51685375923966,0.3574855537226939,5.107216720278004e-11,1.9615273383360855e-15
fiducial_soft_x,10,6490.0,72.48164618545162,0.4351411758202101,1.3054235274606303,8.170748972098276e-11,5.435533994519749e-13,17.46590849640736,0.37465937252741954,1.721833023042664e-12,17.521233317915154,0.35604646056517847,5.086657118471544e-11,1.953631017655478e-15
fiducial_soft_x,10,6500.0,72.59332822888068,0.4334302239983669,1.3002906719951006,8.138622024301886e-11,5.414161765672214e-13,17.470185967990453,0.37318623192014844,1.715062867719781e-12,17.52551078949825,0.3546465049318909,5.066656654834573e-11,1.9459494450197315e-15
fiducial_soft_x,10,6510.0,72.70501027230972,0.4316503242164848,1.2949509726494544,8.105200424321515e-11,5.391928278452757e-13,17.474653770127425,0.3716537266724328,1.7080198885846203e-12,17.52997859163522,0.3531901338672466,5.045850212238993e-11,1.937958320264303e-15
fiducial_soft_x,10,6520.0,72.81669231573878,0.43006206678074194,1.2901862003422258,8.075377338087347e-11,5.372088677505417e-13,17.478656104482162,0.3702862267267754,1.7017352291363381e-12,17.533980925989958,0.35189057071421553,5.027284005590636e-11,1.9308276023205447e-15
fiducial_soft_x,10,6530.0,72.92837435916782,0.4286445262524521,1.2859335787573563,8.04875984367855e-11,5.354381574251846e-13,17.482240743248887,0.3690657151448498,1.6961260884051488e-12,17.537565564756697,0.35073069360800063,5.0107134233988776e-11,1.924463343319703e-15
fiducial_soft_x,10,6540.0,73.04005640259686,0.4271374093844665,1.2814122281533995,8.020460353112727e-11,5.335555534739018e-13,17.486064925489522,0.36776807775390274,1.6901624983404053e-12,17.541389746997304,0.3494975222688534,4.993095723280158e-11,1.917696918021112e-15
fiducial_soft_x,10,6550.0,73.15173844602592,0.4257802043839081,1.2773406131517244,7.994975793205621e-11,5.318602108292619e-13,17.48952028348969,0.3665995154523881,1.6847921024347657e-12,17.544845104997485,0.3483870136257691,4.9772304435481207e-11,1.9116035443443737e-15
fiducial_soft_x,10,6560.0,73.26342048945496,0.42437273565525413,1.2731182069657625,7.968547419365262e-11,5.301020816183451e-13,17.493115262886754,0.36538767575522435,1.6792228153377029e-12,17.54844008439455,0.34723537758891554,4.960777597378969e-11,1.90528450418575e-15
fiducial_soft_x,10,6570.0,73.37510253288401,0.42316821943401545,1.2695046583020464,7.945929932849511e-11,5.285974690394155e-13,17.496201338534767,0.3643505794822786,1.6744566017000023e-12,17.551526160042563,0.3462498038002319,4.946697199219615e-11,1.899876649489753e-15
fiducial_soft_x,10,6580.0,73.48678457631306,0.42186493022317595,1.2655947906695277,7.921457762502169e-11,5.269694749069695e-13,17.499550389170274,0.36322843902513946,1.6692995480206557e-12,17.55487521067807,0.3451834107848213,4.931462177322988e-11,1.8940253387686455e-15
fiducial_soft_x,10,6590.0,73.5984666197421,0.4203943134152142,1.2611829402456427,7.893843642212694e-11,5.251324647372193e-13,17.503341866785725,0.36196222842242964,1.6634803869646672e-12,17.55866668829352,0.34398010496496767,4.9142711508919413e-11,1.8874227859173696e-15
fiducial_soft_x,10,6600.0,73.71014866317115,0.4190370223469079,1.2571110670407237,7.86835746619109e-11,5.234370145816852e-13,17.506852961201027,0.3607935920160262,1.6581096504930256e-12,17.562177782708822,0.3428695258984928,4.89840486505626e-11,1.8813290258266776e-15
fiducial_soft_x,10,6610.0,73.8218307066002,0.4175248245150904,1.252574473545271,7.839962569163377e-11,5.215480637818005e-13,17.510778193338233,0.35949157988229014,1.6521259552950497e-12,17.566103014846043,0.34163219715184384,4.8807277701427455e-11,1.8745397887853853e-15
fiducial_soft_x,10,6620.0,73.93351275002924,0.41594976795079236,1.247849303852377,7.810387358820489e-11,5.195805934585437e-13,17.514881732876283,0.3581354459725014,1.6458935310698394e-12,17.57020655438408,0.3403434353750453,4.8623158773365085e-11,1.8674683381170492e-15
fiducial_soft_x,10,6630.0,74.0451947934583,0.41420358101910726,1.2426107430573219,7.777598793017072e-11,5.173993568954743e-13,17.51944932552771,0.35663196770729816,1.6389839520861598e-12,17.574774147035505,0.3389146492452571,4.841903526863135e-11,1.859628572215938e-15
fiducial_soft_x,10,6640.0,74.15687683688734,0.4125328679430865,1.2375986038292597,7.746227417686213e-11,5.153123979441222e-13,17.523837558672575,0.3551934729209673,1.632373019574661e-12,17.579162380180385,0.33754761824384505,4.822373440920233e-11,1.8521276574133705e-15
fiducial_soft_x,100,0.0,0.0,0.0,0.0,0.0,0.0,,0.0,0.0,,0.0,0.0,0.0
fiducial_soft_x,100,10.0,0.1116820434290472,0.0,0.0,0.0,0.0,,0.0,0.0,,0.0,0.0,0.0
fiducial_soft_x,100,20.0,0.2233640868580944,0.0,0.0,0.0,0.0,,0.0,0.0,,0.0,0.0,0.0
fiducial_soft_x,100,30.0,0.3350461302871416,0.0,0.0,0.0,0.0,,0.0,0.0,,0.0,0.0,0.0
fiducial_soft_x,100,40.0,0.4467281737161888,0.0,0.0,0.0,0.0,,0.0,0.0,,0.0,0.0,0.0
fiducial_soft_x,100,50.0,0.558410217145236,0.0,0.0,0.0,0.0,,0.0,0.0,,0.0,0.0,0.0
fiducial_soft_x,100,60.0,0.6700922605742832,0.0,0.0,0.0,0.0,,0.0,0.0,,0.0,0.0,0.0
fiducial_soft_x,100,70.0,0.7817743040033304,0.0,0.0,0.0,0.0,,0.0,0.0,,0.0,0.0,0.0
fiducial_soft_x,100,80.0,0.8934563474323776,0.0,0.0,0.0,0.0,,0.0,0.0,,0.0,0.0,0.0
fiducial_soft_x,100,90.0,1.0051383908614246,0.0,0.0,0.0,0.0,,0.0,0.0,,0.0,0.0,0.0
fiducial_soft_x,100,100.0,1.116820434290472,0.0,0.0,0.0,0.0,,0.0,0.0,,0.0,0.0,0.0
fiducial_soft_x,100,110.0,1.2285024777195193,0.0,0.0,0.0,0.0,,0.0,0.0,,0.0,0.0,0.0
fiducial_soft_x,100,120.0,1.3401845211485663,0.0,0.0,0.0,0.0,,0.0,0.0,,0.0,0.0,0.0
fiducial_soft_x,100,130.0,1.4518665645776134,0.0,0.0,0.0,0.0,,0.0,0.0,,0.0,0.0,0.0
fiducial_soft_x,100,140.0,1.5635486080066607,0.0,0.0,0.0,0.0,,0.0,0.0,,0.0,0.0,0.0
fiducial_soft_x,100,150.0,1.675230651435708,0.0,0.0,0.0,0.0,,0.0,0.0,,0.0,0.0,0.0
fiducial_soft_x,100,160.0,1.7869126948647551,0.0,0.0,0.0,0.0,,0.0,0.0,,0.0,0.0,0.0
fiducial_soft_x,100,170.0,1.8985947382938022,0.0,0.0,0.0,0.0,,0.0,0.0,,0.0,0.0,0.0
fiducial_soft_x,100,180.0,2.0102767817228493,0.0,0.0,0.0,0.0,,0.0,0.0,,0.0,0.0,0.0
fiducial_soft_x,100,190.0,2.121958825151897,0.0,0.0,0.0,0.0,,0.0,0.0,,0.0,0.0,0.0
fiducial_soft_x,100,200.0,2.233640868580944,0.0,0.0,0.0,0.0,,0.0,0.0,,0.0,0.0,0.0
fiducial_soft_x,100,210.0,2.345322912009991,0.0,0.0,0.0,0.0,,0.0,0.0,,0.0,0.0,0.0
fiducial_soft_x,100,220.0,2.4570049554390385,0.0,0.0,0.0,0.0,,0.0,0.0,,0.0,0.0,0.0
fiducial_soft_x,100,230.0,2.5686869988680856,0.0,0.0,0.0,0.0,,0.0,0.0,,0.0,0.0,0.0
fiducial_soft_x,100,240.0,2.6803690422971327,0.0,0.0,0.0,0.0,,0.0,0.0,,0.0,0.0,0.0
fiducial_soft_x,100,250.0,2.7920510857261798,0.0,0.0,0.0,0.0,,0.0,0.0,,0.0,0.0,0.0
fiducial_soft_x,100,260.0,2.903733129155227,0.0,0.0,0.0,0.0,,0.0,0.0,,0.0,0.0,0.0
fiducial_soft_x,100,270.0,3.0154151725842744,0.0,0.0,0.0,0.0,,0.0,0.0,,0.0,0.0,0.0
fiducial_soft_x,100,280.0,3.1270972160133215,0.0,0.0,0.0,0.0,,0.0,0.0,,0.0,0.0,0.0
fiducial_soft_x,100,290.0,3.2387792594423686,0.0,0.0,0.0,0.0,,0.0,0.0,,0.0,0.0,0.0
fiducial_soft_x,100,300.0,3.350461302871416,0.0,0.0,0.0,0.0,,0.0,0.0,,0.0,0.0,0.0
fiducial_soft_x,100,310.0,3.462143346300463,0.0,0.0,0.0,0.0,,0.0,0.0,,0.0,0.0,0.0
fiducial_soft_x,100,320.0,3.5738253897295102,0.0,0.0,0.0,0.0,,0.0,0.0,,0.0,0.0,0.0
fiducial_soft_x,100,330.0,3.6855074331585573,0.0,0.0,0.0,0.0,,0.0,0.0,,0.0,0.0,0.0
fiducial_soft_x,100,340.0,3.7971894765876044,0.0,0.0,0.0,0.0,,0.0,0.0,,0.0,0.0,0.0
fiducial_soft_x,100,350.0,3.908871520016652,0.0,0.0,0.0,0.0,,0.0,0.0,,0.0,0.0,0.0
fiducial_soft_x,100,360.0,4.020553563445699,0.0,0.0,0.0,0.0,,0.0,0.0,,0.0,0.0,0.0
fiducial_soft_x,100,370.0,4.132235606874747,0.0,0.0,0.0,0.0,,0.0,0.0,,0.0,0.0,0.0
fiducial_soft_x,100,380.0,4.243917650303794,0.0,0.0,0.0,0.0,,0.0,0.0,,0.0,0.0,0.0
fiducial_soft_x,100,390.0,4.355599693732841,0.0,0.0,0.0,0.0,,0.0,0.0,,0.0,0.0,0.0
fiducial_soft_x,100,400.0,4.467281737161888,0.0,0.0,0.0,0.0,,0.0,0.0,,0.0,0.0,0.0
fiducial_soft_x,100,410.0,4.578963780590935,0.0,0.0,0.0,0.0,,0.0,0.0,,0.0,0.0,0.0
fiducial_soft_x,100,420.0,4.690645824019982,0.0,0.0,0.0,0.0,,0.0,0.0,,0.0,0.0,0.0
fiducial_soft_x,100,430.0,4.802327867449029,0.0,0.0,0.0,0.0,,0.0,0.0,,0.0,0.0,0.0
fiducial_soft_x,100,440.0,4.914009910878077,0.0,0.0,0.0,0.0,,0.0,0.0,,0.0,0.0,0.0
fiducial_soft_x,100,450.0,5.025691954307124,0.0,0.0,0.0,0.0,,0.0,0.0,,0.0,0.0,0.0
fiducial_soft_x,100,460.0,5.137373997736171,0.0,0.0,0.0,0.0,,0.0,0.0,,0.0,0.0,0.0
fiducial_soft_x,100,470.0,5.249056041165218,0.0,0.0,0.0,0.0,,0.0,0.0,,0.0,0.0,0.0
fiducial_soft_x,100,480.0,5.360738084594265,0.0,0.0,0.0,0.0,,0.0,0.0,,0.0,0.0,0.0
fiducial_soft_x,100,490.0,5.4724201280233125,0.0,0.0,0.0,0.0,,0.0,0.0,,0.0,0.0,0.0
fiducial_soft_x,100,500.0,5.5841021714523595,0.0,0.0,0.0,0.0,,0.0,0.0,,0.0,0.0,0.0
fiducial_soft_x,100,504.062,5.629467417493239,0.0,0.0,0.0,0.0,,0.0,0.0,,0.0,0.0,0.0
fiducial_soft_x,100,512.0,5.718120623567216,0.0,0.0,0.0,0.0,,0.0,0.0,,0.0,0.0,0.0
fiducial_soft_x,100,514.0,5.740457032253026,0.0,0.0,0.0,0.0,,0.0,0.0,,0.0,0.0,0.0
fiducial_soft_x,100,516.0,5.762793440938835,0.0,0.0,0.0,0.0,,0.0,0.0,,0.0,0.0,0.0
fiducial_soft_x,100,518.0,5.785129849624645,0.0,0.0,0.0,0.0,,0.0,0.0,,0.0,0.0,0.0
fiducial_soft_x,100,520.0,5.807466258310454,0.0,0.0,0.0,0.0,,0.0,0.0,,0.0,0.0,0.0
fiducial_soft_x,100,522.0,5.8298026669962635,0.0,0.0,0.0,0.0,,0.0,0.0,,0.0,0.0,0.0
fiducial_soft_x,100,524.0,5.852139075682073,0.0,0.0,0.0,0.0,,0.0,0.0,,0.0,0.0,0.0
fiducial_soft_x,100,526.0,5.874475484367882,0.0,0.0,0.0,0.0,,0.0,0.0,,0.0,0.0,0.0
fiducial_soft_x,100,528.0,5.896811893053692,0.0,0.0,0.0,0.0,,0.0,0.0,,0.0,0.0,0.0
fiducial_soft_x,100,530.0,5.919148301739502,0.0,0.0,0.0,0.0,,0.0,0.0,,0.0,0.0,0.0
fiducial_soft_x,100,540.0,6.030830345168549,0.0,0.0,0.0,0.0,,0.0,0.0,,0.0,0.0,0.0
fiducial_soft_x,100,550.0,6.142512388597596,0.0,0.0,0.0,0.0,,0.0,0.0,,0.0,0.0,0.0
fiducial_soft_x,100,560.0,6.254194432026643,0.0,0.0,0.0,0.0,,0.0,0.0,,0.0,0.0,0.0
fiducial_soft_x,100,570.0,6.36587647545569,0.0,0.0,0.0,0.0,,0.0,0.0,,0.0,0.0,0.0
fiducial_soft_x,100,580.0,6.477558518884737,0.0,0.0,0.0,0.0,,0.0,0.0,,0.0,0.0,0.0
fiducial_soft_x,100,590.0,6.589240562313784,0.0,0.0,0.0,0.0,,0.0,0.0,,0.0,0.0,0.0
fiducial_soft_x,100,600.0,6.700922605742832,0.0,0.0,0.0,0.0,,0.0,0.0,,0.0,0.0,0.0
fiducial_soft_x,100,610.0,6.812604649171879,0.0,0.0,0.0,0.0,,0.0,0.0,,0.0,0.0,0.0
fiducial_soft_x,100,620.0,6.924286692600926,0.0,0.0,0.0,0.0,,0.0,0.0,,0.0,0.0,0.0
fiducial_soft_x,100,630.0,7.035968736029973,0.0,0.0,0.0,0.0,,0.0,0.0,,0.0,0.0,0.0
fiducial_soft_x,100,640.0,7.1476507794590205,0.0,0.0,0.0,0.0,,0.0,0.0,,0.0,0.0,0.0
fiducial_soft_x,100,650.0,7.259332822888068,0.0,0.0,0.0,0.0,,0.0,0.0,,0.0,0.0,0.0
fiducial_soft_x,100,660.0,7.371014866317115,0.0,0.0,0.0,0.0,,0.0,0.0,,0.0,0.0,0.0
fiducial_soft_x,100,670.0,7.482696909746162,0.0,0.0,0.0,0.0,,0.0,0.0,,0.0,0.0,0.0
fiducial_soft_x,100,680.0,7.594378953175209,0.0,0.0,0.0,0.0,,0.0,0.0,,0.0,0.0,0.0
fiducial_soft_x,100,690.0,7.706060996604257,0.0,0.0,0.0,0.0,,0.0,0.0,,0.0,0.0,0.0
fiducial_soft_x,100,700.0,7.817743040033304,0.0,0.0,0.0,0.0,,0.0,0.0,,0.0,0.0,0.0
fiducial_soft_x,100,710.0,7.929425083462351,0.0,0.0,0.0,0.0,,0.0,0.0,,0.0,0.0,0.0
fiducial_soft_x,100,720.0,8.041107126891397,0.0,0.0,0.0,0.0,,0.0,0.0,,0.0,0.0,0.0
fiducial_soft_x,100,730.0,8.152789170320446,0.0,0.0,0.0,0.0,,0.0,0.0,,0.0,0.0,0.0
fiducial_soft_x,100,740.0,8.264471213749493,0.0,0.0,0.0,0.0,,0.0,0.0,,0.0,0.0,0.0
fiducial_soft_x,100,750.0,8.37615325717854,0.0,0.0,0.0,0.0,,0.0,0.0,,0.0,0.0,0.0
fiducial_soft_x,100,760.0,8.487835300607587,0.0,0.0,0.0,0.0,,0.0,0.0,,0.0,0.0,0.0
fiducial_soft_x,100,770.0,8.599517344036634,0.0,0.0,0.0,0.0,,0.0,0.0,,0.0,0.0,0.0
fiducial_soft_x,100,780.0,8.711199387465681,0.0,0.0,0.0,0.0,,0.0,0.0,,0.0,0.0,0.0
fiducial_soft_x,100,790.0,8.822881430894729,0.0,0.0,0.0,0.0,,0.0,0.0,,0.0,0.0,0.0
fiducial_soft_x,100,800.0,8.934563474323776,0.0,0.0,0.0,0.0,,0.0,0.0,,0.0,0.0,0.0
fiducial_soft_x,100,810.0,9.046245517752823,0.0,0.0,0.0,0.0,,0.0,0.0,,0.0,0.0,0.0
fiducial_soft_x,100,820.0,9.15792756118187,0.0,0.0,0.0,0.0,,0.0,0.0,,0.0,0.0,0.0
fiducial_soft_x,100,830.0,9.269609604610917,0.0,0.0,0.0,0.0,,0.0,0.0,,0.0,0.0,0.0
fiducial_soft_x,100,840.0,9.381291648039964,0.0,0.0,0.0,0.0,,0.0,0.0,,0.0,0.0,0.0
fiducial_soft_x,100,850.0,9.492973691469011,0.0,0.0,0.0,0.0,,0.0,0.0,,0.0,0.0,0.0
fiducial_soft_x,100,860.0,9.604655734898058,0.0,0.0,0.0,0.0,,0.0,0.0,,0.0,0.0,0.0
fiducial_soft_x,100,870.0,9.716337778327105,0.0,0.0,0.0,0.0,,0.0,0.0,,0.0,0.0,0.0
fiducial_soft_x,100,880.0,9.828019821756154,0.0,0.0,0.0,0.0,,0.0,0.0,,0.0,0.0,0.0
fiducial_soft_x,100,890.0,9.939701865185201,0.0,0.0,0.0,0.0,,0.0,0.0,,0.0,0.0,0.0
fiducial_soft_x,100,900.0,10.051383908614248,0.0,0.0,0.0,0.0,,0.0,0.0,,0.0,0.0,0.0
fiducial_soft_x,100,910.0,10.163065952043295,0.0,0.0,0.0,0.0,,0.0,0.0,,0.0,0.0,0.0
fiducial_soft_x,100,920.0,10.274747995472342,0.0,0.0,0.0,0.0,,0.0,0.0,,0.0,0.0,0.0
fiducial_soft_x,100,930.0,10.38643003890139,0.0,0.0,0.0,0.0,,0.0,0.0,,0.0,0.0,0.0
fiducial_soft_x,100,940.0,10.498112082330437,0.0,0.0,0.0,0.0,,0.0,0.0,,0.0,0.0,0.0
fiducial_soft_x,100,950.0,10.609794125759484,0.0,0.0,0.0,0.0,,0.0,0.0,,0.0,0.0,0.0
fiducial_soft_x,100,960.0,10.72147616918853,0.0,0.0,0.0,0.0,,0.0,0.0,,0.0,0.0,0.0
fiducial_soft_x,100,970.0,10.833158212617578,1.5711711145604702e-06,4.7135133436814106e-06,2.950225233244686e-16,1.9626168422933857e-18,31.071925233347336,1.3527885123830474e-06,6.2170496846263265e-18,31.127250054855132,1.2855825772568043e-06,1.8366473177702658e-16,7.0540063639436e-21
fiducial_soft_x,100,980.0,10.944840256046625,4.858456021871383e-06,1.4575368065614149e-05,9.122838001221981e-16,6.068904607334233e-18,29.84623825898951,4.183162122442961e-06,1.9224680366527857e-17,29.90156308049732,3.975344477888734e-06,5.6793751733216705e-16,2.181276079964607e-20
fiducial_soft_x,100,990.0,11.056522299475672,9.671995598212607e-06,2.9015986794637823e-05,1.8161335328304337e-15,1.2081702167080524e-17,29.09869372324564,8.327650894181356e-06,3.82716284854794e-17,29.15401854475345,7.913936880035527e-06,1.1306244500244924e-15,4.342386253766656e-20
fiducial_soft_x,100,1000.0,11.168204342904719,1.5840346609863875e-05,4.7521039829591625e-05,2.9743794191911175e-15,1.9786852467040602e-17,28.563072247868284,1.363864109224296e-05,6.267950128574978e-17,28.618397069376066,1.296107943344329e-05,1.851684380138093e-15,7.111759168530189e-20
fiducial_soft_x,100,1010.0,11.279886386333766,2.359032977634501e-05,7.077098932903504e-05,4.429612123196778e-15,2.9467686940808994e-17,28.130648918597608,2.0311426826157472e-05,9.334581761152415e-17,28.185973740105403,1.9302364122634414e-05,2.757631903203663e-15,1.0591229359280673e-19
fiducial_soft_x,100,1020.0,11.391568429762813,3.289898527494868e-05,9.869695582484603e-05,6.177520424530653e-15,4.109552549471295e-17,27.769527691436856,2.832623953977147e-05,1.3017972653180025e-16,27.824852512944652,2.6919004484584017e-05,3.84578309151905e-15,1.477048867218358e-19
fiducial_soft_x,100,1030.0,11.50325047319186,4.3489359161557533e-05,0.0001304680774846726,8.166100024818776e-15,5.432441314636577e-17,27.46652642836137,3.744462009226378e-05,1.7208533440713038e-16,27.52185124986918,3.5584387923146314e-05,5.083762940611788e-15,1.952519451551111e-19
fiducial_soft_x,100,1040.0,11.614932516620907,5.539302247070821e-05,0.00016617906741212462,1.040127909202875e-14,6.919378662136405e-17,27.20384629204444,4.769375134898206e-05,2.1918756632587085e-16,27.25917111355225,4.5324346870938075e-05,6.4752620005030454e-15,2.4869521174703845e-19
fiducial_soft_x,100,1048.56,11.710532345796173,6.65427749549882e-05,0.0001996283248649646,1.2494894537139421e-14,8.312141793424754e-17,27.004731679297443,5.7293760499397115e-05,2.633066088182261e-16,27.06005650080524,5.444743181164232e-05,7.778631366466976e-15,2.987536835784209e-19
fiducial_soft_x,100,1060.0,11.838296603479003,8.333518249846815e-05,0.00025000554749540446,1.5648044693897615e-14,1.0409753031441171e-16,26.76041297167196,7.175213222578223e-05,3.297533701256436e-16,26.815737793179743,6.818751802378778e-05,9.74160853603297e-15,3.741456944039121e-19
fiducial_soft_x,100,1070.0,11.94997864690805,9.945097058575992e-05,0.00029835291175727975,1.867414441200839e-14,1.242284484771976e-16,26.568461383872055,8.562793021522445e-05,3.935227802917862e-16,26.62378620537985,8.137397250464228e-05,1.162549111826582e-14,4.464999215623744e-19
fiducial_soft_x,100,1080.0,12.061660690337098,0.00011672506287753955,0.0003501751886326186,2.191774165538454e-14,1.4580625381806344e-16,26.394573657379603,0.0001005010356316903,4.618755453340952e-16,26.4498984788874,9.550818862053002e-05,1.3644775649441052e-14,5.240545276955517e-19
fiducial_soft_x,100,1090.0,12.173342733766145,0.00013516480928536665,0.00040549442785609995,2.5380216534336424e-14,1.6884012742497768e-16,26.23532485883782,0.00011637777679666736,5.348407485044967e-16,26.29064968034563,0.00011059618030472536,1.580032131002773e-14,6.06842511324379e-19
fiducial_soft_x,100,1100.0,12.285024777195192,0.000154909139207231,0.00046472741762169304,2.90876561511402e-14,1.9350361193365807e-16,26.087291347056002,0.000133377772822225,6.129681268506957e-16,26.142616168563798,0.0001267516240447026,1.8108368489364266e-14,6.954876166409921e-19
fiducial_soft_x,100,1110.0,12.396706820624239,0.00017588432397133474,0.0005276529719140042,3.3026216298380395e-14,2.1970460971597897e-16,25.949416114123814,0.00015143754284411035,6.959659395104135e-16,26.00474093563161,0.00014391419267747535,2.0560298548395666e-14,7.896588278093387e-19
fiducial_soft_x,100,1120.0,12.508388864053286,0.00019798233389167855,0.0005939470016750356,3.7175611985923156e-14,2.4730817628419816e-16,25.820917849810975,0.00017046407260253867,7.8340671813278255e-16,25.87624267131877,0.0001619954928505563,2.3143483172408694e-14,8.88871129489287e-19
fiducial_soft_x,100,1130.0,12.620070907482333,0.00022109303432919368,0.000663279102987581,4.1515162971608753e-14,2.761767377639279e-16,25.70104629854729,0.00019036253545949005,8.748546651673366e-16,25.7563711200551,0.0001809054088713725,2.5845047984604755e-14,9.926300558408774e-19
fiducial_soft_x,100,1140.0,12.73175295091138,0.00024513342498108334,0.00073540027494325,4.60292840918984e-14,3.0620661493737e-16,25.588977615796047,0.0002110614676163321,9.69981352347068e-16,25.644302437303843,0.00020057602723120815,2.8655290522782675e-14,1.1005629646619254e-18
fiducial_soft_x,100,1150.0,12.843434994340427,0.0002703322316520342,0.0008109966949561027,5.0760923733140846e-14,3.376835189612441e-16,25.48273937470038,0.0002327578034732702,1.0696918368479375e-15,25.538064196208175,0.00022119449871634586,3.160094808065857e-14,1.2136967544658438e-18
fiducial_soft_x,100,1160.0,12.955117037769474,0.00029642283864515274,0.0008892685159354582,5.5660018834141436e-14,3.702744087986483e-16,25.382704793976963,0.0002552219851873447,1.172931132985108e-15,25.438029615484773,0.00024254266981595953,3.465085416083205e-14,1.3308344144336408e-18
fiducial_soft_x,100,1170.0,13.066799081198521,0.00032336009703553577,0.0009700802911066073,6.071809167428348e-14,4.03922887002096e-16,25.288267882510674,0.00027841513924160453,1.279520588601136e-15,25.34359270401847,0.00026458359823223115,3.779973100258979e-14,1.4517732417529754e-18
fiducial_soft_x,100,1180.0,13.178481124627568,0.0003511305450435564,0.0010533916351306693,6.593261450330656e-14,4.386121378885731e-16,25.198812422177348,0.00030232567495654496,1.3894069360716308e-15,25.254137243685157,0.000287306269105489,4.104600496820289e-14,1.5764527977623427e-18
fiducial_soft_x,100,1190.0,13.290163168056615,0.0003797472169049154,0.0011392416507147462,7.130603479053494e-14,4.743584430777428e-16,25.113747449539822,0.00032696481489357933,1.5026417512499173e-15,25.169072271047618,0.0003107213474652575,4.439119971692254e-14,1.7049316016012121e-18
fiducial_soft_x,100,1200.0,13.401845211485664,0.00040916222775830047,0.0012274866832749014,7.682936108208909e-14,5.111019875472744e-16,25.032745112406012,0.00035229132987677625,1.6190355560077625e-15,25.088069933913822,0.00033478965238283503,4.782971766607451e-14,1.8369946670638774e-18
fiducial_soft_x,100,1210.0,13.513527254914711,0.000439476960028219,0.0013184308800846568,8.252163019606078e-14,5.489694124071062e-16,24.955143669424878,0.0003783925108306953,1.7389895157971465e-15,25.010468490932688,0.000359594138208247,5.137341008738313e-14,1.973097165621504e-18
fiducial_soft_x,100,1220.0,13.625209298343758,0.0004705233303831579,0.0014115699911494736,8.835128072699125e-14,5.877507575998778e-16,24.881031042970484,0.00040512363691755696,1.8618385328362363e-15,24.93635586447828,0.00038499727377094286,5.500262859264138e-14,2.112484462161992e-18
fiducial_soft_x,100,1230.0,13.736891341772806,0.0005022387687608992,0.0015067163062826977,9.430656374602796e-14,6.273678641925522e-16,24.81020836454278,0.00043243083490827563,1.987335020352354e-15,24.865533186050577,0.0004109478622400366,5.871005894752556e-14,2.254875639086368e-18
fiducial_soft_x,100,1240.0,13.848573385201853,0.0005347222732941325,0.0016041668198823974,1.0040606836713806e-13,6.67944394974479e-16,24.742163262359064,0.0004603993428367031,2.115870709267683e-15,24.797488083866874,0.00043752690706154825,6.250727370789435e-14,2.4007151632331183e-18
fiducial_soft_x,100,1250.0,13.9602554286309,0.0005678872647402124,0.0017036617942206372,1.0663353740076655e-13,7.093722001214703e-16,24.67682862514632,0.0004889546154138022,2.2471030096197466e-15,24.73215344665413,0.0004646635663234381,6.638415204525841e-14,2.549614324217393e-18
fiducial_soft_x,100,1260.0,14.071937472059947,0.0006017007250763307,0.0018051021752289922,1.1298277097452925e-13,7.516100354131726e-16,24.614032611661308,0.0005180682239079458,2.3809012706561314e-15,24.669357433169118,0.0004923308236208957,7.033683426143042e-14,2.7014248827157647e-18
fiducial_soft_x,100,1270.0,14.183619515488994,0.0006361835114628753,0.001908550534388626,1.1945768548685654e-13,7.946839544180862e-16,24.553527926455395,0.0005477581264694027,2.5173480231726303e-15,24.60885274796319,0.0005205457449512254,7.436775848980826e-14,2.856240480051412e-18
fiducial_soft_x,100,1280.0,14.295301558918041,0.0006712497286411163,0.0020137491859233488,1.2604215218147403e-13,8.384866617055009e-16,24.49527364090175,0.0005779503667237202,2.656103383698723e-15,24.550598462409546,0.0005492380480599551,7.846688385737096e-14,3.0136754766869867e-18
fiducial_soft_x,100,1290.0,14.406983602347088,0.000706989038369768,0.0021209671151093037,1.3275300705928353e-13,8.83130157601881e-16,24.438952248108528,0.0006087221440262482,2.7975221395669747e-15,24.49427706961631,0.000578481097072597,8.264469152859023e-14,3.1741324224216242e-18
fiducial_soft_x,100,1300.0,14.518665645776135,0.0007433483976519284,0.0022300451929557854,1.395802901110629e-13,9.285481838377614e-16,24.384502924732963,0.0006400277880128834,2.9413944021509317e-15,24.43982774624076,0.000608231490508542,8.689498095171949e-14,3.3373731728328374e-18
fiducial_soft_x,100,1310.0,14.630347689205182,0.0007802415026211287,0.002340724507863386,1.4650779585529417e-13,9.746329345730788e-16,24.331911329775288,0.0006717929904952607,3.087378671138601e-15,24.387236151283098,0.000638418611777366,9.120766348883793e-14,3.503010253878068e-18
fiducial_soft_x,100,1320.0,14.74202973263423,0.0008177059666655727,0.002453117899996718,1.535425870470115e-13,1.0214313942950742e-15,24.28099103190484,0.0007040501368443963,3.235623780925617e-15,24.33631585341262,0.0006690732373591727,9.558713602122201e-14,3.671212536457056e-18
fiducial_soft_x,100,1330.0,14.853711776063276,0.000855679765961069,0.002567039297883207,1.6067301732577097e-13,1.068866086399924e-15,24.231705792599477,0.0007367458241456854,3.3858843061773e-15,24.287030614107287,0.0007001446173725416,1.0002614816797537e-13,3.8417015553876785e-18
fiducial_soft_x,100,1340.0,14.965393819492324,0.0008941336851081114,0.002682401055324334,1.678936008467767e-13,1.1169005166862051e-15,24.18397780734312,0.0007698548977508081,3.5380446429415386e-15,24.23930262885093,0.0007316088468409587,1.0452128474505835e-13,4.0143461437893e-18
fiducial_soft_x,100,1350.0,15.07707586292137,0.0009331102646909854,0.0027993307940729563,1.752123255563468e-13,1.1655878244119054e-15,24.137651531461508,0.0008034139853785398,3.692273122295494e-15,24.192976352969303,0.0007635007338343265,1.0907751860675146e-13,4.189337293941181e-18
fiducial_soft_x,100,1360.0,15.188757906350418,0.0009725657728427225,0.0029176973185281677,1.826209798181908e-13,1.2148733822370351e-15,24.092686494922837,0.0008373854336079946,3.8483966993128514e-15,24.148011316430647,0.0007957844955370592,1.1368973764174961e-13,4.366478665123301e-18
fiducial_soft_x,100,1370.0,15.300439949779467,0.0010125023556706695,0.003037507067012009,1.9011996661197077e-13,1.264759870955802e-15,24.04899384297702,0.0008717710902515066,4.006423866038735e-15,24.104318664484815,0.0008284618879629913,1.1835819272293777e-13,4.5457798926037374e-18
fiducial_soft_x,100,1380.0,15.412121993208514,0.0010527926156395956,0.003158377846918787,1.9768536420060747e-13,1.3150881528740411e-15,24.006626873479625,0.0009064612652055805,4.165850516460194e-15,24.06195169498742,0.000861428670364467,1.2306799149777687e-13,4.726669006203088e-18
fiducial_soft_x,100,1390.0,15.52380403663756,0.001093664528393695,0.003280993585181085,2.0535998011103625e-13,1.3661430020910095e-15,23.965273632355924,0.000941652246977375,4.327578739403646e-15,24.02059845386372,0.000894871379722403,1.278457835686906e-13,4.9101695364776776e-18
fiducial_soft_x,100,1400.0,15.635486080066608,0.0011348537387783886,0.003404561216335166,2.1309417574944968e-13,1.4175942013096129e-15,23.925134216811493,0.0009771164240655148,4.4905624940431296e-15,23.98045903831929,0.0009285737121741681,1.3266066668823457e-13,5.095094621649398e-18
fiducial_soft_x,100,1410.0,15.747168123495655,0.0011764625239125478,0.0035293875717376435,2.209071559328203e-13,1.469569509240673e-15,23.886038705431353,0.0010129418577322045,4.6552064860938456e-15,23.94136352693915,0.0009626193541373994,1.3752459671495931e-13,5.2819034500528075e-18
fiducial_soft_x,100,1420.0,15.858850166924702,0.0012184239788404882,0.0036552719365214644,2.2878635775907717e-13,1.5219853520508616e-15,23.847987855204643,0.0010490709423769896,4.821245975814984e-15,23.90331267671244,0.0009969535618324012,1.4242975267976326e-13,5.470295641940085e-18
fiducial_soft_x,100,1430.0,15.970532210353749,0.0012607235767118441,0.0037821707301355324,2.3672905348710346e-13,1.574823583631885e-15,23.81093426219362,0.0010854911702875571,4.988623481147687e-15,23.8662590837014,0.0010315644489244777,1.4737443644165383e-13,5.66020597685626e-18
fiducial_soft_x,100,1440.0,16.082214253782794,0.0013033373806257628,0.003910012141877289,2.447307484283037e-13,1.628054303380091e-15,23.77484182048726,0.001122181931637138,5.157244284909008e-15,23.830166641995056,0.00106643242947394,1.5235584985570976e-13,5.851526986525357e-18
fiducial_soft_x,100,1450.0,16.193896297211843,0.00134630485920467,0.00403891457761401,2.5279885369943795e-13,1.6817268132349032e-15,23.739625415527392,0.001159177209165436,5.3272645625685245e-15,23.794950237035202,0.0011015897979730108,1.5737860667398142e-13,6.044435871197036e-18
fiducial_soft_x,100,1460.0,16.305578340640892,0.0013895283762204234,0.00416858512866127,2.609150359145832e-13,1.7357191516200214e-15,23.705315398406263,0.001196392937447242,5.498297972195842e-15,23.76064021991406,0.0011369566653296325,1.6243129354276903e-13,6.238494278505806e-18
fiducial_soft_x,100,1470.0,16.417260384069937,0.0014331153045996857,0.004299345913799057,2.690994567426164e-13,1.7901654426370927e-15,23.671781113831877,0.0012339215652682946,5.67076938337624e-15,23.727105935339672,0.0011726208875147478,1.675264620037811e-13,6.434184275173089e-18
fiducial_soft_x,100,1480.0,16.528942427498986,0.0014769243781187422,0.0044307731343562265,2.7732559028995754e-13,1.8448892246217318e-15,23.639088301207615,0.0012716414614944312,5.844119812353299e-15,23.694413122715424,0.001208466875975156,1.726475985004436e-13,6.6308716254801544e-18
fiducial_soft_x,100,1490.0,16.64062447092803,0.0015210270402413381,0.004563081120724014,2.856068516650908e-13,1.899979740651232e-15,23.607141611641843,0.0013096141394109602,6.018631957529269e-15,23.66246643314964,0.001244553088043352,1.77803054538512e-13,6.8288770854816745e-18
fiducial_soft_x,100,1500.0,16.75230651435708,0.0015654654606038444,0.004696396381811533,2.939511591605654e-13,1.955489666616722e-15,23.575875223572062,0.0013478759073480982,6.194472682157979e-15,23.631200045079872,0.0012809140282677614,1.829977596096765e-13,7.028389982031082e-18
fiducial_soft_x,100,1510.0,16.863988557786126,0.0016101349133987592,0.0048304047401962775,3.0233884816334193e-13,2.0112881850459858e-15,23.545328280893152,0.0013863365957068594,6.3712275911792954e-15,23.600653102400962,0.0013174640066352052,1.8821947161174556e-13,7.228940133042072e-18
fiducial_soft_x,100,1520.0,16.975670601215175,0.0016549464596827801,0.00496483937904834,3.1075321839728134e-13,2.0672641985121145e-15,23.515524078307187,0.0014249196274806477,6.548544757407002e-15,23.570848899814983,0.0013541302504509146,1.9345779387498985e-13,7.430128233902787e-18
fiducial_soft_x,100,1530.0,17.08735264464422,0.0016999643287664156,0.005099892986299247,3.192063303522196e-13,2.123497938585944e-15,23.48638442763346,0.0014636803045220803,6.726678333180677e-15,23.541709249141256,0.0013909653141959224,1.9872023459439695e-13,7.632242651654149e-18
fiducial_soft_x,100,1540.0,17.19903468807327,0.0017449601518104894,0.005234880455431468,3.276553026700676e-13,2.179704140011595e-15,23.458020164276796,0.0015024219997805694,6.9047246738199736e-15,23.51334498578459,0.00142778233916457,2.0398009820434383e-13,7.83425809043248e-18
fiducial_soft_x,100,1550.0,17.310716731502314,0.001790013011767905,0.005370039035303715,3.3611498494429203e-13,2.23598158867806e-15,23.430343478958058,0.0015412128041911023,7.0829967068239165e-15,23.485668300465868,0.0014646460335643026,2.092466292417232e-13,8.036529604915085e-18
fiducial_soft_x,100,1560.0,17.422398774931363,0.00183491804774076,0.00550475414322228,3.445469099586428e-13,2.292074384101409e-15,23.403442268029373,0.0015798763311928826,7.26068380732237e-15,23.45876708953717,0.0015013887736406704,2.1449588014187064e-13,8.238137441636453e-18
fiducial_soft_x,100,1561.62,17.440491265966866,0.0018421252829815293,0.005526375848944588,3.459002295985088e-13,2.301077248995512e-15,23.399186040645382,0.001586081807445215,7.289202495812382e-15,23.454510862153192,0.001507285964576692,2.153383822188772e-13,8.270495396020722e-18
fiducial_soft_x,100,1580.0,17.645762861789457,0.0019258399231482145,0.0057775197694446435,3.616195259579536e-13,2.4056487760653868e-15,23.35093348500842,0.0016581606551825936,7.62045736195883e-15,23.40625830651623,0.0015757839670299254,2.2512434810733845e-13,8.64634472205434e-18
fiducial_soft_x,100,1590.0,17.757444905218502,0.0019711677480635246,0.005913503244190574,3.701308390538958e-13,2.4622696951867267e-15,23.325674987040763,0.0016971882062039193,7.79981741827794e-15,23.380999808548573,0.00161287264657351,2.3042302164324763e-13,8.8498507326048e-18
fiducial_soft_x,100,1600.0,17.86912694864755,0.002016717438997954,0.006050152316993863,3.7868381245799533e-13,2.519167756614096e-15,23.300871314375676,0.0017364067853056185,7.980055387926424e-15,23.356196135883486,0.001650142864006903,2.3574763058651913e-13,9.054352843641265e-18
fiducial_soft_x,100,1610.0,17.9808089920766,0.0020624878378636266,0.00618746351359088,3.872782287133473e-13,2.576341513730541e-15,23.27650545807807,0.0017758153953665236,8.1611666884054e-15,23.33183027958585,0.0016875936717454753,2.410980395604919e-13,9.259845855755994e-18
fiducial_soft_x,100,1620.0,18.092491035505645,0.0021085347006740184,0.006325604102022055,3.9592455725872525e-13,2.633860613750229e-15,23.252532067000097,0.001815462042675593,8.343371943619415e-15,23.307856888507892,0.0017252706911469772,2.4648076625962046e-13,9.46658009386284e-18
fiducial_soft_x,100,1630.0,18.204173078934694,0.002154848926540208,0.006464546779620623,4.0462108919865014e-13,2.6917136883646963e-15,23.228941879296478,0.0018553388913084814,8.52663514178205e-15,23.284266700804274,0.00176316647557232,2.518947468199453e-13,9.674514698167613e-18
fiducial_soft_x,100,1640.0,18.31585512236374,0.002201423112667301,0.006604269338001903,4.133664344927827e-13,2.7498914904271476e-15,23.205725144235252,0.0018954395674108085,8.710926990384532e-15,23.261049965743062,0.0018012749678173905,2.573391158791097e-13,9.883616432721786e-18
fiducial_soft_x,100,1650.0,18.42753716579279,0.0022482432829807556,0.006744729848942267,4.221579688204877e-13,2.808376561826858e-15,23.182875687359846,0.0019357520374918143,8.89619218676185e-15,23.238200508867656,0.001839584732209929,2.62812239680002e-13,1.0093822549860356e-17
fiducial_soft_x,100,1660.0,18.539219209221834,0.002295317477582521,0.006885952432747563,4.3099720189076023e-13,2.8671789457980436e-15,23.160377039726335,0.0019762832241313846,9.08246254521661e-15,23.215701861234116,0.0018781023474191134,2.6831505808407594e-13,1.0305169146816642e-17
fiducial_soft_x,100,1670.0,18.650901252650883,0.002342589933659283,0.00702776980097785,4.398736629880055e-13,2.9262289866325725e-15,23.138243266883173,0.0020169851151858585,9.269517414937635e-15,23.193568088390982,0.00191678218652335,2.738410526019987e-13,1.051740586814792e-17
fiducial_soft_x,100,1680.0,18.762583296079928,0.00238998291560312,0.00716994874680936,4.4877275551291684e-13,2.9854295814675284e-15,23.1164969575593,0.0020577907797930104,9.457049199806184e-15,23.171821779067095,0.0019555606437560544,2.7938113619707125e-13,1.0730183708282547e-17
fiducial_soft_x,100,1690.0,18.874265339508977,0.0024374802875455053,0.007312440862636516,4.576914495952246e-13,3.0447605743014164e-15,23.095131168384377,0.0020986863248654633,9.644994050954745e-15,23.150455989892173,0.0019944245162322855,2.8493342263937404e-13,1.0943430222839244e-17
fiducial_soft_x,100,1700.0,18.985947382938022,0.0024850123756519345,0.007455037126955803,4.666166624139204e-13,3.104134932576293e-15,23.074162558972027,0.002139611760780153,9.833076272320157e-15,23.129487380479837,0.0020333167945869287,2.904897672869852e-13,1.1156832600776975e-17
fiducial_soft_x,100,1710.0,19.09762942636707,0.0025326936871915675,0.007598081061574702,4.755698952702779e-13,3.163695692205266e-15,23.053527279059175,0.002180665679037947,1.002174896374306e-14,23.10885210056697,0.002072331172338682,2.9606355566276844e-13,1.1370904939508737e-17
fiducial_soft_x,100,1720.0,19.209311469796116,0.0025805538614574017,0.0077416615843722055,4.845567136045784e-13,3.2234798768931957e-15,23.0332016284568,0.0022218735992622085,1.0211129406502031e-14,23.088526449964597,0.002111491901307305,3.0165825250251736e-13,1.1585780309048032e-17
fiducial_soft_x,100,1730.0,19.320993513225165,0.002628684011298816,0.00788605203389645,4.935942258924561e-13,3.283601299585777e-15,23.013137989759535,0.0022633139702067538,1.0401578129826665e-14,23.06846281126733,0.0021508735329472113,3.0728450859842605e-13,1.1801867774081318e-17
fiducial_soft_x,100,1740.0,19.43267555665421,0.0026771904532546646,0.008031571359763994,5.027023954423459e-13,3.3441927648055954e-15,22.993285779604783,0.0023050783311005718,1.0593515823225714e-14,23.048610601112593,0.0021905630588589715,3.129547520039452e-13,1.2019644658519862e-17
fiducial_soft_x,100,1750.0,19.54435760008326,0.002725912923251786,0.008177738769755357,5.118511290894589e-13,3.4050540798643526e-15,22.973704002282766,0.002347028693538002,1.0786308329352302e-14,23.02902882379056,0.0022304293458399018,3.1865024837643217e-13,1.2238391432974717e-17
fiducial_soft_x,100,1760.0,19.656039643512308,0.0027750435137129385,0.008325130541138816,5.210764964832106e-13,3.4664251955991614e-15,22.954309455224866,0.0023893304503399895,1.0980715748825176e-14,23.009634276732676,0.0022706295700687363,3.2439345268783466e-13,1.2458970524943472e-17
fiducial_soft_x,100,1770.0,19.767721686941353,0.0028243082290069703,0.00847292468702091,5.30327048814662e-13,3.5279638523825137e-15,22.935203720235187,0.0024317476894923466,1.1175653893909165e-14,22.990528541742997,0.002310939539535837,3.3015233575072813e-13,1.2680151790294815e-17
fiducial_soft_x,100,1780.0,19.879403730370402,0.0028738044099217144,0.008621413229765142,5.3962106399421e-13,3.589791642743624e-15,22.91634093155144,0.002474364222044264,1.1371507937491364e-14,22.971665753059234,0.0023514389015945308,3.3593827638281313e-13,1.2902372254971052e-17
fiducial_soft_x,100,1790.0,19.991085773799448,0.0029237559948084722,0.008771267984425417,5.490005914567362e-13,3.652188297627026e-15,22.897631135535782,0.002517372860367555,1.1569163993021434e-14,22.952955957043578,0.0023923108897832557,3.417774522402628e-13,1.312663732350169e-17
fiducial_soft_x,100,1800.0,20.102767817228496,0.002974096784353429,0.008922290353060287,5.584532008002155e-13,3.7150711246467414e-15,22.879096205211603,0.002560716606423987,1.1768360112950017e-14,22.934421026719413,0.0024335013377011147,3.4766212484118745e-13,1.3352649784223009e-17
fiducial_soft_x,100,1810.0,20.214449860657542,0.0030248825553457043,0.009074647666037113,5.679893653645132e-13,3.778509796968678e-15,22.86071265545886,0.002604443484390481,1.1969317003389895e-14,22.916037476966657,0.0024750558837051554,3.5359881430864566e-13,1.3580660055324199e-17
fiducial_soft_x,100,1820.0,20.32613190408659,0.003076204530657299,0.009228613591971897,5.776262142844721e-13,3.842618264972482e-15,22.842445930110237,0.0026486320377510446,1.2172395628924968e-14,22.897770751618033,0.0025170491692738297,3.5959818429611397e-13,1.3811077695454644e-17
fiducial_soft_x,100,1830.0,20.437813947515636,0.0031278420254260576,0.009383526076278173,5.87322309040577e-13,3.9071208617856586e-15,22.824371922515745,0.002693092255409106,1.2376722750008029e-14,22.879696744023555,0.0025593006229778243,3.656344374695914e-13,1.4042911907108175e-17
fiducial_soft_x,100,1840.0,20.549495990944685,0.003179690760894865,0.009539072282684595,5.970580689634989e-13,3.971887328365692e-15,22.80652173634393,0.002737734352678957,1.2581885740536146e-14,22.86184655785174,0.0026017249205949186,3.7169538398560496e-13,1.427569451529768e-17
fiducial_soft_x,100,1850.0,20.66117803437373,0.0032316547499643433,0.00969496424989303,6.068154703281308e-13,4.036797763133351e-15,22.78892155565098,0.002782475684045944,1.278750478410334e-14,22.844246377158775,0.0026442435224030814,3.777698032681794e-13,1.4508994571666484e-17
fiducial_soft_x,100,1860.0,20.77286007780278,0.0032836199153793034,0.00985085974613791,6.165730925779415e-13,4.101709667324317e-15,22.771601746182945,0.0028272180282540153,1.299312848241389e-14,22.82692656769074,0.0026867630867348316,3.838443600616687e-13,1.4742299909413262e-17
fiducial_soft_x,100,1870.0,20.884542121231824,0.003335522605836613,0.010006567817509839,6.263189837569094e-13,4.166543531381417e-15,22.754574227895837,0.002871906581118649,1.319850497027603e-14,22.809899049403633,0.0027292315320533007,3.8991161373824517e-13,1.497532475654716e-17
fiducial_soft_x,100,1880.0,20.996224164660873,0.003387142635515986,0.010161427906547957,6.36011799051794e-13,4.231024311806637e-15,22.73790023488386,0.0029163517612215578,1.3402762982827594e-14,22.79322505639167,0.002771468695261234,3.959458253002598e-13,1.5207080556084705e-17
fiducial_soft_x,100,1890.0,21.10790620808992,0.0034386441885522184,0.010315932565656655,6.456823677066465e-13,4.295357098004435e-15,22.72151584922525,0.0029606949321668756,1.3606552188913684e-14,22.776840670733044,0.0028136089170814203,4.0196618733265756e-13,1.5438304437114487e-17
fiducial_soft_x,100,1900.0,21.219588251518967,0.0034899116137117993,0.010469734841135399,6.553089736152966e-13,4.359397425087052e-15,22.70544787860573,0.003004836517493018,1.380941496208091e-14,22.760772700113527,0.0028555575679668544,4.0795918058690755e-13,1.5668477166225448e-17
fiducial_soft_x,100,1910.0,21.331270294948013,0.003540679862125354,0.010622039586376062,6.648418479234653e-13,4.4228142092086524e-15,22.689767296497898,0.0030485483084056694,1.4010302516506716e-14,22.745092118005708,0.0028970977764352164,4.1389382172258894e-13,1.589640876710373e-17
fiducial_soft_x,100,1920.0,21.44295233837706,0.00359124065994434,0.01077372197983302,6.743357687419042e-13,4.4859718579457804e-15,22.67437267501804,0.0030920814830119117,1.4210369198755337e-14,22.729697496525837,0.0029384682421762925,4.198042125665896e-13,1.612340898768821e-17
fiducial_soft_x,100,1930.0,21.55463438180611,0.003641449631403109,0.010924348894209329,6.837636262909759e-13,4.548690025372614e-15,22.659298180845163,0.003135311732841824,1.4409043720760204e-14,22.714623002352972,0.0029795508323099806,4.2567347606711856e-13,1.6348829631509236e-17
fiducial_soft_x,100,1940.0,21.666316425235156,0.0036912666418005054,0.011073799925401516,6.931178843827386e-13,4.610918577522382e-15,22.644545403847395,0.0031782045016575987,1.4606167271409746e-14,22.69987022535519,0.003020312707337087,4.314969206097143e-13,1.657249050785763e-17
fiducial_soft_x,100,1950.0,21.777998468664205,0.0037405820808451198,0.01122174624253536,7.023779612330353e-13,4.6725205955057185e-15,22.630135976119085,0.003220665414287948,1.4801306127972354e-14,22.68546079762688,0.0030606641806031052,4.3726173311209356e-13,1.6793899505030228e-17
fiducial_soft_x,100,1960.0,21.88968051209325,0.0037894466999030783,0.011368340099709235,7.115533865461468e-13,4.73355947501836e-15,22.616044441457767,0.0032627381679880265,1.499466111120004e-14,22.671369262965563,0.003100646778502873,4.4297384624190833e-13,1.701328447883236e-17
fiducial_soft_x,100,1970.0,22.0013625555223,0.00383769455175214,0.01151308365525642,7.206130000189144e-13,4.793827924308134e-15,22.602307934795796,0.0033042798811239817,1.5185575575794192e-14,22.65763275630359,0.0031401247176989317,4.4861386131509437e-13,1.7229900384532166e-17
fiducial_soft_x,100,1980.0,22.113044598951344,0.003885433575217528,0.011656300725652585,7.295770695803286e-13,4.85346077436471e-15,22.588885226934188,0.0033453834897238803,1.5374476630573886e-14,22.644210048441984,0.003179186317198567,4.541943960250394e-13,1.7444231829536808e-17
fiducial_soft_x,100,1990.0,22.224726642380393,0.00393255674146652,0.011797670224399561,7.384254981728472e-13,4.9123243309088594e-15,22.575796454698043,0.0033859568412690985,1.5560940767517267e-14,22.631121276205853,0.0032177440025795297,4.597029390534839e-13,1.765579829198578e-17
fiducial_soft_x,100,2000.0,22.336408685809438,0.003979154752960892,0.011937464258882676,7.471753172126517e-13,4.970531894253618e-15,22.56300687479277,0.0034260780311670637,1.5745326891969624e-14,22.618331696300565,0.003255871989503943,4.651500932196618e-13,1.7865006994069362e-17
fiducial_soft_x,100,2010.0,22.448090729238487,0.004025067795643078,0.012075203386929233,7.55796518035448e-13,5.027883833844362e-15,22.550550949398676,0.0034656094584784615,1.592700262727448e-14,22.605875770906472,0.0032934395129863092,4.705171767862725e-13,1.8071140426810553e-17
fiducial_soft_x,100,2020.0,22.559772772667532,0.004070439747355362,0.012211319242066086,7.643161169246235e-13,5.0845598736296034e-15,22.538380622535833,0.003504675002957967,1.6106537291239228e-14,22.59370544404363,0.0033305642984898707,4.758210085995044e-13,1.8274844551178018e-17
fiducial_soft_x,100,2030.0,22.67145481609658,0.004115083450324896,0.012345250350974687,7.726989708216698e-13,5.140326226853874e-15,22.526537331869058,0.0035431135205501903,1.6283190309421105e-14,22.581862153376854,0.003367093207524655,4.81039710531742e-13,1.8475279094518764e-17
fiducial_soft_x,100,2040.0,22.783136859525627,0.004159159457592091,0.012477478372776272,7.809752271514416e-13,5.1953834471667885e-15,22.514970021111615,0.0035810632484634696,1.6457596982596716e-14,22.57029484261941,0.0034031576097356153,4.861920507049486e-13,1.8673164883583184e-17
fiducial_soft_x,100,2050.0,22.894818902954675,0.004202579256895353,0.012607737770686057,7.891282657568348e-13,5.2496209701277546e-15,22.50369416726401,0.003618447977066924,1.6629407071939145e-14,22.559018988771804,0.0034386850815526335,4.912676823270821e-13,1.8868104529410393e-17
fiducial_soft_x,100,2060.0,23.00650094638372,0.004245383541740711,0.012736150625222133,7.971657277539067e-13,5.303089627730541e-15,22.49269161893512,0.0036553027437329784,1.6798781599724385e-14,22.54801644044293,0.0034737089197069667,4.962713623350546e-13,1.906028073154715e-17
fiducial_soft_x,100,2070.0,23.11818298981277,0.004287540247579661,0.012862620742738983,8.050815923064025e-13,5.35574936678021e-15,22.481963424160092,0.003691599940677563,1.6965593688052683e-14,22.537288245667902,0.003508202887957049,5.011993424886865e-13,1.9249549531434707e-17
fiducial_soft_x,100,2070.44,23.123096999723646,0.004289374135461109,0.012868122406383325,8.054259457795951e-13,5.358040154339663e-15,22.48149912699919,0.003693178930028901,1.6972850295540775e-14,22.536823948506985,0.0035097034338156014,5.014137179457796e-13,1.9257783043791576e-17
fiducial_soft_x,100,2090.0,23.341547076670864,0.0043698489585484775,0.013109546875645433,8.205368940087875e-13,5.458564687732726e-15,22.461317883558557,0.0037624682742637616,1.729128535895247e-14,22.516642705066353,0.0035755505140668744,5.108209598815378e-13,1.9619086729262105e-17
fiducial_soft_x,100,2100.0,23.453229120099913,0.004409825258129384,0.013229475774388152,8.280433385113859e-13,5.508500788341349e-15,22.451430497153687,0.0037968881272889767,1.7449469682988702e-14,22.506755318661483,0.0036082604040133864,5.154940577204191e-13,1.9798566271011136e-17
fiducial_soft_x,100,2110.0,23.564911163528958,0.004449092188993968,0.013347276566981904,8.35416583169157e-13,5.557550786235157e-15,22.441805436766394,0.0038306972092520247,1.760484706861242e-14,22.49713025827419,0.003640389865734034,5.200842326912519e-13,1.9974860996419707e-17
fiducial_soft_x,100,2120.0,23.676593206958007,0.00448758457866271,0.013462753735988129,8.426443903911842e-13,5.60563327169068e-15,22.432452331443265,0.0038638394062256577,1.7757159631408934e-14,22.48777715295106,0.0036718855730166595,5.245838663456956e-13,2.0147678303949356e-17
fiducial_soft_x,100,2130.0,23.788275250387052,0.004525377172873463,0.013576131518620388,8.497407953617868e-13,5.652841612796628e-15,22.423346994168988,0.0038963790747745934,1.790670313672274e-14,22.478671815676783,0.003702808685220305,5.290016962144798e-13,2.0317353775705447e-17
fiducial_soft_x,100,2140.0,23.8999572938161,0.004562316260771398,0.013686948782314193,8.566769354295106e-13,5.698983802769185e-15,22.41452048031804,0.003928183868856627,1.8052869357981517e-14,22.469845301825835,0.0037330334311956206,5.333197540046142e-13,2.0483197303947243e-17
fiducial_soft_x,100,2150.0,24.011639337245146,0.0045983413507695945,0.013795024052308784,8.63441451945735e-13,5.743984278987446e-15,22.405980930476566,0.003959201704823373,1.819541893284089e-14,22.461305751984376,0.003762510314786843,5.375309684486966e-13,2.064493730269971e-17
fiducial_soft_x,100,2160.0,24.123321380674195,0.004633636560746398,0.013900909682239195,8.70068917160774e-13,5.788073030945016e-15,22.397679031489723,0.003989591109361353,1.8335080407025065e-14,22.453003852997533,0.0037913899871448043,5.416568623206808e-13,2.0803400396557408e-17
fiducial_soft_x,100,2170.0,24.23500342410324,0.0046680480958456606,0.014004144287536982,8.765304526500468e-13,5.831057946928451e-15,22.38964564370088,0.004019219664102681,1.8471245221572473e-14,22.444970465208677,0.0038195466083875817,5.45679457508099e-13,2.095789610064319e-17
fiducial_soft_x,100,2180.0,24.34668546753229,0.004701643381505947,0.01410493014451784,8.828387190479285e-13,5.873023250928442e-15,22.381859736480727,0.004048145422786945,1.8604180175750043e-14,22.437184557988523,0.0038470353481706524,5.49606635822789e-13,2.1108727131490174e-17
fiducial_soft_x,100,2190.0,24.458367510961335,0.00473446290369129,0.01420338871107387,8.890013184998233e-13,5.914019515689201e-15,22.374307153652715,0.0040764032440915665,1.8734045470599902e-14,22.42963197516051,0.0038738893334077564,5.534431299406863e-13,2.125607525685446e-17
fiducial_soft_x,100,2200.0,24.570049554390383,0.004766516312752818,0.014299548938258452,8.950200630750306e-13,5.95405879587586e-15,22.366981239565952,0.00410400143703141,1.8860879292104386e-14,22.422306061073748,0.0039001164603255723,5.571900679560733e-13,2.139998380342251e-17
fiducial_soft_x,100,2210.0,24.68173159781943,0.004797745677892094,0.014393237033676282,9.008840749702518e-13,5.993068727657619e-15,22.35989089157716,0.0041308901228135735,1.8984452410837884e-14,22.41521571308497,0.003925669328087578,5.608406779492927e-13,2.154019268226e-17
fiducial_soft_x,100,2220.0,24.793413641248478,0.00482830543428509,0.01448491630285527,9.066223528444381e-13,6.03124222259872e-15,22.35299711031461,0.004157202271125463,1.910537591947716e-14,22.408321931822407,0.003950674300505899,5.644130128840914e-13,2.1677395253055145e-17
fiducial_soft_x,100,2230.0,24.905095684677523,0.004858195402120905,0.014574586206362716,9.122348629340701e-13,6.068579056089697e-15,22.34629650216126,0.0041829377271487235,1.9223649106518997e-14,22.401621323669055,0.003975131230453494,5.679070517411668e-13,2.181159070852015e-17
fiducial_soft_x,100,2240.0,25.01677772810657,0.004887253722396679,0.014661761167190038,9.176912125906306e-13,6.1048770431475515e-15,22.339821733585673,0.004207957129232889,1.9338631503555244e-14,22.39514655509347,0.003998907679705067,5.713038737358445e-13,2.1942052358592026e-17
fiducial_soft_x,100,2250.0,25.12845977153562,0.00491619490105146,0.014748584703154379,9.231255662874308e-13,6.14102870361108e-15,22.333411218681142,0.004232875671622185,1.9453150376745418e-14,22.388736040188938,0.004022588279926812,5.746870022605997e-13,2.207198808393659e-17
fiducial_soft_x,100,2260.0,25.240141814964666,0.004945212401560088,0.014835637204680265,9.285742511195851e-13,6.177275700957019e-15,22.327021574518376,0.004257859927622285,1.9567971251896424e-14,22.382346396026172,0.004046331329136236,5.780790525588563e-13,2.2202266467593652e-17
fiducial_soft_x,100,2270.0,25.351823858393715,0.004974242409811799,0.014922727229435398,9.340252845602972e-13,6.213538322258241e-15,22.320666583933125,0.004282854952870243,1.96828416195944e-14,22.375991405440935,0.004070084612582044,5.8147256497111e-13,2.233260100662328e-17
fiducial_soft_x,100,2280.0,25.46350590182276,0.005003227761004997,0.01500968328301499,9.3946793263931e-13,6.249745160523259e-15,22.31435826465154,0.004307811528101398,1.979753528142694e-14,22.369683086159334,0.0040938013561908826,5.848608571202124e-13,2.2462735051147867e-17
fiducial_soft_x,100,2290.0,25.57518794525181,0.005032131266368986,0.015096393799106959,9.448952123330256e-13,6.285849761672671e-15,22.308104045164875,0.0043326976335431614,1.9911905083189783e-14,22.36342886667267,0.004117451130918309,5.882395817612761e-13,2.2592501636651126e-17
fiducial_soft_x,100,2300.0,25.686869988680854,0.005061114171344035,0.015183342514032104,9.5033740107986e-13,6.322053544262279e-15,22.301868612580698,0.0043576521025646365,2.0026589065452966e-14,22.357193434088508,0.004141165872953032,5.916275879555284e-13,2.272262469851556e-17
fiducial_soft_x,100,2310.0,25.798552032109903,0.00509035137591524,0.01527105412774572,9.558273402644684e-13,6.3585749833221325e-15,22.295614544307902,0.004382825525186515,2.0142279299173696e-14,22.350939365815712,0.004165088691070108,5.950453209355436e-13,2.2853889476233226e-17
fiducial_soft_x,100,2320.0,25.91023407553895,0.0051197092637388485,0.015359127791216546,9.613399404293592e-13,6.395247172979141e-15,22.289370700970146,0.00440810285687086,2.0258447070808245e-14,22.344695522477956,0.004189110256093374,5.984771613905353e-13,2.298569607935908e-17
fiducial_soft_x,100,2330.0,26.021916118967997,0.005148640985455483,0.015445922956366449,9.667725183744741e-13,6.431387020377937e-15,22.283252424889675,0.004433013256775123,2.037292852334209e-14,22.338577246397485,0.004212783118345143,6.01859184430349e-13,2.3115589346373525e-17
fiducial_soft_x,100,2340.0,26.133598162397043,0.005176854295696512,0.015530562887089537,9.720701984944229e-13,6.466629469365668e-15,22.27731909427761,0.004457305099742871,2.0484567255693232e-14,22.332643915785418,0.004235868153295493,6.051572275333183e-13,2.324225719823498e-17
fiducial_soft_x,100,2350.0,26.24528020582609,0.005204863586396262,0.015614590759188786,9.773295693816481e-13,6.501617068843907e-15,22.27146056968399,0.004481421280563327,2.0595398692382542e-14,22.326785391191798,0.004258786252916356,6.08431421423443e-13,2.336800907402659e-17
fiducial_soft_x,100,2360.0,26.356962249255137,0.005232843281129777,0.01569852984338933,9.825833829641611e-13,6.5365676987385925e-15,22.26563962822224,0.0045055119790650446,2.0706113019235225e-14,22.320964449730035,0.0042816801361688075,6.1170215564253e-13,2.3493628074326648e-17
fiducial_soft_x,100,2370.0,26.468644292684186,0.005261454988421592,0.015784364965264773,9.879558710424018e-13,6.572307802472229e-15,22.259719300314607,0.004530146844475526,2.081932818984696e-14,22.315044121822403,0.004305091152358611,6.150467700494108e-13,2.362208458899228e-17
fiducial_soft_x,100,2380.0,26.58032633611323,0.005290463182056889,0.015871389546170667,9.934028083008966e-13,6.608543174205796e-15,22.25374970788642,0.0045551230871973694,2.0934112238140996e-14,22.309074529394216,0.004328826586385898,6.184377324048086e-13,2.3752321188057516e-17
fiducial_soft_x,100,2390.0,26.69200837954228,0.0053199818635680275,0.015959945590704083,9.989456010775215e-13,6.645416218114996e-15,22.247708569408083,0.004580538863288781,2.10509162627814e-14,22.30303339091588,0.004352979717959303,6.218883691126196e-13,2.3884849698354783e-17
fiducial_soft_x,100,2400.0,26.80369042297133,0.005349929394773816,0.01604978818432145,1.0045689199775395e-12,6.682824956466217e-15,22.24161382251318,0.004606323881746658,2.116941722535184e-14,22.296938644020976,0.0043774837481016775,6.253891369381751e-13,2.4019303593129406e-17
fiducial_soft_x,100,2410.0,26.915372466400374,0.005379746879556387,0.016139240638669162,1.0101678197525038e-12,6.720071248284325e-15,22.235579342949414,0.004631996929391314,2.128740360038502e-14,22.290904164457224,0.00440188137009132,6.288747027649046e-13,2.4153173625148094e-17
fiducial_soft_x,100,2420.0,27.027054509829423,0.005409869842654639,0.016229609527963918,1.0158240799146837e-12,6.75769912609377e-15,22.229516907656965,0.0046579329958455745,2.1406598738644924e-14,22.284841729164775,0.004426528944232407,6.323959780012543e-13,2.4288415147491984e-17
fiducial_soft_x,100,2430.0,27.138736553258468,0.005440344682274483,0.01632103404682345,1.021546412765151e-12,6.795766547872222e-15,22.22341790866664,0.004684172030265433,2.1527186235634765e-14,22.27874273017445,0.004451464435024526,6.359583864447753e-13,2.4425236471806284e-17
fiducial_soft_x,100,2440.0,27.250418596687517,0.005471333542915063,0.01641400062874519,1.0273652645607377e-12,6.834476055228268e-15,22.21725097124351,0.004710853640115511,2.164980768945798e-14,22.27257579275132,0.004476820514295188,6.395808822537183e-13,2.4564365569932025e-17
fiducial_soft_x,100,2450.0,27.362100640116562,0.005502171601016268,0.016506514803048804,1.033155799806155e-12,6.8729971887013574e-15,22.211148621289475,0.004737405408001838,2.177183242477538e-14,22.26647344279727,0.004502053202093444,6.431857497421756e-13,2.4702817617631753e-17
fiducial_soft_x,100,2460.0,27.47378268354561,0.005533515657078504,0.01660054697123551,1.039041347487759e-12,6.9121503858060155e-15,22.204981090951655,0.004764392843411981,2.1895859370058896e-14,22.26030591245945,0.004527699913645574,6.468497667267834e-13,2.4843541418423283e-17
fiducial_soft_x,100,2470.0,27.585464726974656,0.005564333534977105,0.016693000604931313,1.044828093448713e-12,6.950646311327441e-15,22.1989510627513,0.0047909272360130775,2.2017804253270387e-14,22.25427588425911,0.004552916089355086,6.504522752159793e-13,2.498190286410247e-17
fiducial_soft_x,100,2480.0,27.697146770403705,0.005594992410608951,0.016784977231826856,1.0505849831772575e-12,6.9889436203367636e-15,22.192985194349312,0.0048173247266320085,2.2139119972043197e-14,22.248310015857108,0.004578002164312373,6.540361968635484e-13,2.5119550445460222e-17
fiducial_soft_x,100,2490.0,27.80882881383275,0.005625265247928014,0.01687579574378404,1.0562693855770298e-12,7.026758712426855e-15,22.187126434906624,0.004843389835761718,2.2258908155496316e-14,22.24245125641442,0.004602772370345853,6.575749919029992e-13,2.5255464850405875e-17
fiducial_soft_x,100,2500.0,27.9205108572618,0.005655010867423531,0.016965032602270592,1.0618547910367477e-12,7.063915234250187e-15,22.18140033910074,0.004869001006928463,2.2376610162992398e-14,22.23672516060855,0.004627111189853647,6.61052156914217e-13,2.5389012232531423e-17
fiducial_soft_x,100,2510.0,28.032192900690845,0.0056836630470997376,0.01705098914129921,1.0672348787105114e-12,7.099705893765123e-15,22.175913140991206,0.004893670719324205,2.248998548091227e-14,22.231237962499016,0.004650555321845894,6.644015024096182e-13,2.551765045398533e-17
fiducial_soft_x,100,2520.0,28.143874944119894,0.005711966777166508,0.017135900331499525,1.072549537175404e-12,7.13506129001317e-15,22.170519766841885,0.004918040414347927,2.2601982000231297e-14,22.22584458834968,0.004673714341196501,6.677101152925995e-13,2.5644724259100564e-17
fiducial_soft_x,100,2530.0,28.25555698754894,0.005739699954775082,0.017219099864325245,1.0777570616532045e-12,7.16970398485429e-15,22.16526097358956,0.004941918860007394,2.2711720870496423e-14,22.22058579509737,0.004696406516234053,6.709520324711928e-13,2.5769236484109218e-17
fiducial_soft_x,100,2540.0,28.367239030977988,0.005766676821454644,0.01730003046436393,1.0828225718356639e-12,7.203401939460858e-15,22.16016991580816,0.004965146117055338,2.2818467054236755e-14,22.215494737315957,0.004718479853422361,6.741055393915847e-13,2.5890353138732877e-17
fiducial_soft_x,100,2550.0,28.478921074407033,0.005793608721982275,0.017380826165946824,1.087879638617221e-12,7.237043724929456e-15,22.15511104554799,0.004988334657955045,2.2925035309043644e-14,22.210435867055786,0.004740516397863558,6.772537899168224e-13,2.6011267911130637e-17
fiducial_soft_x,100,2560.0,28.590603117836082,0.005819992138252625,0.017459976414757876,1.092833715210066e-12,7.270000375321995e-15,22.150177953757797,0.00501105095035451,2.3029433237622435e-14,22.205502775265593,0.00476210415490119,6.803379244377214e-13,2.6129720181891535e-17
fiducial_soft_x,100,2570.0,28.70228516126513,0.005845897571210636,0.017537692713631908,1.0976980397436946e-12,7.302359956375341e-15,22.14535594473923,0.005033355696024246,2.3131939808873116e-14,22.20068076624704,0.0047833008106686475,6.833661842826917e-13,2.6246026475491923e-17
fiducial_soft_x,100,2580.0,28.813967204694176,0.005871292164009592,0.017613876492028776,1.1024664426101395e-12,7.334081425201068e-15,22.140649718656043,0.005055220605006285,2.323242500980945e-14,22.19597454016384,0.004804079480640571,6.863347285945007e-13,2.6360039276232412e-17
fiducial_soft_x,100,2584.19,28.86076198089095,0.005881823422655221,0.017645470267965663,1.1044439220015457e-12,7.347236469484224e-15,22.138703992560004,0.005064288086953168,2.3274096701476106e-14,22.1940288140678,0.004812696494093744,6.875657980665009e-13,2.6407320928000422e-17
fiducial_soft_x,100,2600.0,29.03733129155227,0.00591943376480429,0.01775830129441287,1.1115061050706502e-12,7.394217151767725e-15,22.13178353523113,0.00509667083529582,2.342291904401387e-14,22.187108356738925,0.004843470481817568,6.919623232691574e-13,2.657617815202331e-17
fiducial_soft_x,100,2610.0,29.14901333498132,0.0059420295829321745,0.01782608874879652,1.1157489753849597e-12,7.422442551797174e-15,22.12764692463346,0.005116125981147231,2.3512329626135687e-14,22.18297174614127,0.004861959104625655,6.946037000340944e-13,2.6677625437678888e-17
fiducial_soft_x,100,2620.0,29.260695378410364,0.00596387178531894,0.01789161535595682,1.1198503374857452e-12,7.449726578266206e-15,22.123663203318323,0.005134932258961363,2.359875818646355e-14,22.178988024826133,0.004879831094873641,6.971569815994235e-13,2.6775689253396306e-17
fiducial_soft_x,100,2630.0,29.372377421839413,0.005984524904398536,0.017953574713195607,1.1237284225962188e-12,7.475525270067414e-15,22.11990975220001,0.005152714728341582,2.3680481600463732e-14,22.175234573707804,0.004896730139038011,6.995712632400164e-13,2.686841450278043e-17
fiducial_soft_x,100,2640.0,29.48405946526846,0.0060047203238340514,0.018014160971502154,1.1275205643599303e-12,7.500752229724454e-15,22.116251987532983,0.0051701031153619,2.3760393918650407e-14,22.171576809040793,0.004913254678679866,7.019320412987361e-13,2.6959084841549035e-17
fiducial_soft_x,100,2650.0,29.595741508697508,0.006023659737841693,0.01807097921352508,1.1310768630081424e-12,7.524410259438781e-15,22.11283286968449,0.005186410073568659,2.383533628284742e-14,22.168157691192285,0.004928751514413439,7.041459964570834e-13,2.7044116157171612e-17
fiducial_soft_x,100,2660.0,29.707423552126553,0.006041745156654575,0.018125235469963724,1.134472804954955e-12,7.547001527336435e-15,22.10957794225164,0.005201981736377994,2.3906899428506712e-14,22.164902763759436,0.004943549583899803,7.062601223880915e-13,2.7125313334371717e-17
fiducial_soft_x,100,2670.0,29.8191055955556,0.006058538838769139,0.018175616516307416,1.137626194440946e-12,7.567979231837696e-15,22.106564207962926,0.005216441205518343,2.3973351233231542e-14,22.16188902947072,0.004957290713006873,7.08223248550822e-13,2.7200711067573628e-17
fiducial_soft_x,100,2680.0,29.930787638984647,0.006074796891333475,0.018224390674000425,1.14067900749703e-12,7.588287858625673e-15,22.1036545436719,0.005230439494144537,2.403768357719525e-14,22.158979365179697,0.004970593572843805,7.101237613821574e-13,2.7273704012257596e-17
fiducial_soft_x,100,2690.0,30.042469682413696,0.006090010166677338,0.018270030500032012,1.1435356402586575e-12,7.607291409632696e-15,22.100938904637722,0.005243538222812709,2.4097881787181533e-14,22.156263726145532,0.004983041562463671,7.119021431953071e-13,2.7342006274243905e-17
fiducial_soft_x,100,2700.0,30.15415172584274,0.006103872388080963,0.01831161716424289,1.1461385824203864e-12,7.62460730154684e-15,22.098470335324826,0.005255473685282168,2.4152733940716535e-14,22.153795156832636,0.004994384076435207,7.135225912498418e-13,2.74042427786535e-17
fiducial_soft_x,100,2710.0,30.26583376927179,0.006116843056739124,0.018350529170217372,1.1485741156104214e-12,7.640809516906072e-15,22.096165604490743,0.005266641515059635,2.4204058262264522e-14,22.15149042599854,0.005004997093367464,7.150388197229807e-13,2.746247652443164e-17
fiducial_soft_x,100,2720.0,30.377515812700835,0.006128986777970355,0.018386960333911066,1.1508543709225164e-12,7.655978756968888e-15,22.09401223762199,0.005277097337743079,2.4252110392011022e-14,22.149337059129785,0.005014933475403294,7.164583807638116e-13,2.7516997566763187e-17
fiducial_soft_x,100,2730.0,30.489197856129884,0.006139310549742717,0.01841793164922815,1.1527928900120555e-12,7.668874620550301e-15,22.09218494323398,0.0052859861721473575,2.4292961067947404e-14,22.147509764741777,0.005023380716444786,7.176651957032706e-13,2.756334767535878e-17
fiducial_soft_x,100,2740.0,30.600879899558933,0.006148980366433419,0.018446941099300257,1.1546086144062596e-12,7.680953600951092e-15,22.09047618286801,0.0052943119469880525,2.433122407459907e-14,22.145801004375805,0.005031292870472843,7.18795565446179e-13,2.7606761755367165e-17
fiducial_soft_x,100,2750.0,30.71256194298798,0.006157810814769025,0.018473432444307075,1.1562667286154084e-12,7.691984090544397e-15,22.088918093685145,0.005301915020235069,2.4366165740424783e-14,22.14424291519294,0.0050385182264028345,7.198278157911605e-13,2.7646407366324863e-17
fiducial_soft_x,100,2760.0,30.824243986417027,0.006166965691131017,0.01850089707339305,1.1579857614438561e-12,7.703419837020798e-15,22.087305117978907,0.005309797428115419,2.4402391152584957e-14,22.142629939486703,0.005046009039745091,7.208979907045705e-13,2.7687509545151943e-17
fiducial_soft_x,100,2770.0,30.935926029846073,0.006176767183887073,0.01853030155166122,1.1598262109648792e-12,7.715663299610188e-15,22.085580868452404,0.0053182365769017725,2.4441175195190622e-14,22.140905689960213,0.005054028935351317,7.220437529461065e-13,2.773151480443696e-17
fiducial_soft_x,100,2780.0,31.04760807327512,0.006186951748514069,0.018560855245542206,1.1617385907988591e-12,7.728385273609792e-15,22.083792126229007,0.005327005553051691,2.4481475035046086e-14,22.139116947736802,0.0050623622726435275,7.232342950284731e-13,2.7777239921852273e-17
fiducial_soft_x,100,2790.0,31.159290116704167,0.006197719764167984,0.018593159292503953,1.1637605266147454e-12,7.741836061168579e-15,22.081904110485844,0.00533627688431713,2.452408356298097e-14,22.13722893199364,0.005071173008271249,7.244930406154555e-13,2.782558452941656e-17
fiducial_soft_x,100,2800.0,31.270972160133216,0.006209522433679536,0.01862856730103861,1.1659767418372591e-12,7.756579278984083e-15,22.07983844766367,0.005346439059259576,2.4570786167226e-14,22.135163269171464,0.005080830330856011,7.258727338328289e-13,2.7878574369335616e-17
fiducial_soft_x,100,2810.0,31.38265420356226,0.006222399031041293,0.01866719709312388,1.1683946110370512e-12,7.772663985875276e-15,22.077589303315555,0.005357525893041165,2.4621738253109634e-14,22.13291412482335,0.0050913663756376485,7.27377965681054e-13,2.7936385768039435e-17
fiducial_soft_x,100,2820.0,31.49433624699131,0.006236186607308984,0.01870855982192695,1.170983536904722e-12,7.78988663536686e-15,22.075186193159162,0.00536939708556481,2.4676295039377175e-14,22.130511014666958,0.005102647812565861,7.289896879648927e-13,2.7998287142010945e-17
fiducial_soft_x,100,2830.0,31.606018290420355,0.006250901718178584,0.018752705154535754,1.1737466281425363e-12,7.8082679078847e-15,22.072627272198993,0.005382066891392044,2.473452203613347e-14,22.127952093706803,0.005114688188041867,7.307098359907114e-13,2.8064352820509205e-17
fiducial_soft_x,100,2840.0,31.717700333849404,0.0062662529065195885,0.018798758719558765,1.176629157154444e-12,7.827443731897795e-15,22.06996415109456,0.005395284364044568,2.4795265961317438e-14,22.125288972602355,0.005127249022497446,7.325043393792857e-13,2.813327426340489e-17
fiducial_soft_x,100,2850.0,31.82938237727845,0.00628182565690156,0.01884547697070468,1.1795532893958114e-12,7.846896318504848e-15,22.06726925123521,0.005408692603050306,2.485688659700363e-14,22.122594072743006,0.0051399911461181644,7.343247426411772e-13,2.820319044203147e-17
fiducial_soft_x,100,2860.0,31.941064420707498,0.006297002026622692,0.018891006079868076,1.1824029923012049e-12,7.865853769124666e-15,22.064649366064224,0.005421759555738123,2.4916938773188737e-14,22.119974187572033,0.005152408938374326,7.360988103085046e-13,2.8271327010736384e-17
fiducial_soft_x,100,2870.0,32.05274646413655,0.006311314704162068,0.018933944112486206,1.1850905176789724e-12,7.883732345007825e-15,22.062184358371546,0.005434082863859866,2.4973573360317864e-14,22.117509179879356,0.005164120029997637,7.377719152026309e-13,2.83355859049537e-17
fiducial_soft_x,100,2880.0,32.16442850756559,0.00632430520328228,0.01897291560984684,1.187529774481858e-12,7.89995933144288e-15,22.059951898027656,0.005445267767793681,2.502497615006495e-14,22.115276719535466,0.005174749272849703,7.392904617915113e-13,2.8393908682540156e-17
fiducial_soft_x,100,2890.0,32.27611055099464,0.0063361419564842945,0.019008425869452884,1.1897523896796967e-12,7.914745124649652e-15,22.05792170192469,0.005455459289014512,2.507181362185883e-14,22.113246523432487,0.005184434483802716,7.406741392801132e-13,2.844705154625605e-17
fiducial_soft_x,100,2900.0,32.387792594423686,0.006347405860237636,0.01904221758071291,1.191867439579099e-12,7.928815347180738e-15,22.055993277558933,0.005465157583147402,2.5116384355516297e-14,22.111318099066743,0.005193650970971427,7.419908525537012e-13,2.8497622517185055e-17
fiducial_soft_x,100,2910.0,32.499474637852735,0.006357859558020821,0.019073578674062463,1.1938303551835711e-12,7.941873506883008e-15,22.054206622917043,0.00547415828468905,2.5157749142523792e-14,22.109531444424853,0.0052022045216403665,7.432128554161734e-13,2.854455594792722e-17
fiducial_soft_x,100,2920.0,32.611156681281784,0.006366065049302893,0.01909819514790868,1.1953711197258413e-12,7.95212333596925e-15,22.052806268785325,0.005481223265862633,2.519021788288864e-14,22.108131090293135,0.005208918517673203,7.441720503386452e-13,2.8581395721257204e-17
fiducial_soft_x,100,2930.0,32.722838724710826,0.00637073137136381,0.01911219411409143,1.1962473260768225e-12,7.957952237852341e-15,22.05201071629883,0.005485240999399474,2.5208682298271746e-14,22.107335537806613,0.005212736651984475,7.447175280283512e-13,2.860234586806736e-17
fiducial_soft_x,100,2940.0,32.834520768139875,0.006370821385781266,0.019112464157343797,1.1962642282972918e-12,7.958064678699878e-15,22.051995375639187,0.005485318502396286,2.5209038481058248e-14,22.107320197146997,0.005212810304666675,7.44728050417469e-13,2.8602750001180355e-17
fiducial_soft_x,100,2950.0,32.946202811568924,0.0063655948264127815,0.019096784479238346,1.1952828248594962e-12,7.951535960504407e-15,22.052886468542674,0.005480818400906737,2.518835723318373e-14,22.10821129005047,0.005208533766229294,7.441170828305314e-13,2.857928458566633e-17
fiducial_soft_x,100,2960.0,33.05788485499797,0.006356269473736775,0.019068808421210323,1.1935317812895943e-12,7.93988726479415e-15,22.054478196704046,0.005472789211815162,2.5151457254323295e-14,22.109803018211856,0.005200903463701485,7.430269797971362e-13,2.853741702807634e-17
fiducial_soft_x,100,2970.0,33.169566898427014,0.006344241307011901,0.0190327239210357,1.1912732239209832e-12,7.924862368793085e-15,22.056534715566947,0.005462432882310602,2.5103862368285422e-14,22.111859537074743,0.005191061632067404,7.416209266977504e-13,2.848341478488492e-17
fiducial_soft_x,100,2980.0,33.28124894185606,0.0063292766031511115,0.018987829809453335,1.1884632660157626e-12,7.906169319025979e-15,22.059098759495633,0.005449548175300346,2.5044647743884518e-14,22.11442358100343,0.0051788170316041235,7.398716020727981e-13,2.841622852153634e-17
fiducial_soft_x,100,2990.0,33.39293098528511,0.006310105592096117,0.01893031677628835,1.1848634798411622e-12,7.882221991563271e-15,22.062392381988353,0.005433041810534836,2.4968788961140302e-14,22.11771720349615,0.005163130695741467,7.376305739819174e-13,2.833015741652942e-17
fiducial_soft_x,100,3000.0,33.50461302871416,0.0062863346395597,0.018859003918679097,1.180399951754292e-12,7.85252868103014e-15,22.06649020866842,0.0054125748663416415,2.4874728427822048e-14,22.1218150301762,0.005143680540285825,7.348518278725818e-13,2.822343419019529e-17
fiducial_soft_x,100,3010.0,33.6162950721432,0.006258804154955006,0.018776412464865017,1.1752304874221438e-12,7.818139178664076e-15,22.071255543248334,0.0053888709406721665,2.4765791604173085e-14,22.12658036475613,0.0051211542151623326,7.316336048389773e-13,2.8099831985569545e-17
fiducial_soft_x,100,3020.0,33.72797711557225,0.00622671241562517,0.018680137246875513,1.1692045454816266e-12,7.778052018504667e-15,22.076836928655688,0.005361239745122892,2.4638806111612348e-14,22.132161750163498,0.005094895725190127,7.278821861413892e-13,2.795575134956193e-17
fiducial_soft_x,100,3030.0,33.8396591590013,0.006190545668785232,0.018571637006355696,1.1624134297245496e-12,7.732874592684385e-15,22.083161619215595,0.005330099941697331,2.4495696007339522e-14,22.13848644072339,0.005065302933429512,7.236544124787713e-13,2.779337536135301e-17
fiducial_soft_x,100,3040.0,33.95134120243035,0.006151340820907854,0.01845402246272356,1.1550518425364017e-12,7.683902145297445e-15,22.090059473275623,0.005296344313588625,2.4340564281155728e-14,22.145384294783433,0.00503322426999936,7.190714948047964e-13,2.7617359366747714e-17
fiducial_soft_x,100,3050.0,34.0630232458594,0.006109328908756761,0.01832798672627028,1.147163166237787e-12,7.631423274218053e-15,22.097500181423335,0.005260171784947693,2.417432513459239e-14,22.152825002931145,0.00499884877658673,7.14160440556686e-13,2.7428740639653718e-17
fiducial_soft_x,100,3060.0,34.17470528928844,0.006063805439046426,0.01819141631713928,1.1386151164550713e-12,7.574557966839912e-15,22.105620803151815,0.005220975782489879,2.399419092108573e-14,22.160945624659625,0.0049616000141995365,7.088388967882041e-13,2.7224356252702126e-17
fiducial_soft_x,100,3070.0,34.28638733271749,0.006018714900196244,0.01805614470058873,1.1301483591258657e-12,7.518233451861664e-15,22.113724519333566,0.005182152536308477,2.3815769794487703e-14,22.169049340841376,0.004924705489721767,7.035679612122805e-13,2.7021915573227305e-17
fiducial_soft_x,100,3078.81,34.38477921297848,0.005976515788140133,0.0179295473644204,1.1222245318574854e-12,7.465520741397714e-15,22.121363770961914,0.005145818827336083,2.36487899067666e-14,22.176688592469723,0.0048901768233452735,6.986350239114426e-13,2.683245638432168e-17
fiducial_soft_x,100,3090.0,34.509751419575586,0.005916674494669549,0.017750023484008646,1.1109879903789142e-12,7.390770429772462e-15,22.13228975559894,0.005094295085827002,2.341200074277856e-14,22.187614577106736,0.004841212758531864,6.916397736725534e-13,2.6563789998428887e-17
fiducial_soft_x,100,3100.0,34.62143346300463,0.005859929109152741,0.017579787327458223,1.1003327748730769e-12,7.319887348798259e-15,22.142753043386826,0.0050454369411306755,2.3187461939931514e-14,22.19807786489462,0.004794781864860212,6.850064248832688e-13,2.6309023151679685e-17
fiducial_soft_x,100,3110.0,34.73311550643368,0.005799852395361245,0.017399557186083735,1.0890520279629814e-12,7.24484296361058e-15,22.153941596179074,0.004993710501199531,2.2949741228883885e-14,22.20926641768687,0.004745625171592721,6.779836547837516e-13,2.6039299811247356e-17
fiducial_soft_x,100,3120.0,34.844797549862726,0.005735789615562654,0.01720736884668796,1.0770228079931072e-12,7.164819413386376e-15,22.16600091535748,0.004938552032602619,2.2696247843439018e-14,22.221325736865275,0.00469320695132602,6.704949266881549e-13,2.5751680434717766e-17
fiducial_soft_x,100,3130.0,34.956479593291775,0.005666669339290772,0.017000008017872315,1.0640439299258897e-12,7.078478328638828e-15,22.17916427002948,0.004879039026764613,2.2422742183988553e-14,22.234489091537277,0.004636650525302897,6.624149939015975e-13,2.5441354675683058e-17
fiducial_soft_x,100,3140.0,35.068161636720816,0.005596880399072301,0.0167906411972169,1.0509394952449136e-12,6.991301987240204e-15,22.192618882565192,0.004818950296934988,2.2146590652971493e-14,22.247943704072988,0.004579546977001487,6.542568965005933e-13,2.51280268504247e-17
fiducial_soft_x,100,3150.0,35.179843680149865,0.0055195795040270815,0.016558738512081245,1.0364245230053304e-12,6.89474214271777e-15,22.207718965496376,0.004752393725314619,2.1840714672495206e-14,22.26304378700417,0.004516296906429581,6.452206763059676e-13,2.478097298688671e-17
fiducial_soft_x,100,3160.0,35.291525723578914,0.005433898859907044,0.016301696579721133,1.020336065424801e-12,6.787714796268894e-15,22.22470507195414,0.0046786221354317495,2.1501680421821575e-14,22.28002989346195,0.004446190256512157,6.352048910264681e-13,2.4396296993744737e-17
fiducial_soft_x,100,3170.0,35.40320776700796,0.005346189981515819,0.016038569944547457,1.0038667614889421e-12,6.678153895897175e-15,22.242372979433803,0.004603104222696416,2.1154620544200515e-14,22.2976978009416,0.0043744240402894,6.249520118366066e-13,2.400251494122836e-17
fiducial_soft_x,100,3180.0,35.514889810437005,0.005255713207353212,0.015767139622059636,9.868777232051156e-13,6.565135498879622e-15,22.260904801979898,0.004525203133763217,2.0796608234108502e-14,22.316229623487693,0.004300393043008506,6.143755747416093e-13,2.3596306009039167e-17
fiducial_soft_x,100,3190.0,35.626571853866054,0.0051621838545876176,0.015486551563762854,9.693154950034286e-13,6.448303995750884e-15,22.28040027833169,0.0044446737548691105,2.042651701506435e-14,22.335725099839486,0.004223864328049798,6.034423012554956e-13,2.3176392071270147e-17
fiducial_soft_x,100,3200.0,35.7382538972951,0.005062781510058698,0.015188344530176093,9.506504812213404e-13,6.3241362881549586e-15,22.301510985421864,0.004359087692003969,2.0033186645776394e-14,22.35683580692966,0.004142530142943801,5.918224943632216e-13,2.273011046362102e-17
fiducial_soft_x,100,3210.0,35.84993594072415,0.0049527771723180255,0.014858331516954076,9.299947060507477e-13,6.1867251787128326e-15,22.32536197545931,0.004264373244272083,1.9597904691493837e-14,22.380686796967105,0.0040525210670948955,5.789633493609904e-13,2.22362296308505e-17
fiducial_soft_x,100,3220.0,35.9616179841532,0.0048433762772612104,0.014530128831783631,9.09452240742858e-13,6.050067855261121e-15,22.34961342305376,0.004170178364601905,1.9165010531330337e-14,22.404938244561556,0.003963005747396133,5.661747448222686e-13,2.1745058043745692e-17
fiducial_soft_x,100,3230.0,36.07330002758224,0.0047363919164886605,0.014209175749465982,8.893635338038927e-13,5.916429127837765e-15,22.373864870648227,0.004078064136612018,1.8741678482874882e-14,22.429189692156022,0.0038754677135221967,5.536686251873466e-13,2.1264735846667166e-17
fiducial_soft_x,100,3240.0,36.18498207101129,0.0046317707116624385,0.013895312134987316,8.697185622568485e-13,5.78574231928451e-15,22.39811631824268,0.003987984601207512,1.832769733057242e-14,22.453441139750474,0.0037898632896056885,5.414387507042145e-13,2.0795023389628986e-17
fiducial_soft_x,100,3250.0,36.29666411444034,0.004529460463507935,0.013588381390523804,8.505075245202376e-13,5.657942225261386e-15,22.42236776583713,0.003899894814474646,1.7922860524365645e-14,22.47769258734494,0.0037061497645266305,5.294790194494844e-13,2.033568631622536e-17
fiducial_soft_x,100,3260.0,36.40834615786939,0.004429410125769783,0.01328823037730935,8.317208355177274e-13,5.532965081713931e-15,22.446619213431596,0.0038137508252567187,1.7526966076639786e-14,22.50194403493939,0.003624285370602351,5.177834642839231e-13,1.9886495446701856e-17
fiducial_soft_x,100,3270.0,36.52002820129843,0.004331569779743044,0.012994709339229131,8.13349121895801e-13,5.410748533059007e-15,22.470870661026048,0.003729509653225255,1.7139816461443715e-14,22.526195482533844,0.00354422926274809,5.063462498752304e-13,1.9447226663609357e-17
fiducial_soft_x,100,3280.0,36.63171024472748,0.004235890609366971,0.012707671828100913,7.953832173470548e-13,5.291231601073358e-15,22.495122108620514,0.0036471292674355757,1.6761218515937137e-14,22.55044693012831,0.0034659414980979138,4.951616697865838e-13,1.9017660799983824e-17
fiducial_soft_x,100,3290.0,36.74339228815653,0.004142324876868932,0.012426974630606796,7.77814158036799e-13,5.174354654469399e-15,22.51937355621495,0.0035665685653560567,1.6390983344014765e-14,22.57469837772276,0.003389383016075796,4.842241436294913e-13,1.859758352999605e-17
fiducial_soft_x,100,3300.0,36.85507433158558,0.004050825898946314,0.012152477696838943,7.606331781306784e-13,5.060059379143008e-15,22.543625003809417,0.0034877873523605934,1.6028926222059227e-14,22.598949825317213,0.003314515618906883,4.735282142795358e-13,1.8186785262016793e-17
fiducial_soft_x,100,3310.0,36.96675637501462,0.003961348023474553,0.01188404407042366,7.438317054210834e-13,4.948288749078545e-15,22.567876451403883,0.003410746321674066,1.5674866506775847e-14,22.62320127291168,0.0032413019525592613,4.630685451536197e-13,1.7785061034044e-17
fiducial_soft_x,100,3320.0,37.07843841844367,0.003873846606729646,0.011621539820188938,7.274013570501677e-13,4.838986997896511e-15,22.592127898998335,0.0033354070347607714,1.5328627545063222e-14,22.647452720506145,0.003169705488106687,4.528399175473523e-13,1.73922104114399e-17
fiducial_soft_x,100,3330.0,37.190120461872716,0.0037882779911137974,0.011364833973341391,7.113339353273393e-13,4.732099591029707e-15,22.616379346592787,0.0032617319021460626,1.499003658587464e-14,22.671704168100582,0.003099690503502993,4.4283722803125023e-13,1.7008037386926974e-17
fiducial_soft_x,100,3340.0,37.301802505301765,0.003704599483373076,0.011113798450119228,6.956214236391393e-13,4.627573198513982e-15,22.640630794187253,0.003189684164661613,1.465892469402638e-14,22.69595561569505,0.0030312220657590793,4.3305548590445407e-13,1.6632350282792883e-17
fiducial_soft_x,100,3350.0,37.41348454873081,0.0036227693332962162,0.010868307999888648,6.802559824494644e-13,4.525355668379993e-15,22.664882241781704,0.0031192278751049386,1.4335126665909896e-14,22.7202070632895,0.002964266013513587,4.2348981070468787e-13,1.6264961655255583e-17
fiducial_soft_x,100,3360.0,37.525166592159856,0.003542746712883941,0.010628240138651823,6.652299453881414e-13,4.425396000632716e-15,22.689133689376156,0.003050327880304054,1.4018480947065779e-14,22.744458510883966,0.0028987889399885707,4.141354297732213e-13,1.5905688200940868e-17
fiducial_soft_x,100,3370.0,37.636848635588905,0.003464491695978406,0.010393475087935217,6.505358154259009e-13,4.327644321805727e-15,22.713385136970622,0.0029829498035782963,1.370882955157848e-14,22.768709958478418,0.002834758176321664,4.0498767587361985e-13,1.555435066542579e-17
fiducial_soft_x,100,3380.0,37.748530679017954,0.0033879652383426084,0.010163895715027824,6.361662611338389e-13,4.232051860077532e-15,22.737636584565074,0.002917060027586561,1.3406017983251436e-14,22.79296140607287,0.0027721417752664015,3.960419848630919e-13,1.5210773753802135e-17
fiducial_soft_x,100,3390.0,37.860212722447,0.0033131291581798123,0.009939387474539436,6.221141130255048e-13,4.138570920937553e-15,22.76188803215954,0.002852625677554402,1.3109895158523377e-14,22.817212853667336,0.002710908495252596,3.8729389341527467e-13,1.4874786043215546e-17
fiducial_soft_x,100,3400.0,37.971894765876044,0.0032399461170832824,0.009719838351249847,6.083723599797862e-13,4.0471548633896274e-15,22.78613947975399,0.0027896146048716304,1.2820313331087315e-14,22.841464301261787,0.002651027784798798,3.787390367933202e-13,1.454621989733647e-17
fiducial_soft_x,100,3410.0,38.08357680930509,0.0031683796014068118,0.009505138804220435,5.949341457428097e-13,3.957758076681142e-15,22.810390927348443,0.0027279953710522154,1.2537128018174611e-14,22.865715748856253,0.002592469767269062,3.703731466721716e-13,1.4224911382720402e-17
fiducial_soft_x,100,3420.0,38.19525885273414,0.003098393904046752,0.009295181712140256,5.8179276550711e-13,3.87033595754619e-15,22.83464237494291,0.002667737232048502,1.2260197928467335e-14,22.889967196450705,0.0025352052259664235,3.621920490089427e-13,1.39107001870156e-17
fiducial_soft_x,100,3430.0,38.30694089616319,0.00302995410662646,0.00908986231987938,5.689416625663597e-13,3.7848448879514e-15,22.85889382253736,0.0026088101229118916,1.1989384891602954e-14,22.91421864404517,0.00247920558955564,3.5419166196033763e-13,1.3603429538977495e-17
fiducial_soft_x,100,3440.0,38.41862293959223,0.002963026062074262,0.008889078186222785,5.563744250439937e-13,3.701242213333332e-15,22.883145270131827,0.0025511846427923677,1.1724553789236168e-14,22.938470091639623,0.0024244429178079206,3.46367993846073e-13,1.3302946130249874e-17
fiducial_soft_x,100,3450.0,38.53030498302128,0.00289757637758626,0.00869272913275878,5.440847826940945e-13,3.6194862213165906e-15,22.90739671772628,0.0024948320402693558,1.1465572487623546e-14,22.962721539234074,0.002370889887660553,3.387171411572857e-13,1.3009100038873874e-17
fiducial_soft_x,100,3460.0,38.64198702645033,0.002833572397965457,0.00850071719389637,5.320666037729401e-13,3.539536120902015e-15,22.93164816532073,0.002439724199006603,1.1212311771697224e-14,22.98697298682854,0.0023185197795844367,3.3123528660893146e-13,1.2721744654486501e-17
fiducial_soft_x,100,3470.0,38.75366906987938,0.0027709821893289106,0.008312946567986732,5.203138919796582e-13,3.461352022114591e-15,22.955899612915196,0.0023858336237239327,1.0964645280594889e-14,23.011224434422992,0.0022673064642527566,3.239186972352048e-13,1.2440736605171474e-17
fiducial_soft_x,100,3480.0,38.86535111330842,0.002709774523174773,0.008129323569524319,5.088207834644556e-13,3.3848949161009118e-15,22.980151060509648,0.0023331334264788625,1.0722449444613812e-14,23.035475882017458,0.002217224389504124,3.1676372252702843e-13,1.216593568592583e-17
fiducial_soft_x,100,3490.0,38.97703315673747,0.0026499188608012673,0.007949756582403801,4.975815439029332e-13,3.310126655666253e-15,23.004402508104114,0.0022815973132512403,1.0485603423557468e-14,23.05972732961191,0.002168248567593681,3.0976679261068277e-13,1.18972047887066e-17
fiducial_soft_x,100,3500.0,39.08871520016652,0.002591385338069835,0.007774156014209505,4.865905656350263e-13,3.237009936241579e-15,23.028653955698566,0.00223119957082422,1.0253989046444052e-14,23.08397877720636,0.002120354562725825,3.029244164666685e-13,1.1634409834022709e-17
fiducial_soft_x,100,3510.0,39.20039724359557,0.002534144750504846,0.007602434251514538,4.758423648671409e-13,3.1655082772709428e-15,23.052905403293018,0.002181915053955009,1.0027490752546705e-14,23.108230224800813,0.0020735184788623065,2.9623318018791086e-13,1.137741970403788e-17
fiducial_soft_x,100,3520.0,39.312079287024616,0.0024781685387224362,0.007434505616167309,4.653315789360927e-13,3.0955860040100366e-15,23.077156850887484,0.0021337191728290064,9.805995533736141e-15,23.13248167239528,0.002027716947799642,2.896897452764395e-13,1.112610617715126e-17
fiducial_soft_x,100,3530.0,39.42376133045366,0.002423428774181205,0.007270286322543614,4.550529636334819e-13,3.0272082297267757e-15,23.101408298481935,0.002086587880791063,9.589392878096825e-15,23.156733119989745,0.001982927117509875,2.8329084697769155e-13,1.0880343864023042e-17
fiducial_soft_x,100,3540.0,39.53544337388271,0.0023698981452476646,0.0071096944357429935,4.450013905891691e-13,2.960340838295058e-15,23.125659746076387,0.002040497662347739,9.377574714788613e-15,23.180984567584197,0.0019391266407388838,2.7703329265160877e-13,1.0640010145013237e-17
fiducial_soft_x,100,3550.0,39.647125417311756,0.0023175499435694863,0.006952649830708459,4.351718447125478e-13,2.8949504671730015e-15,23.149911193670853,0.0019954255214345825,9.17043536012633e-15,23.20523601517865,0.0018962936638565295,2.709139601797144e-13,1.040498510900233e-17
fiducial_soft_x,100,3560.0,39.758807460740805,0.002266358050749744,0.006799074152249231,4.2555942169033544e-13,2.83100449075718e-15,23.17416264126532,0.0019513489699425671,8.967871464850393e-15,23.2294874627731,0.0018544068159530983,2.649297964073767e-13,1.0175151493563313e-17
fiducial_soft_x,100,3570.0,39.870489504169846,0.002216296925315506,0.006648890775946518,4.16159325539635e-13,2.7684710041045297e-15,23.198414088859757,0.0019082460164979648,8.769781962562138e-15,23.253738910367566,0.0018134451981765855,2.590778156204797e-13,9.950394626455251e-18
fiducial_soft_x,100,3580.0,39.982171547598895,0.0021673415899742827,0.006502024769922848,4.06966866215048e-13,2.707318807013837e-15,23.222665536454222,0.0018660951554900647,8.576068019298186e-15,23.277990357962018,0.0017733883733055103,2.5335509805574427e-13,9.730602368409198e-18
fiducial_soft_x,100,3590.0,40.093853591027944,0.0021194676191519544,0.006358402857455863,3.9797745726864155e-13,2.6475173884588326e-15,23.246916984048674,0.0018248753563412468,8.386632984218618e-15,23.302241805556484,0.0017342163555520505,2.477587884439527e-13,9.515665057177872e-18
fiducial_soft_x,100,3592.81,40.125236245231505,0.0021062063761102742,0.006318619128330823,3.9548736223805027e-13,2.6309522042455085e-15,23.25373164082273,0.001813457340136358,8.334158873597576e-15,23.309056462330524,0.001723365581343462,2.46208592781807e-13,9.456126734494295e-18
fiducial_soft_x,100,3610.0,40.317217677886035,0.0020960557569186158,0.006288167270755847,3.935813564189027e-13,2.6182726329367984e-15,23.258976871054834,0.0018047175912262643,8.293993354221976e-15,23.31430169256263,0.0017150600192947253,2.450220188090999e-13,9.410554020158877e-18
fiducial_soft_x,100,3620.0,40.428899721315084,0.0021587877453698935,0.006476363236109681,4.0536069054396694e-13,2.6966338349370488e-15,23.22695908856968,0.0018587302398482921,8.542220861336057e-15,23.282283910077474,0.0017663893434162413,2.523551817764999e-13,9.69219861103588e-18
fiducial_soft_x,100,3630.0,40.54058176474413,0.00234007751697988,0.007020232550939641,4.394019005545373e-13,2.9230906198155156e-15,23.139408338731975,0.0020148219081419414,9.259575901133328e-15,23.194733160239785,0.0019147264466488597,2.735473593618046e-13,1.0506125999850225e-17
fiducial_soft_x,100,3640.0,40.65226380817318,0.002724672069765968,0.008174016209297905,5.116181310900245e-13,3.4035040768586236e-15,22.97419834906548,0.0023459603106447523,1.0781398330879714e-14,23.02952317057329,0.0022294140397363773,3.185051966882136e-13,1.2232820436725766e-17
fiducial_soft_x,100,3650.0,40.76394585160222,0.0031917630827286675,0.009575289248186002,5.993249174415463e-13,3.98696738039633e-15,22.802407330778827,0.002748128700018475,1.2629655346248726e-14,22.857732152286637,0.0026116028813547272,3.731065986718879e-13,1.4329894999416838e-17
fiducial_soft_x,100,3660.0,40.87562789503127,0.0036018805443949094,0.010805641633184728,6.763336450581104e-13,4.49926259135427e-15,22.671160685157325,0.0031012424924808514,1.425247071758728e-14,22.72648550666512,0.0029471741367455826,4.210479800376451e-13,1.6171178331160983e-17
fiducial_soft_x,100,3670.0,40.98730993846032,0.004011075559757785,0.012033226679273354,7.53169162746406e-13,5.010405535296657e-15,22.55433184074581,0.003453562052697663,1.5871636012593418e-14,22.609656662253606,0.003281990616997642,4.688815304667739e-13,1.8008320203051367e-17
fiducial_soft_x,100,3680.0,41.09899198188937,0.004521049249760365,0.013563147749281097,8.489281309831285e-13,5.6474354194703905e-15,22.42438585370406,0.0038926527049249855,1.78895777499485e-14,22.47971067521187,0.0036992674397771184,5.284957762479324e-13,2.0297922921294032e-17
fiducial_soft_x,100,3690.0,41.21067402531842,0.00507767224490288,0.01523301673470864,9.53446549789031e-13,6.342736940068987e-15,22.298322287569214,0.004371908711211534,2.009210857828199e-14,22.353647109077023,0.004154714219586265,5.935631722536017e-13,2.279696463206978e-17
fiducial_soft_x,100,3700.0,41.32235606874746,0.005542318751604374,0.016626956254813124,1.0406943254072345e-12,6.92314670658907e-15,22.20325520013376,0.0047719723648515355,2.1930692798155052e-14,22.258580021641556,0.004534902887811484,6.47878819501442e-13,2.4883064220384458e-17
fiducial_soft_x,100,3710.0,41.43403811217651,0.006223447441944193,0.01867034232583258,1.1685914736366674e-12,7.773973600643908e-15,22.07740638322573,0.005358428581623304,2.4625886765396314e-14,22.132731204733524,0.005092224219050173,7.275005214647549e-13,2.7941092764694695e-17
fiducial_soft_x,100,3720.0,41.54572015560556,0.006973538695327759,0.02092061608598328,1.3094378857467446e-12,8.710944573127304e-15,21.953850911018712,0.006004262012121518,2.7593962328314123e-14,22.009175732526522,0.005705972930292483,8.151837200573703e-13,3.130873899104878e-17
fiducial_soft_x,100,3730.0,41.65740219903461,0.007942250455075628,0.023826751365226884,1.4913351883934086e-12,9.92100374325193e-15,21.81262500321973,0.006838329115477017,3.1427108880349025e-14,21.867949824727525,0.006498603948756709,9.284229362538287e-13,3.5657914491261595e-17
fiducial_soft_x,100,3740.0,41.76908424246365,0.009676070789406861,0.029028212368220584,1.8168987411378017e-12,1.20867926621891e-14,21.59823635633385,0.008331159660210887,3.828775382402097e-14,21.65356117784166,0.0079172713321202,1.1311008264615948e-12,4.344215871454517e-17
fiducial_soft_x,100,3750.0,41.8807662858927,0.011602036536765893,0.03480610961029768,2.1785418934059815e-12,1.4492598610642036e-14,21.401148376751628,0.00998942865085446,4.5908709066422576e-14,21.456473198259424,0.009493158252553308,1.3562398830050273e-12,5.2089068343105e-17
fiducial_soft_x,100,3760.0,41.992448329321746,0.013766317144618128,0.04129895143385438,2.5849339917544814e-12,1.7196093814350656e-14,21.21543952252832,0.01185288828089924,5.4472664924441716e-14,21.27076434403613,0.011264042032152293,1.609237162325937e-12,6.180592797708587e-17
fiducial_soft_x,100,3770.0,42.104130372750795,0.016899703641836405,0.050699110925509216,3.1732973994020037e-12,2.1110140512297752e-14,20.992786226839662,0.014550754362455122,6.687132688672763e-14,21.048111048347472,0.013827879319704785,1.975519730298391e-12,7.587373261481045e-17
fiducial_soft_x,100,3780.0,42.21581241617984,0.020874093726658313,0.06262228117997494,3.919578043587549e-12,2.6074720656388167e-14,20.763464875854574,0.01797272998347475,8.259780021254123e-14,20.81878969736237,0.017079852704983432,2.440112849495527e-12,9.371734792272737e-17
fiducial_soft_x,100,3790.0,42.327494459608886,0.025469907029670946,0.07640972108901284,4.782544798015342e-12,3.181554704311299e-14,20.547415549493216,0.021929755022795126,1.0078321578014425e-13,20.602740371001012,0.020840294490047,2.977348297482513e-12,1.1435093517908223e-16
fiducial_soft_x,100,3800.0,42.439176503037935,0.03218099279567755,0.09654297838703266,6.042701275298894e-12,4.0198650469835923e-14,20.29348535345934,0.02770804336181595,1.2733866429774479e-13,20.34881017496715,0.02633152001939858,3.761852133966954e-12,1.44481352715192e-16
fiducial_soft_x,100,3810.0,42.55085854646698,0.03957815380944116,0.11873446142832347,7.431683727619767e-12,4.943875974643102e-14,20.06884511891389,0.03407704693560333,1.5660888007600156e-13,20.124169940421687,0.03238411431185288,4.626555908695166e-12,1.7769200710072722e-16
fiducial_soft_x,100,3820.0,42.662540589896025,0.04762108477896028,0.14286325433688085,8.941923934788954e-12,5.948552781382714e-14,19.867985738396605,0.04100206262652575,1.884343769834523e-13,19.9233105599044,0.03896509828531748,5.566748065697182e-12,2.1380194173354303e-16
fiducial_soft_x,100,3830.0,42.774222633325074,0.05757895638776498,0.17273686916329495,1.0811737083557595e-11,7.192432989701237e-14,19.6618244760675,0.04957585461858686,2.2783720330284233e-13,19.717149297575297,0.04711294808232747,6.730790480398024e-12,2.585092871327053e-16
fiducial_soft_x,100,3840.0,42.88590467675412,0.06754936498220035,0.20264809494660105,1.2683904331826517e-11,8.437879246359265e-14,19.488430772093473,0.05816044103652808,2.6728963788058124e-13,19.543755593601283,0.05527105604291289,7.89629842745356e-12,3.0327291919320174e-16
fiducial_soft_x,100,3850.0,42.99758672018317,0.07694907600596518,0.23084722801789553,1.4448910344890662e-11,9.612037235706747e-14,19.346975425627612,0.0662536531474359,3.0448384920123916e-13,19.402300247135408,0.06296220095476501,8.995093706950714e-12,3.4547431964309273e-16
fiducial_soft_x,100,3860.0,43.10926876361222,0.08691708819005196,0.2607512645701559,1.632062761350975e-11,1.0857184146528565e-13,19.214721027277342,0.07483617624053589,3.4392680129673036e-13,19.270045848785138,0.07111834809557493,1.0160321521524295e-11,3.902271926629648e-16
fiducial_soft_x,100,3870.0,43.22095080704126,0.10176489998249122,0.30529469994747366,1.910863641806166e-11,1.2711887636491564e-13,19.04348892350699,0.08762023842236662,4.026788893195545e-13,19.098813745014787,0.08326730372100204,1.1895981848437192e-11,4.568886516879437e-16
fiducial_soft_x,100,3880.0,43.33263285047031,0.11830967337736839,0.35492902013210514,2.2215287723927643e-11,1.4778565836962244e-13,18.87993331028742,0.10186539554188995,4.681457740296962e-13,18.93525813179523,0.09680476773367651,1.3830011401120168e-11,5.311688721781967e-16
fiducial_soft_x,100,3890.0,43.44431489389936,0.1388906670398039,0.4166720011194117,2.6079829673908184e-11,1.734942552364437e-13,18.705801289578822,0.11958576447048988,5.495837911702643e-13,18.761126111086618,0.1136447965694036,1.6235861817847914e-11,6.235703037763814e-16
fiducial_soft_x,100,3900.0,43.55599693732841,0.1668258989782735,0.5004776969348205,3.1325294372033774e-11,2.083893447577082e-13,18.506825264199428,0.14363818021751018,6.601221808488516e-13,18.562150085707223,0.13650229893748325,1.9501398482543623e-11,7.489896817461264e-16
fiducial_soft_x,100,3910.0,43.66767898075745,0.18926887871077366,0.567806636132321,3.5539465858666767e-11,2.3642382782964013e-13,18.36978592566654,0.16296173121995144,7.489279886790497e-13,18.425110747174337,0.15486586447050998,2.212490894212842e-11,8.497507766973921e-16
fiducial_soft_x,100,3920.0,43.7793610241865,0.21153454600355323,0.6346036380106597,3.972034296832298e-11,2.6423682237157123e-13,18.249030691890958,0.18213261506263292,8.370321795833576e-13,18.304355513398754,0.17308434728076813,2.4727692161134367e-11,9.497158010828202e-16
fiducial_soft_x,100,3930.0,43.89104306761555,0.23447565408506818,0.7034269622552045,4.402804919544597e-11,2.9289353880710067e-13,18.13723955868729,0.2018850578019415,9.278090576976553e-13,18.192564380195087,0.19185549739881963,2.7409432185127826e-11,1.0527133173324715e-15
fiducial_soft_x,100,3940.0,44.0027251110446,0.25837205564070587,0.7751161669221176,4.8515133141926996e-11,3.227435530599533e-13,18.031870097438492,0.22246001441371854,1.0223659868433021e-12,18.087194918946288,0.21140829926385024,3.0202842871894496e-11,1.15999976569362e-15
fiducial_soft_x,100,3950.0,44.11440715447364,0.2816909118045649,0.8450727354136947,5.2893770021606755e-11,3.518721307343268e-13,17.93805185983566,0.24253770070010744,1.1146375962280778e-12,17.993376681343456,0.23048853497337762,3.292874040335487e-11,1.2646932381329747e-15
fiducial_soft_x,100,3960.0,44.22608919790269,0.3086101178067798,0.9258303534203395,5.794845312204443e-11,3.854980589298638e-13,17.838958547904518,0.26571531153115713,1.2211556193991436e-12,17.894283369412328,0.25251469234689544,3.607550698035525e-11,1.3855510165711007e-15
fiducial_soft_x,100,3970.0,44.33777124133174,0.34021972931786065,1.020659187953582,6.388386477955446e-11,4.2498297267037195e-13,17.733085211969843,0.2929313919038181,1.3462333550161845e-12,17.78841003347764,0.2783786898809067,3.97705665228563e-11,1.5274670680403422e-15
fiducial_soft_x,100,3980.0,44.449453284760786,0.37449944689366116,1.1234983406809835,7.032064858008401e-11,4.678032297638505e-13,17.62885599720942,0.3224464509031371,1.4818765738665574e-12,17.684180818717216,0.30642745379995395,4.3777752675659843e-11,1.6813709577522732e-15
fiducial_soft_x,100,3990.0,44.56113532818983,0.4050590478792369,1.2151771436377108,7.605889727305061e-11,5.059765305789148e-13,17.543688104919802,0.34875846540822913,1.6027994675660316e-12,17.599012926427598,0.3314322990589418,4.7350069443842587e-11,1.8185728308226886e-15
fiducial_soft_x,100,4000.0,44.672817371618876,0.43360569582807124,1.3008170874842138,8.141916900429125e-11,5.416353659127575e-13,17.469746502642657,0.37333731430275524,1.715757201439014e-12,17.525071324150467,0.35479008160853465,5.0687078627672037e-11,1.946737251893188e-15
fiducial_soft_x,100,4010.0,44.784499415047925,0.46125455629345435,1.3837636688803632,8.661086105231201e-11,5.761727366145866e-13,17.40263227582971,0.39714316235547714,1.8251624327620674e-12,17.45795709733752,0.37741326565634264,5.391913940975664e-11,2.0708709225488903e-15
fiducial_soft_x,100,4020.0,44.896181458476974,0.48819507793717765,1.4645852338115328,9.166954664126654e-11,6.09825291086944e-13,17.34100045756434,0.4203391260920119,1.9317648009170046e-12,17.39632527907215,0.3994568641711163,5.706839771508883e-11,2.191824400729366e-15
fiducial_soft_x,100,4030.0,45.00786350190602,0.5142512077687621,1.5427536233062864,9.65621678839467e-11,6.423731140315865e-13,17.284545647875497,0.44277362274655957,2.034867672558934e-12,17.339870469383293,0.42077682495183444,6.011427352856069e-11,2.3088072703534395e-15
fiducial_soft_x,100,4040.0,45.119545545335065,0.5418064235306291,1.6254192705918875,1.0173627604408199e-10,6.767935091407451e-13,17.227873574697533,0.4664988421026435,2.1439023562254864e-12,17.283198396205343,0.4433233859010014,6.333538755303611e-11,2.4325205091870246e-15
fiducial_soft_x,100,4050.0,45.23122758876411,0.5691803152788104,1.7075409458364312,1.0687633656449098e-10,7.109874046917879e-13,17.17435926903385,0.4900679403077845,2.2522195493579697e-12,17.229684090541646,0.4657215817289716,6.653530539714025e-11,2.5554196668969033e-15
fiducial_soft_x,100,4060.0,45.34290963219316,0.5942806959659366,1.7828420878978097,1.1158949452551441e-10,7.42341360621859e-13,17.127504890528805,0.5116795307547516,2.351540566902614e-12,17.182829712036614,0.48625951791863337,6.94694572814765e-11,2.6681115586097462e-15
fiducial_soft_x,100,4070.0,45.45459167562221,0.6193691762499265,1.8581075287497795,1.16300417919641e-10,7.736804512508759e-13,17.082609977995638,0.5332808748774919,2.4508144951156886e-12,17.137934799503434,0.5067877168169251,7.240221804785634e-11,2.780750021693028e-15
fiducial_soft_x,100,4080.0,45.56627371905125,0.6445121893282202,1.9335365679846606,1.210215810657783e-10,8.050876611188262e-13,17.039406110362727,0.5549291720895543,2.5503042070129767e-12,17.094730931870536,0.5273605361958232,7.534135351839542e-11,2.8936333178657793e-15
fiducial_soft_x,100,4090.0,45.6779557624803,0.6681925264166768,2.0045775792500304,1.254680940752571e-10,8.346677800315844e-13,17.000229914144406,0.5753180957947764,2.644006179295492e-12,17.0555547356522,0.5467365471868374,7.810950698012555e-11,2.9999497126710844e-15
fiducial_soft_x,100,4100.0,45.78963780590935,0.6919840254711437,2.075952076413431,1.299354802305099e-10,8.643867560966239e-13,16.96224377666291,0.5958027306731732,2.738148014212524e-12,17.017568598170705,0.5662035144622641,8.08906549097923e-11,3.106765185653425e-15
fiducial_soft_x,100,4102.88,45.821802234416914,0.6987036802467608,2.0961110407402823,1.3119724573103364e-10,8.727805634386793e-13,16.951751371757375,0.6015883969850042,2.764737369895297e-12,17.007076193265185,0.5717017514299991,8.167616043529527e-11,3.1369340750324576e-15
fiducial_soft_x,100,4120.0,46.01300189276744,0.7344344397378039,2.2033033192134117,1.3790649511046624e-10,9.174133788686352e-13,16.89760136378991,0.6323528124775375,2.906122292878299e-12,16.952926185297706,0.6009378043641116,8.585296861188125e-11,3.297352633203867e-15
fiducial_soft_x,100,4130.0,46.12468393619649,0.7531015091228137,2.259304527368441,1.414116549635222e-10,9.407312113006096e-13,16.87035015406463,0.6484252801991471,2.9799870023026693e-12,16.92567497557244,0.6162117989961513,8.803508758026624e-11,3.381161217143416e-15
fiducial_soft_x,100,4140.0,46.23636597962554,0.7715014608149446,2.314504382444834,1.448666574944078e-10,9.637153756310893e-13,16.844142066943114,0.6642677578560006,3.052794739667866e-12,16.89946688845091,0.6312672293681562,9.018598136957247e-11,3.4637705364783476e-15
fiducial_soft_x,100,4150.0,46.34804802305459,0.7894742453201767,2.36842273596053,1.4824144983036784e-10,9.86165947211732e-13,16.81913903182022,0.679742441796467,3.1239121967065083e-12,16.874463853328017,0.6459731378529752,9.228694072075248e-11,3.544462025204679e-15
fiducial_soft_x,100,4160.0,46.45973006648363,0.8056641234608702,2.416992370382611,1.512814616133742e-10,1.0063894144198161e-12,16.79709888682411,0.6936820318020652,3.1879747777048197e-12,16.852423708331905,0.6592202151908301,9.417948418636033e-11,3.6171488906756446e-15
fiducial_soft_x,100,4170.0,46.57141210991268,0.822769117593286,2.468307352779858,1.5449330689466124e-10,1.0277559920385754e-12,16.774288993232638,0.7084095426073951,3.2556584293395557e-12,16.829613814740433,0.6732160697714848,9.617900169929311e-11,3.6939443054761725e-15
fiducial_soft_x,100,4180.0,46.68309415334173,0.8367478937395167,2.51024368121855,1.5711813481660438e-10,1.0452174774522224e-12,16.755997379187498,0.7204453594656276,3.3109717844706402e-12,16.811322200695308,0.6846539525701351,9.781307461959801e-11,3.756704099735271e-15
fiducial_soft_x,100,4190.0,46.794776196770776,0.8493445738154594,2.548033721446378,1.5948344328432995e-10,1.060952527724543e-12,16.73977415733757,0.7312911826499897,3.3608162509120862e-12,16.795098978845367,0.6949609600544473,9.928558505846022e-11,3.813258768158589e-15
fiducial_soft_x,100,4200.0,46.906458240199825,0.8605794317578143,2.5817382952734427,1.6159303918297446e-10,1.0749864678944574e-12,16.725506543667656,0.740964468151375,3.405272051671177e-12,16.78083136517545,0.7041536810094065,1.0059890297234819e-10,3.863699333599829e-15
fiducial_soft_x,100,4210.0,47.01814028362887,0.8721375554098617,2.6164126662295852,1.6376333544995819e-10,1.0894242130481185e-12,16.71102147826668,0.7509160875238877,3.4510069995326233e-12,16.766346299774476,0.7136109083318478,1.0195000958366904e-10,3.91559124851681e-15
fiducial_soft_x,100,4220.0,47.129822327057916,0.8829811489049111,2.6489434467147333,1.657994626961679e-10,1.1029694081113058e-12,16.697605369349326,0.7602524918003616,3.493914585405262e-12,16.752930190857136,0.7224834841721887,1.0321758997151526e-10,3.964275174037865e-15
fiducial_soft_x,100,4230.0,47.241504370486965,0.8931078808527386,2.6793236425582156,1.6770098315093666e-10,1.1156191408450677e-12,16.685224144673874,0.7689716736387037,3.5339855840883992e-12,16.74054896618167,0.7307695009122042,1.0440137160404349e-10,4.00974064303989e-15
fiducial_soft_x,100,4240.0,47.35318641391601,0.9018788439033997,2.705636531710199,1.6934792766717135e-10,1.1265753248321796e-12,16.67461345012523,0.7765235296698589,3.5686918694590007e-12,16.72993827163304,0.7379461840749718,1.0542666831501092e-10,4.049119185964914e-15
fiducial_soft_x,100,4250.0,47.464868457345055,0.9106476914123696,2.7319430742371087,1.7099447494312958e-10,1.1375288662059473e-12,16.66410797138237,0.7840735642059073,3.603389783731329e-12,16.719432792890167,0.7451211362337041,1.0645171772611797e-10,4.088488230850918e-15
fiducial_soft_x,100,4260.0,47.576550500774104,0.9189777010073035,2.75693310302191,1.72558620584072e-10,1.147934236426909e-12,16.65422151535467,0.7912457564538659,3.636351237162584e-12,16.70954633686248,0.7519370171421467,1.0742546842951068e-10,4.125887047663314e-15
fiducial_soft_x,100,4270.0,47.68823254420315,0.9263621530593527,2.7790864591780577,1.7394521664453583e-10,1.157158470397449e-12,16.64553194012641,0.7976038175292506,3.6655711641812744e-12,16.700856761634206,0.7579792125546805,1.0828868656844608e-10,4.159040643275313e-15
fiducial_soft_x,100,4280.0,47.7999145876322,0.9326014159276048,2.7978042477828144,1.7511677781824756e-10,1.1649521997215482e-12,16.638243772529187,0.8029758632954248,3.690259631839502e-12,16.693568594036968,0.763084377462574,1.090180358611897e-10,4.187052741748292e-15
fiducial_soft_x,100,4290.0,47.911596631061244,0.9389298910871092,2.8167896732613276,1.7630509059529061e-10,1.172857367923137e-12,16.63090103584694,0.808424721422551,3.715301108308835e-12,16.686225857354735,0.7682625387272922,1.0975781377713815e-10,4.215465372069395e-15
fiducial_soft_x,100,4300.0,48.02327867449029,0.9441590331714919,2.8324770995144757,1.77286978995771e-10,1.1793893122991802e-12,16.624871067319113,0.8129270466472294,3.7359925758678425e-12,16.68019588882691,0.7725411904256233,1.1036908327506345e-10,4.23894238307053e-15
fiducial_soft_x,100,4310.0,48.13496071791934,0.950147405649371,2.850442216948113,1.784114298863571e-10,1.1868696437373632e-12,16.618006481598222,0.8180830741612738,3.759688282134336e-12,16.673331303106004,0.7774410687726354,1.1106910430697904e-10,4.265828071826615e-15
fiducial_soft_x,100,4320.0,48.24664276134839,0.9557091789358546,2.8671275368075637,1.794557772358793e-10,1.193817091933115e-12,16.61166955592315,0.8228717970067412,3.78169595560558e-12,16.66699437743096,0.7819918899845922,1.117192572975732e-10,4.2907984800743775e-15
fiducial_soft_x,100,4330.0,48.35832480477744,0.9600279943060845,2.8800839829182534,1.8026673143207717e-10,1.199211908389335e-12,16.606774205748415,0.8265903250307143,3.798785303472669e-12,16.662099027256225,0.7855256831805736,1.1222411259895752e-10,4.3101884439197996e-15
fiducial_soft_x,100,4340.0,48.47000684820648,0.9632308621175582,2.8896925863526746,1.8086814151074962e-10,1.2032127471599715e-12,16.603157976196066,0.8293480149741519,3.811458899704607e-12,16.658482797703876,0.7881463723070022,1.1259851730386846e-10,4.324568195250275e-15
fiducial_soft_x,100,4350.0,48.58168889163553,0.9639596669938223,2.8918790009814668,1.8100499092938647e-10,1.2041231284110306e-12,16.602336791299045,0.8299755206959935,3.814342746081454e-12,16.657661612806855,0.7887427038220499,1.1268371219503999e-10,4.327840273121105e-15
fiducial_soft_x,100,4360.0,48.69337093506458,0.9641890455812937,2.892567136743881,1.8104806189030553e-10,1.2044096549865645e-12,16.60207846616411,0.830173017146407,3.815250386287973e-12,16.657403287671904,0.7889303887361346,1.1271052579691498e-10,4.328870102399902e-15
fiducial_soft_x,100,4370.0,48.80505297849363,0.9648152449280568,2.8944457347841706,1.8116564482552762e-10,1.205191867295078e-12,16.60137355604089,0.8307121788423625,3.817728227444311e-12,16.656698377548686,0.7894427651174389,1.127837264394143e-10,4.3316815174878124e-15
fiducial_soft_x,100,4380.0,48.91673502192267,0.966970713404722,2.900912140214166,1.8157038224912137e-10,1.2078843548899248e-12,16.598950646686525,0.8325680511703439,3.826257314116594e-12,16.65427546819432,0.791206438528786,1.130356936096046e-10,4.341358813748398e-15
fiducial_soft_x,100,4390.0,49.02841706535172,0.969780918842635,2.909342756527905,1.820980611834335e-10,1.211394702344534e-12,16.59579986175654,0.8349876562653044,3.837377163934098e-12,16.65112468326432,0.7935058387125171,1.1336419737549584e-10,4.3539756489608846e-15
fiducial_soft_x,100,4400.0,49.14009910878077,0.9709637925174223,2.912891377552267,1.823201721763583e-10,1.2128722802957379e-12,16.594476360601654,0.8360061181654903,3.84205773904055e-12,16.64980118210945,0.79447370387584,1.1350247141464573e-10,4.359286336226176e-15
fiducial_soft_x,100,4410.0,49.251781152209816,0.971571563710775,2.914714691132325,1.8243429481354603e-10,1.213631473211952e-12,16.593796960653286,0.8365294131019269,3.8444626608666595e-12,16.64912178216108,0.7949710017512223,1.1357351786666769e-10,4.3620150153789435e-15
fiducial_soft_x,100,4420.0,49.36346319563886,0.9735858025307352,2.920757407592206,1.8281251320983384e-10,1.2161475448198247e-12,16.591548368501826,0.8382636857801771,3.852432908476449e-12,16.64687319000962,0.7966191165296687,1.138089757548471e-10,4.3710582400938255e-15
fiducial_soft_x,100,4430.0,49.475145239067906,0.9743590938241811,2.923077281472543,1.8295771594844264e-10,1.217113495951723e-12,16.59068634165518,0.8389294945955281,3.855492785499065e-12,16.64601116316299,0.7972518482574771,1.1389937096175998e-10,4.374530046350062e-15
fiducial_soft_x,100,4440.0,49.586827282496955,0.9746646122233658,2.923993836670097,1.830150838622327e-10,1.2174951320130745e-12,16.590345953399357,0.8391925479172883,3.85670170733431e-12,16.645670774907167,0.7975018332065276,1.1393508505700981e-10,4.375901716636117e-15
fiducial_soft_x,100,4450.0,49.698509325926004,0.9757618424160392,2.9272855272481175,1.8322111337557498e-10,1.2188657290384765e-12,16.589124371659658,0.8401372702243197,3.861043395238388e-12,16.644449193167453,0.7983996221270779,1.1406334765499642e-10,4.3808278947526205e-15
fiducial_soft_x,100,4460.0,49.810191369355046,0.9767311642690703,2.9301934928072106,1.834031252368831e-10,1.2200765503021384e-12,16.588046336642115,0.8409718626219458,3.8648789559006474e-12,16.643371158149897,0.7991927523434258,1.1417665818908953e-10,4.385179809357353e-15
fiducial_soft_x,100,4470.0,49.921873412784095,0.9781460099560746,2.9344380298682236,1.8366879416423706e-10,1.2218438943863238e-12,16.586474729509952,0.8421900539280595,3.870477433272507e-12,16.641799551017748,0.8003504244441051,1.1434204899293094e-10,4.391531969467501e-15
fiducial_soft_x,100,4480.0,50.03355545621314,0.9784686324934394,2.9354058974803183,1.8372937376258423e-10,1.2222468959560879e-12,16.586116679473058,0.8424678340236446,3.871754035372425e-12,16.641441500980854,0.8006144045473688,1.1437976250563572e-10,4.392980431325432e-15
fiducial_soft_x,100,4490.0,50.14523749964219,0.9781867243672573,2.934560173101772,1.8367643920570418e-10,1.2218947524936112e-12,16.586429537698244,0.8422251092999575,3.870638538269192e-12,16.641754359206054,0.8003837382806277,1.1434680837358656e-10,4.391714762871049e-15
fiducial_soft_x,100,4500.0,50.25691954307124,0.9774507702092432,2.9323523106277296,1.8353824734949177e-10,1.2209754407698348e-12,16.58724671584536,0.8415914480001947,3.867726402523073e-12,16.64257153735317,0.7997815569940483,1.1426077775491035e-10,4.38841058723665e-15
fiducial_soft_x,100,4510.0,50.36860158650028,0.9758629236286017,2.927588770885805,1.8324009363438606e-10,1.218991993891729e-12,16.589011903797903,0.8402243018034423,3.861443368808968e-12,16.644336725305685,0.798482330015833,1.140751637160358e-10,4.381281713887966e-15
fiducial_soft_x,100,4520.0,50.48028362992933,0.9748690803852554,2.9246072411557664,1.8305347733351102e-10,1.2177505419137013e-12,16.590118208182396,0.8393685963298316,3.8575107781666415e-12,16.645443029690206,0.79766913561178,1.1395898671212706e-10,4.376819706854895e-15
fiducial_soft_x,100,4530.0,50.59196567335838,0.9747094232826423,2.9241282698479267,1.8302349814102007e-10,1.217551107418199e-12,16.590296036873802,0.8392311305297455,3.856879022573472e-12,16.645620858381584,0.797538499051858,1.1394032332234348e-10,4.376102902550485e-15
fiducial_soft_x,100,4540.0,50.70364771678743,0.974294300338244,2.922882901014732,1.8294554952204964e-10,1.2170325596453001e-12,16.59075854396037,0.8388737069842104,3.855236400744039e-12,16.64608336546818,0.7971988321500215,1.1389179681652192e-10,4.3742391463596625e-15
fiducial_soft_x,100,4550.0,50.81532976021647,0.9727313392467135,2.9181940177401406,1.8265206861420447e-10,1.2150801982928925e-12,16.59250167848692,0.8375279873548652,3.849051837731689e-12,16.647826499994714,0.7959199672768189,1.1370909180941378e-10,4.3672220001150045e-15
fiducial_soft_x,100,4560.0,50.92701180364552,0.9715783663230488,2.9147350989691465,1.824355721561726e-10,1.213639970645043e-12,16.593789358725793,0.8365352701951823,3.844489578481233e-12,16.64911418023359,0.7949765678666746,1.135743130696517e-10,4.362045556718347e-15
fiducial_soft_x,100,4570.0,51.03869384707457,0.9718849758774665,2.9156549276323993,1.824931449587664e-10,1.2140229697149288e-12,16.593446777428277,0.8367992630086698,3.845702817966055e-12,16.648771598936086,0.7952274456339191,1.1361015471735672e-10,4.363422125908084e-15
fiducial_soft_x,100,4580.0,51.15037589050362,0.9721629556269021,2.9164888668807065,1.825453418750358e-10,1.2143702060744844e-12,16.593136278211354,0.8370386053745182,3.846802770668562e-12,16.64846109971915,0.7954548975768633,1.1364264963509446e-10,4.3646701573308836e-15
fiducial_soft_x,100,4590.0,51.26205793393266,0.9723460939576515,2.9170382818729546,1.8257973019337644e-10,1.2145989719734163e-12,16.592931763949203,0.8371962886642116,3.84752744036932e-12,16.648256585457,0.7956047472304482,1.1366405790315862e-10,4.3654923841008495e-15
fiducial_soft_x,100,4600.0,51.37373997736171,0.9716003742567072,2.914801122770122,1.8243970463802698e-10,1.213667461693511e-12,16.59376476519781,0.8365542191686954,3.8445766628323536e-12,16.64908958670562,0.7949945754635624,1.1357688572465717e-10,4.362144364609254e-15
fiducial_soft_x,100,4610.0,51.48542202079076,0.9689111673669212,2.9067335021007636,1.8193474588782226e-10,1.2103082586853893e-12,16.59677404505917,0.8342387946078629,3.833935598538911e-12,16.65209886656698,0.7927941801710898,1.1326252629077486e-10,4.350070770371991e-15
fiducial_soft_x,100,4620.0,51.597104064219806,0.9664107832095366,2.8992323496286097,1.8146524282952647e-10,1.2071849222047161e-12,16.599579530849432,0.8320859476433865,3.82404169685433e-12,16.654904352357242,0.7907482856918739,1.129702396127996e-10,4.3388449238712245e-15
fiducial_soft_x,100,4630.0,51.70878610764885,0.9643901975445279,2.8931705926335836,1.8108583267110405e-10,1.2046609224820303e-12,16.601851980298186,0.8303462102904157,3.816046335079291e-12,16.657176801805996,0.7890949777213307,1.1273403979932469e-10,4.329773204051673e-15
fiducial_soft_x,100,4640.0,51.8204681510779,0.9623311570069634,2.88699347102089,1.8069920175013683e-10,1.2020888871381149e-12,16.604172581255334,0.8285733630429488,3.807898809194895e-12,16.65949740276313,0.7874102047412097,1.1249334473782238e-10,4.32052883536325e-15
fiducial_soft_x,100,4650.0,51.932150194506946,0.9593097731459969,2.8779293194379907,1.801318693429066e-10,1.198314747709498e-12,16.607586776382043,0.8259719319570937,3.795943336359453e-12,16.662911597889853,0.7849380116014126,1.1214015490937069e-10,4.306963883216624e-15
fiducial_soft_x,100,4660.0,52.043832237935995,0.9584100761226337,2.875230228367901,1.7996293110085243e-10,1.197190897789747e-12,16.60860552132919,0.8251972869890494,3.792383277850534e-12,16.663930342837,0.7842018506528522,1.1203498328869535e-10,4.302924559638427e-15
fiducial_soft_x,100,4670.0,52.15551428136504,0.95772322417527,2.87316967252581,1.7983395928308944e-10,1.1963329217312735e-12,16.60938390147465,0.8246059030108875,3.789665437226321e-12,16.66470872298246,0.7836398463692306,1.1195469255682407e-10,4.299840835680616e-15
fiducial_soft_x,100,4680.0,52.267196324794085,0.9566952421750868,2.8700857265252604,1.7964093266694586e-10,1.1950488255762227e-12,16.61054991340186,0.8237208038463875,3.785597761140112e-12,16.665874734909657,0.7827987185398543,1.1183452484460894e-10,4.295225557622033e-15
fiducial_soft_x,100,4690.0,52.378878368223134,0.9552088847962485,2.8656266543887456,1.7936183581975775e-10,1.1931921531881287e-12,16.612238065356514,0.8224410405101381,3.779716315390688e-12,16.66756288686431,0.7815825332802707,1.1166077455937311e-10,4.2885523351370624e-15
fiducial_soft_x,100,4700.0,52.49056041165218,0.9530403603857093,2.8591210811571277,1.7895464685252237e-10,1.1904833568695057e-12,16.614705716249482,0.820573926938476,3.7711355670064375e-12,16.670030537757278,0.7798081770852583,1.114072811934866e-10,4.2788164223198335e-15
fiducial_soft_x,100,4710.0,52.60224245508123,0.9515757505393947,2.854727251618184,1.7867963359105052e-10,1.1886538502517176e-12,16.61637553332212,0.8193128883686752,3.765340175213177e-12,16.67170035482993,0.7786097863540058,1.1123607312322072e-10,4.272240838616152e-15
fiducial_soft_x,100,4715.31,52.66154562014206,0.9507628129710843,2.852288438913253,1.7852698637746214e-10,1.1876383752671578e-12,16.6173034815021,0.8186129438537185,3.762123419758696e-12,16.672628303009894,0.7779446147730542,1.1114104339727201e-10,4.268591034513207e-15
fiducial_soft_x,100,4730.0,52.82560654193932,0.9479718614507724,2.843915584352317,1.7800292279688326e-10,1.1841520787021138e-12,16.62049533272232,0.8162099165065971,3.7510797567812126e-12,16.675820154230117,0.7756609687619798,1.1081479035097403e-10,4.256060642626996e-15
fiducial_soft_x,100,4740.0,52.93728858536837,0.9459611731483015,2.8378835194449046,1.7762537108967797e-10,1.18164044219705e-12,16.622800670732452,0.8144787008469161,3.743123558400965e-12,16.678125492240248,0.7740157591307719,1.105797475066026e-10,4.247033358488372e-15
fiducial_soft_x,100,4750.0,53.04897062879742,0.9437975851913638,2.8313927555740914,1.7721910905203305e-10,1.1789378122131373e-12,16.625286794205145,0.812615837593798,3.7345623433298085e-12,16.68061161571294,0.7722454421003574,1.1032683119589375e-10,4.237319608613675e-15
fiducial_soft_x,100,4760.0,53.16065267222646,0.9413677786290436,2.824103335887131,1.7676285851600752e-10,1.1759026372162633e-12,16.628085626039002,0.8105237583960848,3.724947713846118e-12,16.683410447546798,0.770257296472122,1.1004279480647512e-10,4.226410630721376e-15
fiducial_soft_x,100,4770.0,53.27233471565551,0.9395240752140114,2.818572225642034,1.764166619568142e-10,1.173599588655223e-12,16.630214165418415,0.808936317806716,3.717652266756526e-12,16.685538986926225,0.7687487192293069,1.0982727194581393e-10,4.218133050066833e-15
fiducial_soft_x,100,4780.0,53.38401675908456,0.9369924748081142,2.8109774244243426,1.759412973495633e-10,1.1704372586273062e-12,16.633143691282932,0.8067565934499581,3.7076348438550844e-12,16.688468512790728,0.7666772826147739,1.0953133619113596e-10,4.206767053576276e-15
fiducial_soft_x,100,4790.0,53.49569880251361,0.9352790257349992,2.8058370772049974,1.7561955895681044e-10,1.168296916319493e-12,16.63513096098449,0.8052813026931572,3.7008548070271964e-12,16.690455782492286,0.7652752836504344,1.0933103963431227e-10,4.199074269159583e-15
fiducial_soft_x,100,4800.0,53.60738084594266,0.9330295243144835,2.7990885729434503,1.7519716474452365e-10,1.1654869681644175e-12,16.63774548235471,0.803344467391094,3.691953636449798e-12,16.693070303862505,0.7634346694697579,1.090680803224956e-10,4.188974798014165e-15
fiducial_soft_x,100,4810.0,53.7190628893717,0.9327263450116562,2.7981790350349685,1.7514023604839948e-10,1.1651082539680774e-12,16.63809833961104,0.8030834280464572,3.690753970308052e-12,16.693423161118822,0.7631865984443376,1.0903263965991079e-10,4.187613629449047e-15
fiducial_soft_x,100,4820.0,53.83074493280075,0.9325328607388255,2.7975985822164766,1.751039050479979e-10,1.164866564511686e-12,16.63832358753387,0.8029168368335802,3.689988362204495e-12,16.693648409041664,0.763028283409254,1.0901002198527105e-10,4.186744953033588e-15
fiducial_soft_x,100,4830.0,53.9424269762298,0.9328524282936824,2.7985572848810474,1.7516391100504025e-10,1.1652657499725184e-12,16.637951582812256,0.8031919865694264,3.691252875883322e-12,16.693276404320052,0.7632897638278876,1.0904737838057612e-10,4.18817969909325e-15
fiducial_soft_x,100,4840.0,54.054109019658846,0.9333280423621177,2.7999841270863532,1.752532181857146e-10,1.1658598597881154e-12,16.637398162140578,0.8036014933647999,3.693134858225517e-12,16.692722983648373,0.7636789265067405,1.0910297609969087e-10,4.190315039180929e-15
fiducial_soft_x,100,4850.0,54.16579106308789,0.9339955540553896,2.801986662166169,1.7537855843813692e-10,1.1666936771104314e-12,16.636621926415025,0.8041762252588446,3.695776170380305e-12,16.69194674792282,0.764225105974421,1.0918100601951733e-10,4.193311932191951e-15
fiducial_soft_x,100,4860.0,54.277473106516936,0.9345913578437299,2.80377407353119,1.754904339273268e-10,1.167437921030691e-12,16.635929546775905,0.8046892161820047,3.698133737751595e-12,16.691254368283715,0.7647126117353503,1.0925065352128411e-10,4.195986881900271e-15
fiducial_soft_x,100,4870.0,54.389155149945985,0.9353302947674487,2.805990884302346,1.7562918586452374e-10,1.1683609586543101e-12,16.63507144599746,0.8053254456623705,3.701057676160334e-12,16.690396267505257,0.765317233616456,1.0933703281545343e-10,4.1993044491048616e-15
fiducial_soft_x,100,4880.0,54.500837193375034,0.9358564195066755,2.8075692585200267,1.757279775535458e-10,1.1690181635028363e-12,16.634460889404373,0.8057784424726546,3.703139526834504e-12,16.68978571091217,0.765747725745509,1.0939853506572765e-10,4.20166656436038e-15
fiducial_soft_x,100,4890.0,54.612519236804076,0.9361775018127687,2.808532505438306,1.7578826793901722e-10,1.1694192411040353e-12,16.63408844883704,0.8060548964191325,3.704410034312229e-12,16.68941327034485,0.7660104455821668,1.0943606853046643e-10,4.203108111120972e-15
fiducial_soft_x,100,4900.0,54.724201280233125,0.9343580974213944,2.803074292264183,1.7544663406507663e-10,1.167146545489686e-12,16.636200564578196,0.8044883774466152,3.697210737308373e-12,16.691525386086006,0.7645217505795289,1.0922338614569056e-10,4.194939624546592e-15
fiducial_soft_x,100,4910.0,54.83588332366217,0.9333734494415741,2.800120348324722,1.752617443806235e-10,1.1659165797074636e-12,16.63734534157944,0.8036405891544947,3.693314531888301e-12,16.69267016308725,0.7637160800348903,1.0910828403782174e-10,4.1905189010165265e-15
fiducial_soft_x,100,4920.0,54.94756536709122,0.9321386839064519,2.7964160517193557,1.7502988953011748e-10,1.1643741814205705e-12,16.63878261965197,0.8025774480262496,3.688428623148268e-12,16.694107441159765,0.7627057552878025,1.0896394401100095e-10,4.184975237527546e-15
fiducial_soft_x,100,4930.0,55.059247410520264,0.9311897362133443,2.793569208640033,1.7485170337309803e-10,1.1631888103889314e-12,16.639888497654773,0.8017603979123624,3.6846736820718405e-12,16.695213319162583,0.7619292958622942,1.0885301514914127e-10,4.180714795743583e-15
fiducial_soft_x,100,4940.0,55.17092945394931,0.9297331355127142,2.7891994065381427,1.7457819400789036e-10,1.1613693083365705e-12,16.64158817523255,0.8005062552689033,3.6789099820887154e-12,16.69691299674036,0.7607374584708119,1.0868274332164379e-10,4.174175170290474e-15
fiducial_soft_x,100,4950.0,55.28261149737836,0.9275741737755038,2.7827225213265114,1.7417280064648615e-10,1.1586724571610053e-12,16.64411232830816,0.7986473752209524,3.670367072749906e-12,16.69943714981597,0.7589709267616934,1.084303678007938e-10,4.164482190517195e-15
fiducial_soft_x,100,4960.0,55.39429354080741,0.9245770867600878,2.7737312602802633,1.7361003051552027e-10,1.1549286679583125e-12,16.647626132813222,0.7960668638765841,3.658507741381532e-12,16.702950954321004,0.7565186140798762,1.0808001819361384e-10,4.151026322671794e-15
fiducial_soft_x,100,4970.0,55.50597558423646,0.9210877211998395,2.7632631635995186,1.729548240756578e-10,1.1505699526318934e-12,16.651731466585424,0.7930624975146622,3.6447004871271446e-12,16.70705628809322,0.7536635033103597,1.0767212284487948e-10,4.1353602970937956e-15
fiducial_soft_x,100,4980.0,55.6176576276655,0.9169014482377796,2.750704344713339,1.721687576815226e-10,1.1453407005500317e-12,16.6566773020159,0.7894580893631296,3.6281356032915506e-12,16.71200212352371,0.7502381605620168,1.0718276131474643e-10,4.116565402099919e-15
fiducial_soft_x,100,4990.0,55.72933967109455,0.911275996450606,2.733827989351818,1.711124532690294e-10,1.1383137088234784e-12,16.663359121626222,0.7846145389158684,3.6058759570090948e-12,16.718683943134018,0.7456352355592798,1.0652516451701963e-10,4.091309099753831e-15
fiducial_soft_x,100,5000.0,55.8410217145236,0.9053080188501941,2.715924056550582,1.6999183197291423e-10,1.1308588534964854e-12,16.670493030773507,0.7794760715235022,3.5822609523067723e-12,16.725817852281303,0.7407520449548658,1.0582752757915012e-10,4.064514976833008e-15
fiducial_soft_x,100,5010.0,55.95270375795265,0.9003061817684989,2.7009185453054965,1.6905262517142435e-10,1.124610845492794e-12,16.676508368379253,0.7751694573792994,3.562468919877507e-12,16.731833189887062,0.7366593814970709,1.0524282928786379e-10,4.042058485443426e-15
fiducial_soft_x,100,5020.0,56.06438580138169,0.8967059741136099,2.6901179223408294,1.6837660564879295e-10,1.1201136725790625e-12,16.680858790843082,0.7720696552555252,3.5482230687044614e-12,16.736183612350878,0.7337135761721515,1.0482197686310307e-10,4.025894817798473e-15
fiducial_soft_x,100,5030.0,56.17606784481074,0.8940049345350878,2.6820148036052633,1.678694250465848e-10,1.116739688854832e-12,16.684134158933794,0.7697440426730036,3.5375351830221235e-12,16.73945898044159,0.731503498994402,1.0450623422685485e-10,4.013768098945519e-15
fiducial_soft_x,100,5040.0,56.28774988823979,0.8900038471792273,2.670011541537682,1.6711813139255288e-10,1.1117417600109736e-12,16.68900423886698,0.766299080528595,3.521703069859279e-12,16.74432906037479,0.7282296810460525,1.0403852028454748e-10,3.9958046222691875e-15
fiducial_soft_x,100,5050.0,56.399431931668836,0.8861978798636143,2.658593639590843,1.664034758908466e-10,1.106987563930345e-12,16.69365718202102,0.7630221180034107,3.5066430374541834e-12,16.74898200352883,0.7251155165701291,1.0359361523270673e-10,3.978717166029383e-15
fiducial_soft_x,100,5060.0,56.51111397509788,0.8821116706999699,2.6463350120999096,1.6563619871325721e-10,1.101883305806337e-12,16.698675028726136,0.7595038654308265,3.4904741013295786e-12,16.753999850233946,0.7217720492296684,1.0311595083124813e-10,3.960371522338743e-15
fiducial_soft_x,100,5070.0,56.62279601852693,0.8771221929149083,2.631366578744725,1.6469931264618357e-10,1.0956507363271368e-12,16.70483369962414,0.7552078927211258,3.470730974051717e-12,16.76015852113195,0.717689498544615,1.025326973010576e-10,3.937970519849319e-15
fiducial_soft_x,100,5080.0,56.734478061955976,0.8723933070102948,2.6171799210308846,1.638113585340162e-10,1.0897436832788285e-12,16.710703136206952,0.7511362913093846,3.4520189965023236e-12,16.766027957714748,0.7138201724906497,1.019799061039524e-10,3.916739483359167e-15
fiducial_soft_x,100,5090.0,56.846160105385025,0.8662771996193512,2.5988315988580535,1.6266292255611547e-10,1.0821037927134403e-12,16.71834173891117,0.7458702832073427,3.427817849234768e-12,16.77366656041898,0.7088157773426214,1.0126495328113948e-10,3.889280309715724e-15
fiducial_soft_x,100,5100.0,56.957842148814066,0.8597808246052977,2.579342473815893,1.614430828255179e-10,1.0739888936433908e-12,16.726514561329004,0.7402768622172919,3.4021120009932576e-12,16.781839382836814,0.7035002350340867,1.0050554842483716e-10,3.8601138680296326e-15
fiducial_soft_x,100,5110.0,57.069524192243115,0.8530261341041089,2.5590784023123265,1.6017473858378074e-10,1.0655513216824138e-12,16.73507810669681,0.7344610299186775,3.375384010603801e-12,16.790402928204607,0.6979733307124529,9.971594733833505e-11,3.829787680550566e-15
fiducial_soft_x,100,5120.0,57.181206235672164,0.8456480106641995,2.5369440319925984,1.587893308618151e-10,1.0563349930511837e-12,16.74450986986667,0.728108417819361,3.3461891256036054e-12,16.799834691374464,0.6919363135732658,9.885346899332817e-11,3.796662498183882e-15
fiducial_soft_x,100,5130.0,57.29288827910121,0.8381256630922497,2.514376989276749,1.5737684183281385e-10,1.0469385079061373e-12,16.75421110177046,0.7216316278076422,3.316423552543842e-12,16.809535923278254,0.6857812876254562,9.797413132199998e-11,3.762889800129174e-15
fiducial_soft_x,100,5140.0,57.40457032253026,0.8303977535671216,2.491193260701365,1.559257539487521e-10,1.0372852465591203e-12,16.76426853467411,0.7149778476219917,3.2858445805714228e-12,16.819593356181905,0.6794580642972952,9.707076413495312e-11,3.7281942011170424e-15
fiducial_soft_x,100,5150.0,57.5162523659593,0.8235654237928792,2.4706962713786376,1.5464283119673486e-10,1.0287506920712204e-12,16.77323868599961,0.7090951674060985,3.2588093752557373e-12,16.82856350750742,0.6738676330333546,9.627208727298097e-11,3.697519440576049e-15
fiducial_soft_x,100,5160.0,57.62793440938835,0.8169478618506841,2.4508435855520525,1.5340023590946822e-10,1.020484413241174e-12,16.78199809760789,0.7033974036855065,3.2326239960793722e-12,16.837322919115685,0.6684529316949944,9.549851606366613e-11,3.6678089121546475e-15
fiducial_soft_x,100,5170.0,57.7396164528174,0.8099361826593106,2.429808547977932,1.520836362923989e-10,1.0117258257479223e-12,16.791356946650374,0.6973603024591014,3.2048791136146605e-12,16.846681768158184,0.6627157509880632,9.467887384516058e-11,3.636328935734819e-15
fiducial_soft_x,100,5180.0,57.85129849624645,0.8031550597370671,2.4094651792112014,1.508103287723244e-10,1.003255235922587e-12,16.800485449542983,0.6915217116746505,3.1780465313870143e-12,16.85581027105078,0.6571672188121063,9.388618289563958e-11,3.605884075970724e-15
fiducial_soft_x,100,5190.0,57.96298053967549,0.7962441465326855,2.3887324395980567,1.495126502234138e-10,9.946225195208846e-13,16.80986831698815,0.6855713706161088,3.1507003751602304e-12,16.865193138495947,0.6515124880662623,9.30783198893418e-11,3.574856503434166e-15
fiducial_soft_x,100,5200.0,58.07466258310454,0.7894605866738534,2.36838176002156,1.4823888511398135e-10,9.861488856141322e-13,16.819157816239333,0.6797306816134611,3.123858150089924e-12,16.87448263774713,0.6459619619106609,9.228534406995477e-11,3.5444007026808657e-15
fiducial_soft_x,100,5210.0,58.18634462653359,0.783479588419618,2.350438765258854,1.4711581889884323e-10,9.786777656331788e-13,16.827414732484577,0.6745810033537664,3.1001916232771226e-12,16.882739553992387,0.6410681173898498,9.158618506051084e-11,3.5175481215984326e-15
fiducial_soft_x,100,5220.0,58.29802666996264,0.7776357184005426,2.3329071552016276,1.4601850157736856e-10,9.71377938378641e-13,16.835543447724483,0.6695493933932708,3.0770677063960168e-12,16.89086826923228,0.636286475587341,9.090305589039906e-11,3.4913111981197635e-15
fiducial_soft_x,100,5229.38,58.402784426699085,0.7713374312882822,2.3140122938648466,1.4483585728149196e-10,9.635104793542435e-13,16.84437293070645,0.6641265273704702,3.0521456825998257e-12,16.899697752214244,0.6311330151506984,9.016680685780937e-11,3.463034101525955e-15
fiducial_soft_x,100,5240.0,58.52139075682073,0.7635897953015263,2.2907693859045786,1.4338106531298533e-10,9.538325768427662e-13,16.855333659249702,0.6574557625735112,3.021488653953054e-12,16.910658480757498,0.6247936509992084,8.926113371232794e-11,3.42824993763087e-15
fiducial_soft_x,100,5250.0,58.63307280024978,0.7564619938533338,2.2693859815600015,1.420426611445827e-10,9.44928936086451e-13,16.865516166017947,0.6513186793313975,2.9932842812180318e-12,16.920840987525757,0.6189614553388996,8.842791718421706e-11,3.396248613070788e-15
fiducial_soft_x,100,5260.0,58.74475484367883,0.749025749930059,2.247077249790177,1.4064634000172964e-10,9.356400066808822e-13,16.876242078534368,0.644916025119225,2.9638594162179304e-12,16.931566900042164,0.6128768821568956,8.755864474600851e-11,3.3628624901510755e-15
fiducial_soft_x,100,5270.0,58.85643688710787,0.7415943261332532,2.2247829783997597,1.3925092394544576e-10,9.263570983008418e-13,16.88706795274225,0.6385175210671815,2.934453624229971e-12,16.942392774250045,0.6067962529569007,8.668993576471875e-11,3.3294980079059353e-15
fiducial_soft_x,100,5280.0,58.96811893053692,0.7338801792565318,2.2016405377695953,1.3780242030648816e-10,9.167210284648624e-13,16.89842105282954,0.6318755906110048,2.9039291104054547e-12,16.95374587433735,0.6004842906688928,8.578817738597082e-11,3.2948641983504367e-15
fiducial_soft_x,100,5290.0,59.079800973965966,0.726228714690255,2.178686144070765,1.3636568667349857e-10,9.071632577759665e-13,16.909800407039306,0.6252876300303645,2.8736526275145324e-12,16.9651252285471,0.5942236170568685,8.489374636299482e-11,3.2605118103490156e-15
fiducial_soft_x,100,5300.0,59.191483017395015,0.7183064236919525,2.1549192710758573,1.3487809931960062e-10,8.972671862413473e-13,16.921709573071475,0.6184664861365261,2.8423044972592912e-12,16.97703439457927,0.5877413445755385,8.396765662154116e-11,3.2249435068070607e-15
fiducial_soft_x,100,5310.0,59.303165060824064,0.7100663671971983,2.130199101591595,1.3333084438543728e-10,8.869741802738987e-13,16.93423659258638,0.6113717440908074,2.8096989839849803e-12,16.989561414094176,0.5809990661775352,8.30044211394785e-11,3.187948547814633e-15
fiducial_soft_x,100,5320.0,59.414847104253106,0.7013797354356638,2.1041392063069915,1.316997349551985e-10,8.761233380963697e-13,16.947600913991543,0.6038924978461405,2.7753263935312537e-12,17.002925735499353,0.5738913855791694,8.198898247863325e-11,3.1489486227528487e-15
fiducial_soft_x,100,5330.0,59.526529147682155,0.6928268273877556,2.0784804821632665,1.3009373514354722e-10,8.654395359122217e-13,16.960922208933432,0.596528388585568,2.741482941478763e-12,17.016247030441228,0.5668931220104388,8.098917567975883e-11,3.110549070189125e-15
fiducial_soft_x,100,5340.0,59.6382111911112,0.6849534688623763,2.054860406587129,1.2861533595604345e-10,8.55604588016272e-13,16.973331275140275,0.5897493758680477,2.71032843470128e-12,17.028656096648085,0.5604508876472164,8.00688059833285e-11,3.075200456260991e-15
fiducial_soft_x,100,5350.0,59.74989323454025,0.6767007301039291,2.030102190311787,1.270656996431738e-10,8.452957400924051e-13,16.986492336123455,0.5826437143110955,2.6776727383102087e-12,17.04181715763125,0.5536982322144696,7.910408798638382e-11,3.0381485583597635e-15
fiducial_soft_x,100,5360.0,59.861575277969294,0.6681128683604163,2.004338605081249,1.2545313649327046e-10,8.345682757564661e-13,17.000359357063836,0.575249509692073,2.64369097613973e-12,17.055684178571646,0.5466713684113893,7.810019521554346e-11,2.999592075981743e-15
fiducial_soft_x,100,5370.0,59.97325732139834,0.6597406238647004,1.9792218715941012,1.2388106030492577e-10,8.241101481198167e-13,17.014050881733077,0.568040952920817,2.61056240120646e-12,17.069375703240873,0.5398209295530874,7.712150739126564e-11,2.9620036393016342e-15
fiducial_soft_x,100,5380.0,60.08493936482739,0.6517720859757062,1.9553162579271186,1.2238478906277317e-10,8.141563076218212e-13,17.027244557226048,0.5611799901543676,2.5790312741951526e-12,17.082569378733844,0.5333008163831305,7.619001154051191e-11,2.926227703466654e-15
fiducial_soft_x,100,5390.0,60.19662140825644,0.644246168568982,1.932738505706946,1.20971629717437e-10,8.047553632439211e-13,17.039854337715603,0.5547001264917718,2.5492515754682646e-12,17.0951791592234,0.5271428694820603,7.53102565672487e-11,2.8924389781078638e-15
fiducial_soft_x,100,5400.0,60.30830345168548,0.6370324236584304,1.9110972709752911,1.1961708774145032e-10,7.957443668436867e-13,17.05208010473634,0.5484890453715683,2.520707128523245e-12,17.107404926244136,0.5212403521255251,7.446699353127125e-11,2.8600517975930722e-15
fiducial_soft_x,100,5410.0,60.41998549511453,0.6297248453302494,1.8891745359907484,1.1824492644228193e-10,7.866161591199353e-13,17.064606877729013,0.5421971730706522,2.491791387188916e-12,17.11993169923681,0.5152610572584114,7.361276167762593e-11,2.827243337996089e-15
fiducial_soft_x,100,5420.0,60.53166753854358,0.622546316050373,1.867638948151119,1.1689699698871622e-10,7.776491520657591e-13,17.07705477998787,0.5360164128366921,2.463386286826553e-12,17.132379601495664,0.5093873544598982,7.277361523296204e-11,2.795014263292046e-15
fiducial_soft_x,100,5430.0,60.64334958197263,0.6151949088541175,1.8455847265623526,1.155166058391299e-10,7.684661958337996e-13,17.089952116918575,0.5296868035963094,2.4342971167371287e-12,17.145276938426385,0.5033721974077842,7.191425992890168e-11,2.762009027474155e-15
fiducial_soft_x,100,5440.0,60.75503162540167,0.6078960381652153,1.823688114495646,1.1414607959402304e-10,7.593488651936113e-13,17.10291066632559,0.5234024286292464,2.4054158311190044e-12,17.158235487833387,0.4974000274102929,7.106104596962683e-11,2.7292396621186057e-15
fiducial_soft_x,100,5450.0,60.86671366883072,0.6011677111483477,1.803503133445043,1.1288268568620939e-10,7.509442249851793e-13,17.114994832532197,0.5176092954614938,2.3787921597883475e-12,17.170319654040007,0.49189469453673695,7.027452668766637e-11,2.69903183742285e-15
fiducial_soft_x,100,5460.0,60.97839571225977,0.5944547658851183,1.7833642976553548,1.1162218004672591e-10,7.425587987811763e-13,17.12718691563729,0.5118294060833126,2.3522293533283074e-12,17.182511737145084,0.4864019475071425,6.948980548207711e-11,2.6688930713974364e-15
fiducial_soft_x,100,5470.0,61.09007775568882,0.587829470328138,1.7634884109844142,1.10378132600285e-10,7.342828595630993e-13,17.13935556058926,0.5061249836702693,2.326013372604526e-12,17.194680382097054,0.4809809182772275,6.87153302386491e-11,2.6391478217624094e-15
fiducial_soft_x,100,5480.0,61.201759799117866,0.5813968163634446,1.744190449090334,1.091702579221231e-10,7.262475571732101e-13,17.1513023254686,0.5005864269166932,2.300559665537301e-12,17.206627146976395,0.47571751457415895,6.796337416327894e-11,2.610267465203227e-15
fiducial_soft_x,100,5490.0,61.31344184254691,0.5757034542090045,1.7271103626270135,1.0810120181904367e-10,7.191357357108444e-13,17.161986860699507,0.495684405203089,2.2780313011480234e-12,17.217311682207303,0.4710590231317363,6.729783886714587e-11,2.5847062691645052e-15
fiducial_soft_x,100,5500.0,61.42512388597596,0.5702334453359053,1.7107003360077158,1.0707408529087328e-10,7.123029143571741e-13,17.17235223384359,0.4909746921122701,2.2563867351142863e-12,17.227677055351386,0.46658328650475306,6.665841283443347e-11,2.5601478508967e-15
fiducial_soft_x,100,5510.0,61.536805929405006,0.5658244200404522,1.6974732601213565,1.0624619216324924e-10,7.067954128363263e-13,17.18077973137043,0.4871784927580299,2.2389404308457185e-12,17.236104552878224,0.46297568065584793,6.614301228971683e-11,2.5403528761770844e-15
fiducial_soft_x,100,5520.0,61.648487972834054,0.5609580468856104,1.682874140656831,1.0533242174430826e-10,7.0071661860057e-13,17.190157992970704,0.4829885139327885,2.219684422759007e-12,17.245482814478514,0.4589938581259416,6.557414928559968e-11,2.5185045702316294e-15
fiducial_soft_x,100,5530.0,61.760170016263096,0.5560401027672406,1.6681203083017218,1.0440896772333993e-10,6.945734048750108e-13,17.19971866142253,0.47875413217371865,2.200224350812182e-12,17.25504348293034,0.45496983858032564,6.499925780559214e-11,2.4964247287764207e-15
fiducial_soft_x,100,5540.0,61.871852059692145,0.5506677060498208,1.6520031181494625,1.0340018006094921e-10,6.878625150277013e-13,17.21025992876546,0.4741284637815633,2.1789660314552445e-12,17.265584750273256,0.45057397134853866,6.437124231258791e-11,2.4723045547972102e-15
fiducial_soft_x,100,5550.0,61.983534103121194,0.5451782435690365,1.6355347307071098,1.0236941068276533e-10,6.810053933430662e-13,17.22113765846118,0.46940200100844887,2.1572444884172827e-12,17.27646247996899,0.44608231715607005,6.372954221716875e-11,2.447658796664803e-15
fiducial_soft_x,100,5560.0,62.09521614655024,0.5402843223011151,1.6208529669033453,1.014504674893517e-10,6.748921875844641e-13,17.230928034794367,0.4651883030793069,2.1378794737518825e-12,17.286252856302163,0.442077953876857,6.315745892930731e-11,2.425686809369063e-15
fiducial_soft_x,100,5570.0,62.206898189979285,0.5346509003420117,1.603952701026035,1.0039266649878862e-10,6.678552399762625e-13,17.24230819249231,0.4603378902623596,2.1155882898765926e-12,17.29763301400012,0.43746850742392535,6.249893044471575e-11,2.4003947237508698e-15
fiducial_soft_x,100,5580.0,62.31858023340833,0.5286021241815494,1.5858063725446483,9.92568734655876e-11,6.602994557222305e-13,17.254661688735574,0.4551298547861353,2.09165356909903e-12,17.309986510243384,0.43251920484729806,6.179184842112512e-11,2.37323784367934e-15
fiducial_soft_x,100,5590.0,62.43026227683738,0.5226811795404865,1.5680435386214597,9.81450836597016e-11,6.529033512704963e-13,17.26689179248539,0.4500318830765888,2.0682246715892206e-12,17.322216613993184,0.4276744981180874,6.109970948139437e-11,2.3466548822236745e-15
fiducial_soft_x,100,5600.0,62.54194432026643,0.5168563868206653,1.5505691604619958,9.705134852791463e-11,6.456273542840146e-13,17.279059230647725,0.44501669879439115,2.0451762426777017e-12,17.33438405215552,0.4229084659734414,6.041881038477241e-11,2.3205036091169474e-15
fiducial_soft_x,100,5610.0,62.65362636369548,0.5111447022521,1.5334341067563,9.597885198171702e-11,6.384926455128001e-13,17.29112428895605,0.4400989013634779,2.022575377363539e-12,17.346449110463844,0.41823498254436986,5.97511332587364e-11,2.2948601518753286e-15
fiducial_soft_x,100,5620.0,62.76530840712452,0.5054350676466681,1.5163052029400044,9.49067403619547e-11,6.313604974379569e-13,17.303320522594497,0.4351828689641083,1.999982623656403e-12,17.358645344102293,0.41356317646085555,5.908369576664324e-11,2.2692258982480424e-15
fiducial_soft_x,100,5630.0,62.87699045055357,0.5004039919395291,1.5012119758185873,9.39620433544796e-11,6.25075966220333e-13,17.31418203477572,0.4308510801739032,1.9800748953710917e-12,17.36950685628353,0.40944658902234016,5.849557957628156e-11,2.2466381357015242e-15
fiducial_soft_x,100,5640.0,62.98867249398262,0.49476332897482433,1.484289986924473,9.290288270313601e-11,6.180299735632397e-13,17.326490191317212,0.4259944328042042,1.9577550591795943e-12,17.381815012825022,0.40483121774648084,5.783620464196899e-11,2.2213135405118906e-15
fiducial_soft_x,100,5650.0,63.10035453741167,0.48905268776450717,1.4671580632935215,9.183058207078906e-11,6.108965680953073e-13,17.339094823577135,0.42107753371150464,1.935158322384603e-12,17.39441964508493,0.40015858802657783,5.716864948107798e-11,2.1956747675822825e-15
fiducial_soft_x,100,5660.0,63.21203658084071,0.4833897414792259,1.4501692244376778,9.076723722753693e-11,6.038227403922027e-13,17.35174037487537,0.4162017002583713,1.9127503121489948e-12,17.407065196383165,0.3955249838234257,5.6506669699935655e-11,2.1702501281112217e-15
fiducial_soft_x,100,5670.0,63.32371862426976,0.47857403772799234,1.435722113183977,8.986298112258078e-11,5.978072394693064e-13,17.36261111181161,0.4120553481180246,1.893694800492496e-12,17.41793593331942,0.391584620623999,5.59437297823218e-11,2.1486293099881924e-15
fiducial_soft_x,100,5680.0,63.43540066769881,0.47319721011961285,1.4195916303588385,8.885336146129485e-11,5.910908148071424e-13,17.374878510136732,0.40742586470003633,1.872418948309892e-12,17.43020333164454,0.3871851278951757,5.531519633274868e-11,2.124489242865111e-15
fiducial_soft_x,100,5690.0,63.54708271112786,0.4679301528021117,1.403790458406335,8.786435362764554e-11,5.845115088965036e-13,17.387031370107728,0.4028908942139146,1.851577451969221e-12,17.442356191615538,0.38287545273755497,5.469949466886995e-11,2.100842005786607e-15
fiducial_soft_x,100,5700.0,63.6587647545569,0.46267233083968173,1.388016992519045,8.687707993850263e-11,5.779437392617291e-13,17.39930012826546,0.39836387542836343,1.8307724994911516e-12,17.454624949773255,0.37857333424353656,5.4084872587600844e-11,2.0772362322080624e-15
fiducial_soft_x,100,5710.0,63.77044679798595,0.4572478969271251,1.3717436907813751,8.585852112867054e-11,5.711678475348314e-13,17.41210465712087,0.39369340267394265,1.8093082714177052e-12,17.467429478628667,0.3741348885103902,5.345077411776573e-11,2.052882429502957e-15
fiducial_soft_x,100,5720.0,63.882128841414996,0.4519256767400844,1.3557770302202532,8.48591552322905e-11,5.645196353314127e-13,17.42481640616898,0.3891109365996374,1.788248498214957e-12,17.480141227676775,0.36978007732440554,5.2828624096006615e-11,2.0289875305185166e-15
fiducial_soft_x,100,5730.0,63.993810884844045,0.44654884788685095,1.339646543660553,8.384953533725539e-11,5.578032091142485e-13,17.437811515733422,0.3844814521098219,1.7669726411065248e-12,17.493136337241218,0.36538058357700276,5.2200090500914166e-11,2.0048474578064783e-15
fiducial_soft_x,100,5740.0,64.1054929282731,0.44112685795738055,1.3233805738721416,8.283143543991879e-11,5.510303702708481e-13,17.451075197371118,0.37981308364067773,1.7455180837583956e-12,17.506400018878914,0.36094413758917093,5.156627772465744e-11,1.980504627726877e-15
fiducial_soft_x,100,5746.75,64.18087830758769,0.4374318569940696,1.3122955709822088,8.213761635313698e-11,5.464147869930758e-13,17.46020792785,0.37663166386399755,1.730897139953639e-12,17.51553274935781,0.35792076934025274,5.113434427415471e-11,1.9639153714272768e-15
fiducial_soft_x,100,5760.0,64.32885701513118,0.4305324609655654,1.2915973828966962,8.08421004116327e-11,5.377964571869156e-13,17.477469194662568,0.3706912391685291,1.7035965566463118e-12,17.532794016170364,0.3522754623169493,5.032782758780817e-11,1.932939506964512e-15
fiducial_soft_x,100,5770.0,64.44053905856023,0.42631118910882665,1.27893356732648,8.004946219210813e-11,5.325234864931715e-13,17.488167120157577,0.3670566967418504,1.6868931838421333e-12,17.543491941665387,0.34882148235092497,4.9834374802086146e-11,1.9139874792283724e-15
fiducial_soft_x,100,5780.0,64.55222110198928,0.4224058037786817,1.267217411336045,7.931613873422618e-11,5.276451031308779e-13,17.498159257017768,0.3636941346618268,1.6714397590622905e-12,17.553484078525564,0.3456259708681969,4.937784811158135e-11,1.8964536710281106e-15
fiducial_soft_x,100,5790.0,64.66390314541833,0.41860436407001794,1.2558130922100539,7.860233339200568e-11,5.22896562677171e-13,17.507974569576398,0.36042107043556937,1.656397642183452e-12,17.563299391084193,0.34251551102543343,4.893347232209036e-11,1.8793865421529957e-15
fiducial_soft_x,100,5800.0,64.77558518884737,0.41503962430272234,1.245118872908167,7.793297375867456e-11,5.184436942143717e-13,17.517260045558935,0.35735180639288,1.6422921357617404e-12,17.57258486706673,0.33959872666323376,4.851676597664662e-11,1.8633821128637386e-15
fiducial_soft_x,100,5810.0,64.88726723227641,0.412020567826494,1.236061703479482,7.736607836999175e-11,5.146724620212835e-13,17.525186707998095,0.3547523792003683,1.6303458722774762e-12,17.58051152950589,0.337128437864245,4.8163848211810236e-11,1.849827609856994e-15
fiducial_soft_x,100,5820.0,64.99894927570547,0.4087934196395059,1.2263802589185175,7.676010910767269e-11,5.106412935981476e-13,17.533724207924443,0.3519737836962519,1.6175761997496245e-12,17.58904902943224,0.33448788175614824,4.778660521092061e-11,1.8353388481699695e-15
fiducial_soft_x,100,5830.0,65.11063131913451,0.4057446404319685,1.2172339212959056,7.618763261129918e-11,5.068329334738459e-13,17.54185196913415,0.3493487650394504,1.6055123248253343e-12,17.59717679064196,0.3319932728654996,4.743021295662667e-11,1.8216509005410167e-15
fiducial_soft_x,100,5840.0,65.22231336256357,0.402921579740011,1.2087647392200331,7.565753981547254e-11,5.033065279731936e-13,17.549432628686198,0.34691809148744296,1.5943416073764424e-12,17.604757450193993,0.32968335410077343,4.710020645385076e-11,1.808976349753824e-15
fiducial_soft_x,100,5850.0,65.33399540599261,0.40064486363994145,1.2019345909198242,7.523003543831635e-11,5.004625848013087e-13,17.555585000360075,0.3449578241699056,1.5853327496010237e-12,17.61090982186787,0.3278204719967905,4.6834065835571444e-11,1.798754694257518e-15
fiducial_soft_x,100,5860.0,65.44567744942165,0.3985030217098774,1.1955090651296323,7.48278567036682e-11,4.977871187069299e-13,17.561404901630276,0.34311368438686124,1.576857582528245e-12,17.616729723138086,0.32606794826273583,4.658369156382699e-11,1.78913857640427e-15
fiducial_soft_x,100,5870.0,65.55735949285071,0.3962814195036064,1.1888442585108192,7.441070119295184e-11,4.950120206501385e-13,17.567474673772118,0.34120087048907716,1.568066807820217e-12,17.622799495279928,0.32425016211359553,4.6323993578325166e-11,1.7791643629300293e-15
fiducial_soft_x,100,5880.0,65.66904153627975,0.3938110784146974,1.1814332352440924,7.394683939281563e-11,4.919262122474946e-13,17.57426412565423,0.33907389080126726,1.55829178513466e-12,17.629588947162027,0.3222288498361793,4.603521883616785e-11,1.7680733992528171e-15
fiducial_soft_x,100,5890.0,65.78072357970879,0.39168500898244696,1.1750550269473408,7.354762229745741e-11,4.892704482527578e-13,17.580141573627493,0.33724333124106176,1.5498790290886933e-12,17.63546639513529,0.32048923166549764,4.578668831750256e-11,1.7585280943739933e-15
fiducial_soft_x,100,5900.0,65.89240562313785,0.38946403986311773,1.1683921195893532,7.31305856629763e-11,4.864961410118635e-13,17.586315537697082,0.3353310624352376,1.5410907594757088e-12,17.641640359204878,0.3186719635283897,4.552706433778042e-11,1.7485567232377226e-15
fiducial_soft_x,100,5910.0,66.00408766656689,0.3871158197804584,1.1613474593413753,7.268965481356902e-11,4.835628791660156e-13,17.592881650117683,0.3333092297252738,1.5317989638278402e-12,17.64820647162548,0.3167505745734535,4.525256513929198e-11,1.7380140399783932e-15
fiducial_soft_x,100,5920.0,66.11576970999594,0.38494743828711747,1.1548423148613525,7.228249268223459e-11,4.808542613713595e-13,17.59898036407322,0.33144223920624544,1.5232187809601731e-12,17.65430518558103,0.31497633531787433,4.4999088479955514e-11,1.7282787688091778e-15
fiducial_soft_x,100,5930.0,66.22745175342499,0.3827425641057265,1.1482276923171795,7.18684782323897e-11,4.781000590038176e-13,17.60521704372419,0.3295438282462972,1.5144941982543027e-12,17.660541865231984,0.31317223657498694,4.474134594550181e-11,1.7183796582902209e-15
fiducial_soft_x,100,5940.0,66.33913379685403,0.3802527791984232,1.1407583375952697,7.140096542039833e-11,4.749899624984295e-13,17.61230295646191,0.3274001073048345,1.5046422373002805e-12,17.66762777796972,0.3111350147419968,4.445029828497359e-11,1.7072013986988833e-15
fiducial_soft_x,100,5950.0,66.45081584028308,0.377994217810455,1.133982653431365,7.097686999655394e-11,4.72168697151644e-13,17.618771057573092,0.32545547131207697,1.495705216860782e-12,17.6740958790809,0.30928698740549054,4.4186279892782635e-11,1.697061251482301e-15
fiducial_soft_x,100,5960.0,66.56249788371213,0.3756343491148946,1.1269030473446837,7.053375185949892e-11,4.692208845266622e-13,17.625570702300244,0.3234236090709106,1.4863673282033786e-12,17.68089552380804,0.3073560671820271,4.391041900978749e-11,1.6864662700431139e-15
fiducial_soft_x,100,5970.0,66.67417992714118,0.3734499503775479,1.1203498511326437,7.012358213230211e-11,4.664922589094581e-13,17.631902933583184,0.3215428276009858,1.4777237658598092e-12,17.68722775509098,0.305568722103894,4.365506998734758e-11,1.6766590870750488e-15
fiducial_soft_x,100,5980.0,66.78586197057022,0.37102420987180723,1.1130726296154216,6.966809508935568e-11,4.634621629972558e-13,17.638978326529134,0.31945424930433963,1.4681252255694224e-12,17.694303148036944,0.30358390345350866,4.337150890655965e-11,1.6657683643484172e-15
fiducial_soft_x,100,5990.0,66.89754401399927,0.3682504031323828,1.1047512093971483,6.914725082491135e-11,4.59997282709163e-13,17.647125871383714,0.31706598372467754,1.457149403677879e-12,17.70245069289151,0.30131428585181336,4.3047260028715295e-11,1.6533149465055595e-15
fiducial_soft_x,100,6000.0,67.00922605742832,0.36547323061118114,1.0964196918335434,6.862577455964696e-11,4.565281980795175e-13,17.655345018250607,0.3146748201850917,1.4461602635472576e-12,17.710669839758417,0.29904191425956195,4.2722617702059665e-11,1.640846417484896e-15
fiducial_soft_x,100,6010.0,67.12090810085736,0.36274719250074605,1.088241577502238,6.811389992386344e-11,4.5312298762300384e-13,17.663473799052376,0.3123276837045776,1.4353734598581503e-12,17.71879862056017,0.2968113824815552,4.240395281971356e-11,1.6286074640054455e-15
fiducial_soft_x,100,6020.0,67.2325901442864,0.36024229644104894,1.0807268893231468,6.764354965497876e-11,4.4999401513274063e-13,17.670997192586675,0.3101709519629685,1.4254617047898183e-12,17.72632201409447,0.29476179621921694,4.2111138715208903e-11,1.6173613606482923e-15
fiducial_soft_x,100,6030.0,67.34427218771546,0.35774790087342107,1.0732437026202633,6.717517108837254e-11,4.4687815925491806e-13,17.678541213334704,0.30802326121308476,1.4155914996712675e-12,17.733866034842514,0.29272080179613275,4.181955208366475e-11,1.6061624008117874e-15
fiducial_soft_x,100,6040.0,67.4559542311445,0.35520544066501913,1.0656163219950574,6.669776731027124e-11,4.437022637845725e-13,17.686284925687893,0.3058341864959879,1.4055311050456687e-12,17.74160974719569,0.2906404793430277,4.1522346853819027e-11,1.5947476476229485e-15
fiducial_soft_x,100,6050.0,67.56763627457356,0.35236817560152306,1.0571045268045691,6.616500732594125e-11,4.4015811499768124e-13,17.694992254061212,0.3033912828880273,1.3943041815713631e-12,17.750317075569008,0.28831893810612025,4.119067990676398e-11,1.5820093241974346e-15
fiducial_soft_x,100,6060.0,67.6793183180026,0.3494173701206968,1.0482521103620903,6.561092758839683e-11,4.3647213803353536e-13,17.704122722034136,0.30085062024489095,1.3826279840433194e-12,17.75944754354193,0.28590449445967797,4.084574045864171e-11,1.568761244183991e-15
fiducial_soft_x,100,6070.0,67.79100036143164,0.3464182068758508,1.0392546206275524,6.50477675989109e-11,4.3272575532412013e-13,17.713482175305593,0.29826832125352737,1.370760437133428e-12,17.76880699681339,0.28345048294037783,4.0495148147075285e-11,1.5552960547978131e-15
fiducial_soft_x,100,6080.0,67.9026824048607,0.34332366826131455,1.0299710047839437,6.446669875025091e-11,4.2886023517311154e-13,17.723224588447415,0.2956039034507335,1.358515494402955e-12,17.77854940995521,0.28091843223588847,4.013340676872042e-11,1.5414026635063657e-15
fiducial_soft_x,100,6090.0,68.01436444828974,0.34041087208940957,1.0212326162682288,6.391975611071184e-11,4.252217372576585e-13,17.732475393274136,0.29309596706891644,1.3469896979100708e-12,17.787800214781946,0.2785350890245739,3.979291048370329e-11,1.5283252319375988e-15
fiducial_soft_x,100,6100.0,68.1260464917188,0.33768049719096027,1.013041491572881,6.340706714596618e-11,4.218111095342926e-13,17.74121900227849,0.2907450965858153,1.3361857337561952e-12,17.796543823786287,0.2763010087475777,3.9473738645112873e-11,1.5160668078034452e-15
fiducial_soft_x,100,6110.0,68.23772853514784,0.33536709407515236,1.0061012822254571,6.297267396092899e-11,4.189213390465193e-13,17.748682829334022,0.28875324150995896,1.3270317071971142e-12,17.804007650841832,0.2744081081511418,3.920330943544919e-11,1.505680440494343e-15
fiducial_soft_x,100,6120.0,68.34941057857688,0.33317226403326866,0.999516792099806,6.256054552296059e-11,4.161796832419716e-13,17.755811848657878,0.2868634786192225,1.3183468686755517e-12,17.811136670165688,0.27261222784521166,3.894674102784357e-11,1.4958264246333443e-15
fiducial_soft_x,100,6130.0,68.46109262200594,0.33155121326868375,0.9946536398060513,6.225615697955315e-11,4.14154759601699e-13,17.761107395013788,0.28546774340489883,1.3119324475782384e-12,17.816432216521584,0.2712858321391767,3.875724552915772e-11,1.4885484761631316e-15
fiducial_soft_x,100,6140.0,68.57277466543498,0.33032796769137623,0.9909839030741288,6.202646525882436e-11,4.126267513853843e-13,17.76512058521805,0.284414521034993,1.3070921227656556e-12,17.820445406725845,0.2702849333908994,3.861425214748747e-11,1.4830565332378653e-15
fiducial_soft_x,100,6150.0,68.68445670886402,0.3289882558161575,0.9869647674484725,6.177490438535111e-11,4.109532601496062e-13,17.769532961667913,0.2832610204277685,1.3017909463284546e-12,17.82485778317571,0.26918873818379296,3.845764423894062e-11,1.4770416975487003e-15
fiducial_soft_x,100,6160.0,68.79613875229307,0.3274186949708883,0.9822560849126649,6.148018422610726e-11,4.08992654763355e-13,17.774725265865975,0.28190961836768136,1.2955802684031463e-12,17.83005008737377,0.26790447318049504,3.827416774234353e-11,1.469994920728199e-15
fiducial_soft_x,100,6170.0,68.90782079572212,0.3258634137948255,0.9775902413844764,6.118814539418825e-11,4.070498867208705e-13,17.779894941413666,0.28057051119532733,1.2894260944525567e-12,17.835219762921476,0.26663189226034417,3.809236049207508e-11,1.4630122546060954e-15
fiducial_soft_x,100,6180.0,69.01950283915117,0.3244324081998508,0.9732972245995524,6.091944208262123e-11,4.052623566064953e-13,17.784673373133522,0.2793384061037192,1.2837636730902442e-12,17.839998194641318,0.26546099760488134,3.7925080648182355e-11,1.456587542186014e-15
fiducial_soft_x,100,6190.0,69.13118488258021,0.3230877894556193,0.9692633683668579,6.066695983472582e-11,4.0358273599137826e-13,17.789182586455148,0.27818068065047336,1.2784430804047647e-12,17.84450740796293,0.2643607874402358,3.776789914279889e-11,1.450550676378727e-15
fiducial_soft_x,100,6200.0,69.24286692600926,0.3216640200304285,0.9649920600912855,6.039961527590637e-11,4.0180424488526883e-13,17.793977735540714,0.2769548059479467,1.2728092922235584e-12,17.849302557048524,0.26319581365087974,3.7601465183336004e-11,1.4441584518189636e-15
fiducial_soft_x,100,6210.0,69.35454896943831,0.3201683275304627,0.9605049825913881,6.01187655509031e-11,3.999359115992753e-13,17.799038030317597,0.27566700501190583,1.2668909078419747e-12,17.854362851825407,0.2619719900959084,3.742662365316698e-11,1.4374433179194882e-15
fiducial_soft_x,100,6220.0,69.46623101286735,0.31865451083829976,0.9559635325148993,5.983451260338278e-11,3.980449386118965e-13,17.804183772040908,0.27436359902892066,1.2609008068902867e-12,17.859508593548703,0.2607333367458246,3.724966346458595e-11,1.4306468127639383e-15
fiducial_soft_x,100,6230.0,69.5779130562964,0.3170746599650553,0.9512239798951658,5.953786026120212e-11,3.9607147951287976e-13,17.80958011029646,0.2730033371880572,1.2546494118116486e-12,17.864904931804254,0.2594406521117418,3.706498409758821e-11,1.4235538373326364e-15
fiducial_soft_x,100,6240.0,69.68959509972545,0.31540371299636716,0.9462111389891015,5.922410258931312e-11,3.9398422839622226e-13,17.815316944688142,0.2715646410186238,1.2480375537979428e-12,17.870641766195952,0.2580734297318507,3.686965589687623e-11,1.4160518724341566e-15
fiducial_soft_x,100,6250.0,69.8012771431545,0.3138600531323401,0.9415801593970203,5.893424591869367e-11,3.920559770301963e-13,17.82064383892358,0.2702355398712502,1.2419293648286566e-12,17.875968660431376,0.2568103577417836,3.668920713973319e-11,1.4091213819206156e-15
fiducial_soft_x,100,6260.0,69.91295918658355,0.3123412988721309,0.9370238966163927,5.864906583232093e-11,3.9015883631600663e-13,17.82591041880051,0.2689278826101768,1.2359197261540683e-12,17.881235240308307,0.2555676643152273,3.651166976569957e-11,1.402302708819068e-15
fiducial_soft_x,100,6260.25,69.91575123766927,0.312303819715634,0.9369114591469019,5.864202828229259e-11,3.9011201950331566e-13,17.82604070870743,0.26889561281353086,1.2357714229069426e-12,17.88136553021524,0.2555369976678098,3.6507288575667846e-11,1.4021344405725384e-15
fiducial_soft_x,100,6280.0,70.13632327344163,0.30915818925905514,0.9274745677771654,5.805136579738189e-11,3.861826783535837e-13,17.837032061330696,0.2661872046036125,1.22332431217738e-12,17.89235688283849,0.25296314198017045,3.6139574729147177e-11,1.3880116648584945e-15
fiducial_soft_x,100,6290.0,70.24800531687069,0.3077580620800536,0.9232741862401608,5.7788460599153534e-11,3.844337197854205e-13,17.841960352249565,0.26498168602828,1.2177840752445726e-12,17.89728517375736,0.2518175130346106,3.5975904470445295e-11,1.3817255856787804e-15
fiducial_soft_x,100,6300.0,70.35968736029973,0.3065983540046931,0.9197950620140793,5.75706994657277e-11,3.82985078972365e-13,17.846059401293353,0.26398316985933656,1.213195165317855e-12,17.90138422280115,0.25086860270742156,3.5840338413618744e-11,1.376518903817016e-15
fiducial_soft_x,100,6310.0,70.47136940372879,0.30548398633579216,0.9164519590073765,5.736145200786419e-11,3.8159307479457436e-13,17.850012825793975,0.26302369207420556,1.208785665232031e-12,17.90533764730177,0.24995679135439902,3.571007250106922e-11,1.3715157844525164e-15
fiducial_soft_x,100,6320.0,70.58305144715783,0.304545370040816,0.9136361101224479,5.7185205801953765e-11,3.804206091529268e-13,17.853353945323327,0.26221553736106695,1.2050716050086803e-12,17.908678766831123,0.2491887854100635,3.5600351345645246e-11,1.3673017270168212e-15
fiducial_soft_x,100,6330.0,70.69473349058687,0.3037140320562897,0.9111420961688692,5.7029103498609786e-11,3.7938214942378017e-13,17.856321805111797,0.26149974996849557,1.2017820399787359e-12,17.911646626619593,0.24850855801865193,3.5503170671605945e-11,1.3635693115089936e-15
fiducial_soft_x,100,6340.0,70.80641553401593,0.3027293063938239,0.9081879191814717,5.6844199227502245e-11,3.781520866048525e-13,17.859847784128668,0.2606518947911139,1.1978855271721158e-12,17.915172605636478,0.24770282391158246,3.538805948289157e-11,1.359148239211139e-15
fiducial_soft_x,100,6350.0,70.91809757744497,0.30183560888218747,0.9055068266465625,5.667638752798183e-11,3.770357309310505e-13,17.863057763493195,0.259882415441549,1.194349208446943e-12,17.91838258500099,0.24697157195585961,3.528358918538969e-11,1.3551358513330131e-15
fiducial_soft_x,100,6360.0,71.02977962087401,0.30085372856264564,0.902561185687937,5.6492017533657625e-11,3.758092223513098e-13,17.86659545327334,0.2590370101228656,1.1904639545275085e-12,17.921920274781137,0.2461681659995915,3.516881060789767e-11,1.35072755362534e-15
fiducial_soft_x,100,6370.0,71.14146166430307,0.29952679297477525,0.8985803789243257,5.6242855693935236e-11,3.741516905209073e-13,17.871394757392316,0.25789450998185104,1.1852133332542191e-12,17.926719578900112,0.2450824247603978,3.501369620528864e-11,1.3447700789781567e-15
fiducial_soft_x,100,6380.0,71.25314370773211,0.29808414698371377,0.8942524409511413,5.597196663761119e-11,3.723496198913716e-13,17.876636749869455,0.25665238243377086,1.1795048513959173e-12,17.93196157137725,0.24390200555966876,3.4845055637407767e-11,1.3382931052688276e-15
fiducial_soft_x,100,6390.0,71.36482575116116,0.2967404433656649,0.8902213300969948,5.571965622512764e-11,3.706711423993952e-13,17.881542095653337,0.2554954449100992,1.1741878798213992e-12,17.936866917161133,0.2428025441806045,3.4687981107262904e-11,1.3322603480566238e-15
fiducial_soft_x,100,6400.0,71.4765077945902,0.2955016406433681,0.8865049219301042,5.548704330241904e-11,3.6912370108983496e-13,17.886084207617593,0.2544288277375318,1.16928599612293e-12,17.94140902912539,0.24178891607753913,3.45431691465498e-11,1.326698559015462e-15
fiducial_soft_x,100,6410.0,71.58818983801925,0.29417185100549514,0.8825155530164854,5.5237345550964546e-11,3.6746260414386247e-13,17.890981165756422,0.25328387024096805,1.1640240815089575e-12,17.946305987264232,0.24070083956313332,3.438772111488959e-11,1.320728270686373e-15
fiducial_soft_x,100,6420.0,71.6998718814483,0.29306689928799456,0.8792006978639837,5.502986614860809e-11,3.6608236183251224e-13,17.89506702521107,0.25233249965101745,1.1596518398968552e-12,17.950391846718865,0.23979673264341939,3.4258555896066126e-11,1.315767425635909e-15
fiducial_soft_x,100,6430.0,71.81155392487734,0.29232234870794177,0.8769670461238253,5.489006012185885e-11,3.6515231195137007e-13,17.89782890018474,0.25169143677616607,1.1567056885158832e-12,17.953153721692537,0.23918751748872877,3.417152038394873e-11,1.3124246550864137e-15
fiducial_soft_x,100,6440.0,71.9232359683064,0.2919324016982207,0.8757972050946621,5.4816838847801173e-11,3.646652125121122e-13,17.89927819828275,0.251355689873553,1.1551626866675546e-12,17.954603019790532,0.23886845034377877,3.4125936862024254e-11,1.3106739299981775e-15
fiducial_soft_x,100,6450.0,72.03491801173544,0.2914621498945323,0.8743864496835969,5.4728538552285086e-11,3.6407780093008613e-13,17.90102853865806,0.2509508000228794,1.1533019225529892e-12,17.956353360165856,0.23848367524185451,3.40709659740085e-11,1.3085626645954897e-15
fiducial_soft_x,100,6460.0,72.14660005516448,0.29084215168788435,0.8725264550636531,5.461212001983703e-11,3.6330333473013996e-13,17.90334057637576,0.25041697754875253,1.1508486190143816e-12,17.958665397883543,0.23797637283219944,3.3998490224377575e-11,1.3057790904482833e-15
fiducial_soft_x,100,6470.0,72.25828209859354,0.29012648780096156,0.8703794634028847,5.4477738115908485e-11,3.6240936844926876e-13,17.906015497301546,0.24980078630390048,1.1480167709099588e-12,17.961340318809356,0.23739079369592742,3.391483147160643e-11,1.3025660110032667e-15
fiducial_soft_x,100,6480.0,72.36996414202258,0.28941743259654856,0.8682522977896456,5.434459713995514e-11,3.615236573555499e-13,17.908672232239603,0.24919028517752018,1.1452110730492187e-12,17.9639970537474,0.2368106219955575,3.383194525206817e-11,1.2993826022211392e-15
fiducial_soft_x,100,6490.0,72.48164618545162,0.2888525178019375,0.8665575534058125,5.4238521750314277e-11,3.608179981946287e-13,17.91079355512627,0.24870388987815215,1.1429757319631145e-12,17.966118376634064,0.23634839059959037,3.376590857199711e-11,1.2968463332435955e-15
fiducial_soft_x,100,6500.0,72.59332822888068,0.2882268972085763,0.8646806916257289,5.412104748898992e-11,3.6003650883167053e-13,17.91314768239922,0.24816522649262648,1.1405001809065768e-12,17.968472503907016,0.23583648777287428,3.3692775583865514e-11,1.2940375165551484e-15
fiducial_soft_x,100,6510.0,72.70501027230972,0.2875421886918692,0.8626265660756076,5.399247814828052e-11,3.5918121022383744e-13,17.915730013389016,0.24757568802215166,1.137790821735952e-12,17.97105483489681,0.23527623731293354,3.361273541198288e-11,1.2909634158480146e-15
fiducial_soft_x,100,6520.0,72.81669231573878,0.2867716274393165,0.8603148823179495,5.384778803591949e-11,3.582186693024422e-13,17.918643496326062,0.2469122297897029,1.1347417473558466e-12,17.973968317833872,0.23464573939210837,3.352265933786446e-11,1.2875038665163457e-15
fiducial_soft_x,100,6530.0,72.92837435916782,0.285908164863339,0.8577244945900169,5.36856536219143e-11,3.5714008137615027e-13,17.92191755384723,0.24616878291569275,1.1313250668390528e-12,17.97724237535504,0.23393922663006553,3.342172340482271e-11,1.283627222878026e-15
fiducial_soft_x,100,6540.0,73.04005640259686,0.2856163572913774,0.8568490718741322,5.3630860222641955e-11,3.5677557209378563e-13,17.923026258936694,0.24591753470503147,1.130170398097741e-12,17.978351080444504,0.23370046031941435,3.338761206014602e-11,1.2823171093896934e-15
fiducial_soft_x,100,6550.0,73.15173844602592,0.2853394014254102,0.8560182042762305,5.357885556339768e-11,3.5642961471073425e-13,17.924079584101726,0.2456790739094851,1.1290744968536244e-12,17.97940440560952,0.23347384615074937,3.3355236831015627e-11,1.2810736748439847e-15
fiducial_soft_x,100,6560.0,73.26342048945496,0.28431752242996394,0.8529525672898919,5.3386974922915596e-11,3.5515314207916504e-13,17.927974883766673,0.24479922947161692,1.1250309700681015e-12,17.983299705274483,0.23263771199550948,3.323578253996617e-11,1.276485797132731e-15
fiducial_soft_x,100,6570.0,73.37510253288401,0.28286405050045743,0.8485921515013723,5.3114053054475916e-11,3.53337548308242e-13,17.933539558735838,0.24354778072037273,1.1192796504841237e-12,17.988864380243633,0.23144843466486803,3.306587645551468e-11,1.2699602187628533e-15
fiducial_soft_x,100,6580.0,73.48678457631306,0.2811750385002782,0.8435251155008345,5.2796903268815815e-11,3.5122773139035985e-13,17.94004204055296,0.24209353044174614,1.112596309996425e-12,17.995366862060756,0.23006643089705084,3.2868436512082496e-11,1.2623771482190859e-15
fiducial_soft_x,100,6590.0,73.5984666197421,0.27949349821320074,0.8384804946396023,5.248115646443028e-11,3.4912724770794677e-13,17.946554675109788,0.24064571335652432,1.1059425347235861e-12,18.001879496617597,0.22869054072443465,3.267186998731875e-11,1.25482762304239e-15
fiducial_soft_x,100,6600.0,73.71014866317115,0.2777722417446009,0.8333167252338027,5.2157952058526374e-11,3.4697715284948476e-13,17.9532618393038,0.2391637003816115,1.0991316044015485e-12,18.008586660811595,0.22728215349880676,3.247066077166097e-11,1.24709978616265e-15
fiducial_soft_x,100,6610.0,73.8218307066002,0.2759988673988366,0.8279966021965098,5.182496135532559e-11,3.447619553280731e-13,17.96021569905495,0.2376368135766846,1.0921144461080405e-12,18.01554052056276,0.2258311217551978,3.226335914770885e-11,1.2391379583230547e-15
fiducial_soft_x,100,6620.0,73.93351275002924,0.27412560226947214,0.8223768068084164,5.147321392298086e-11,3.4242197996899193e-13,17.967609951611514,0.23602392015968657,1.0847020247149734e-12,18.022934773119324,0.22429835616997545,3.2044380619944716e-11,1.2307276559559651e-15
fiducial_soft_x,100,6630.0,74.0451947934583,0.2721623702007968,0.8164871106023904,5.1104573185250555e-11,3.3996962306934854e-13,17.975413752607487,0.2343335646248669,1.0769336084041754e-12,18.030738574115283,0.2226919767506931,3.181488525310163e-11,1.2219134336360697e-15
fiducial_soft_x,100,6640.0,74.15687683688734,0.27003276457593844,0.8100982937278154,5.0704692090626784e-11,3.3730944186562333e-13,17.9839427919543,0.23249996037990814,1.068506859811545e-12,18.039267613462094,0.22094946515385036,3.156594136515988e-11,1.212352252494674e-15
hot_compact,10,0.0,0.0,0.0,0.0,0.0,0.0,,0.0,0.0,,0.0,0.0,0.0
hot_compact,10,10.0,0.1116820434290472,0.0,0.0,0.0,0.0,,0.0,0.0,,0.0,0.0,0.0
hot_compact,10,20.0,0.2233640868580944,0.0,0.0,0.0,0.0,,0.0,0.0,,0.0,0.0,0.0
hot_compact,10,30.0,0.3350461302871416,0.0,0.0,0.0,0.0,,0.0,0.0,,0.0,0.0,0.0
hot_compact,10,40.0,0.4467281737161888,0.0,0.0,0.0,0.0,,0.0,0.0,,0.0,0.0,0.0
hot_compact,10,50.0,0.558410217145236,0.0,0.0,0.0,0.0,,0.0,0.0,,0.0,0.0,0.0
hot_compact,10,60.0,0.6700922605742832,0.0,0.0,0.0,0.0,,0.0,0.0,,0.0,0.0,0.0
hot_compact,10,70.0,0.7817743040033304,0.0,0.0,0.0,0.0,,0.0,0.0,,0.0,0.0,0.0
hot_compact,10,80.0,0.8934563474323776,0.0,0.0,0.0,0.0,,0.0,0.0,,0.0,0.0,0.0
hot_compact,10,90.0,1.0051383908614246,0.0,0.0,0.0,0.0,,0.0,0.0,,0.0,0.0,0.0
hot_compact,10,100.0,1.116820434290472,0.0,0.0,0.0,0.0,,0.0,0.0,,0.0,0.0,0.0
hot_compact,10,110.0,1.2285024777195193,0.0,0.0,0.0,0.0,,0.0,0.0,,0.0,0.0,0.0
hot_compact,10,120.0,1.3401845211485663,0.0,0.0,0.0,0.0,,0.0,0.0,,0.0,0.0,0.0
hot_compact,10,130.0,1.4518665645776134,0.0,0.0,0.0,0.0,,0.0,0.0,,0.0,0.0,0.0
hot_compact,10,140.0,1.5635486080066607,0.0,0.0,0.0,0.0,,0.0,0.0,,0.0,0.0,0.0
hot_compact,10,150.0,1.675230651435708,0.0,0.0,0.0,0.0,,0.0,0.0,,0.0,0.0,0.0
hot_compact,10,160.0,1.7869126948647551,0.0,0.0,0.0,0.0,,0.0,0.0,,0.0,0.0,0.0
hot_compact,10,170.0,1.8985947382938022,0.0,0.0,0.0,0.0,,0.0,0.0,,0.0,0.0,0.0
hot_compact,10,180.0,2.0102767817228493,0.0,0.0,0.0,0.0,,0.0,0.0,,0.0,0.0,0.0
hot_compact,10,190.0,2.121958825151897,0.0,0.0,0.0,0.0,,0.0,0.0,,0.0,0.0,0.0
hot_compact,10,200.0,2.233640868580944,0.0,0.0,0.0,0.0,,0.0,0.0,,0.0,0.0,0.0
hot_compact,10,210.0,2.345322912009991,0.0,0.0,0.0,0.0,,0.0,0.0,,0.0,0.0,0.0
hot_compact,10,220.0,2.4570049554390385,0.0,0.0,0.0,0.0,,0.0,0.0,,0.0,0.0,0.0
hot_compact,10,230.0,2.5686869988680856,0.0,0.0,0.0,0.0,,0.0,0.0,,0.0,0.0,0.0
hot_compact,10,240.0,2.6803690422971327,0.0,0.0,0.0,0.0,,0.0,0.0,,0.0,0.0,0.0
hot_compact,10,250.0,2.7920510857261798,0.0,0.0,0.0,0.0,,0.0,0.0,,0.0,0.0,0.0
hot_compact,10,260.0,2.903733129155227,0.0,0.0,0.0,0.0,,0.0,0.0,,0.0,0.0,0.0
hot_compact,10,270.0,3.0154151725842744,0.0,0.0,0.0,0.0,,0.0,0.0,,0.0,0.0,0.0
hot_compact,10,280.0,3.1270972160133215,0.0,0.0,0.0,0.0,,0.0,0.0,,0.0,0.0,0.0
hot_compact,10,290.0,3.2387792594423686,0.0,0.0,0.0,0.0,,0.0,0.0,,0.0,0.0,0.0
hot_compact,10,300.0,3.350461302871416,0.0,0.0,0.0,0.0,,0.0,0.0,,0.0,0.0,0.0
hot_compact,10,310.0,3.462143346300463,0.0,0.0,0.0,0.0,,0.0,0.0,,0.0,0.0,0.0
hot_compact,10,320.0,3.5738253897295102,0.0,0.0,0.0,0.0,,0.0,0.0,,0.0,0.0,0.0
hot_compact,10,330.0,3.6855074331585573,0.0,0.0,0.0,0.0,,0.0,0.0,,0.0,0.0,0.0
hot_compact,10,340.0,3.7971894765876044,0.0,0.0,0.0,0.0,,0.0,0.0,,0.0,0.0,0.0
hot_compact,10,350.0,3.908871520016652,0.0,0.0,0.0,0.0,,0.0,0.0,,0.0,0.0,0.0
hot_compact,10,360.0,4.020553563445699,0.0,0.0,0.0,0.0,,0.0,0.0,,0.0,0.0,0.0
hot_compact,10,370.0,4.132235606874747,0.0,0.0,0.0,0.0,,0.0,0.0,,0.0,0.0,0.0
hot_compact,10,380.0,4.243917650303794,0.0,0.0,0.0,0.0,,0.0,0.0,,0.0,0.0,0.0
hot_compact,10,390.0,4.355599693732841,0.0,0.0,0.0,0.0,,0.0,0.0,,0.0,0.0,0.0
hot_compact,10,400.0,4.467281737161888,0.0,0.0,0.0,0.0,,0.0,0.0,,0.0,0.0,0.0
hot_compact,10,410.0,4.578963780590935,0.0,0.0,0.0,0.0,,0.0,0.0,,0.0,0.0,0.0
hot_compact,10,420.0,4.690645824019982,0.0,0.0,0.0,0.0,,0.0,0.0,,0.0,0.0,0.0
hot_compact,10,430.0,4.802327867449029,0.0,0.0,0.0,0.0,,0.0,0.0,,0.0,0.0,0.0
hot_compact,10,440.0,4.914009910878077,0.0,0.0,0.0,0.0,,0.0,0.0,,0.0,0.0,0.0
hot_compact,10,450.0,5.025691954307124,0.0,0.0,0.0,0.0,,0.0,0.0,,0.0,0.0,0.0
hot_compact,10,460.0,5.137373997736171,0.0,0.0,0.0,0.0,,0.0,0.0,,0.0,0.0,0.0
hot_compact,10,470.0,5.249056041165218,0.0,0.0,0.0,0.0,,0.0,0.0,,0.0,0.0,0.0
hot_compact,10,480.0,5.360738084594265,0.0,0.0,0.0,0.0,,0.0,0.0,,0.0,0.0,0.0
hot_compact,10,490.0,5.4724201280233125,0.0,0.0,0.0,0.0,,0.0,0.0,,0.0,0.0,0.0
hot_compact,10,500.0,5.5841021714523595,0.0,0.0,0.0,0.0,,0.0,0.0,,0.0,0.0,0.0
hot_compact,10,512.0,5.718120623567216,0.0,0.0,0.0,0.0,,0.0,0.0,,0.0,0.0,0.0
hot_compact,10,514.0,5.740457032253026,0.0,0.0,0.0,0.0,,0.0,0.0,,0.0,0.0,0.0
hot_compact,10,516.0,5.762793440938835,0.0,0.0,0.0,0.0,,0.0,0.0,,0.0,0.0,0.0
hot_compact,10,518.0,5.785129849624645,0.0,0.0,0.0,0.0,,0.0,0.0,,0.0,0.0,0.0
hot_compact,10,520.0,5.807466258310454,0.0,0.0,0.0,0.0,,0.0,0.0,,0.0,0.0,0.0
hot_compact,10,522.0,5.8298026669962635,0.0,0.0,0.0,0.0,,0.0,0.0,,0.0,0.0,0.0
hot_compact,10,524.0,5.852139075682073,0.0,0.0,0.0,0.0,,0.0,0.0,,0.0,0.0,0.0
hot_compact,10,526.0,5.874475484367882,0.0,0.0,0.0,0.0,,0.0,0.0,,0.0,0.0,0.0
hot_compact,10,528.0,5.896811893053692,0.0,0.0,0.0,0.0,,0.0,0.0,,0.0,0.0,0.0
hot_compact,10,530.0,5.919148301739502,0.0,0.0,0.0,0.0,,0.0,0.0,,0.0,0.0,0.0
hot_compact,10,540.0,6.030830345168549,0.0,0.0,0.0,0.0,,0.0,0.0,,0.0,0.0,0.0
hot_compact,10,550.0,6.142512388597596,0.0,0.0,0.0,0.0,,0.0,0.0,,0.0,0.0,0.0
hot_compact,10,560.0,6.254194432026643,0.0,0.0,0.0,0.0,,0.0,0.0,,0.0,0.0,0.0
hot_compact,10,570.0,6.36587647545569,0.0,0.0,0.0,0.0,,0.0,0.0,,0.0,0.0,0.0
hot_compact,10,580.0,6.477558518884737,0.0,0.0,0.0,0.0,,0.0,0.0,,0.0,0.0,0.0
hot_compact,10,590.0,6.589240562313784,0.0,0.0,0.0,0.0,,0.0,0.0,,0.0,0.0,0.0
hot_compact,10,600.0,6.700922605742832,0.0,0.0,0.0,0.0,,0.0,0.0,,0.0,0.0,0.0
hot_compact,10,610.0,6.812604649171879,0.0,0.0,0.0,0.0,,0.0,0.0,,0.0,0.0,0.0
hot_compact,10,620.0,6.924286692600926,0.0,0.0,0.0,0.0,,0.0,0.0,,0.0,0.0,0.0
hot_compact,10,630.0,7.035968736029973,0.0,0.0,0.0,0.0,,0.0,0.0,,0.0,0.0,0.0
hot_compact,10,640.0,7.1476507794590205,0.0,0.0,0.0,0.0,,0.0,0.0,,0.0,0.0,0.0
hot_compact,10,650.0,7.259332822888068,0.0,0.0,0.0,0.0,,0.0,0.0,,0.0,0.0,0.0
hot_compact,10,660.0,7.371014866317115,0.0,0.0,0.0,0.0,,0.0,0.0,,0.0,0.0,0.0
hot_compact,10,670.0,7.482696909746162,0.0,0.0,0.0,0.0,,0.0,0.0,,0.0,0.0,0.0
hot_compact,10,680.0,7.594378953175209,0.0,0.0,0.0,0.0,,0.0,0.0,,0.0,0.0,0.0
hot_compact,10,690.0,7.706060996604257,0.0,0.0,0.0,0.0,,0.0,0.0,,0.0,0.0,0.0
hot_compact,10,700.0,7.817743040033304,0.0,0.0,0.0,0.0,,0.0,0.0,,0.0,0.0,0.0
hot_compact,10,710.0,7.929425083462351,0.0,0.0,0.0,0.0,,0.0,0.0,,0.0,0.0,0.0
hot_compact,10,720.0,8.041107126891397,0.0,0.0,0.0,0.0,,0.0,0.0,,0.0,0.0,0.0
hot_compact,10,730.0,8.152789170320446,0.0,0.0,0.0,0.0,,0.0,0.0,,0.0,0.0,0.0
hot_compact,10,740.0,8.264471213749493,0.0,0.0,0.0,0.0,,0.0,0.0,,0.0,0.0,0.0
hot_compact,10,750.0,8.37615325717854,0.0,0.0,0.0,0.0,,0.0,0.0,,0.0,0.0,0.0
hot_compact,10,760.0,8.487835300607587,0.0,0.0,0.0,0.0,,0.0,0.0,,0.0,0.0,0.0
hot_compact,10,770.0,8.599517344036634,0.0,0.0,0.0,0.0,,0.0,0.0,,0.0,0.0,0.0
hot_compact,10,780.0,8.711199387465681,0.0,0.0,0.0,0.0,,0.0,0.0,,0.0,0.0,0.0
hot_compact,10,790.0,8.822881430894729,0.0,0.0,0.0,0.0,,0.0,0.0,,0.0,0.0,0.0
hot_compact,10,800.0,8.934563474323776,0.0,0.0,0.0,0.0,,0.0,0.0,,0.0,0.0,0.0
hot_compact,10,810.0,9.046245517752823,0.0,0.0,0.0,0.0,,0.0,0.0,,0.0,0.0,0.0
hot_compact,10,820.0,9.15792756118187,0.0,0.0,0.0,0.0,,0.0,0.0,,0.0,0.0,0.0
hot_compact,10,830.0,9.269609604610917,0.0,0.0,0.0,0.0,,0.0,0.0,,0.0,0.0,0.0
hot_compact,10,840.0,9.381291648039964,0.0,0.0,0.0,0.0,,0.0,0.0,,0.0,0.0,0.0
hot_compact,10,850.0,9.492973691469011,0.0,0.0,0.0,0.0,,0.0,0.0,,0.0,0.0,0.0
hot_compact,10,860.0,9.604655734898058,0.0,0.0,0.0,0.0,,0.0,0.0,,0.0,0.0,0.0
hot_compact,10,870.0,9.716337778327105,0.0,0.0,0.0,0.0,,0.0,0.0,,0.0,0.0,0.0
hot_compact,10,880.0,9.828019821756154,0.0,0.0,0.0,0.0,,0.0,0.0,,0.0,0.0,0.0
hot_compact,10,890.0,9.939701865185201,0.0,0.0,0.0,0.0,,0.0,0.0,,0.0,0.0,0.0
hot_compact,10,900.0,10.051383908614248,0.0,0.0,0.0,0.0,,0.0,0.0,,0.0,0.0,0.0
hot_compact,10,910.0,10.163065952043295,0.0,0.0,0.0,0.0,,0.0,0.0,,0.0,0.0,0.0
hot_compact,10,920.0,10.274747995472342,0.0,0.0,0.0,0.0,,0.0,0.0,,0.0,0.0,0.0
hot_compact,10,930.0,10.38643003890139,0.0,0.0,0.0,0.0,,0.0,0.0,,0.0,0.0,0.0
hot_compact,10,940.0,10.498112082330437,0.0,0.0,0.0,0.0,,0.0,0.0,,0.0,0.0,0.0
hot_compact,10,950.0,10.609794125759484,0.0,0.0,0.0,0.0,,0.0,0.0,,0.0,0.0,0.0
hot_compact,10,960.0,10.72147616918853,0.0,0.0,0.0,0.0,,0.0,0.0,,0.0,0.0,0.0
hot_compact,10,970.0,10.833158212617578,4.59533755497588e-06,4.59533755497588e-05,2.8762580736385683e-15,5.740069731434314e-18,29.90672111615742,3.9565034935133824e-06,1.8177824267566686e-17,29.962356148644552,3.7588720303470198e-06,2.1322933492184258e-15,6.06919175485315e-16
hot_compact,10,980.0,10.944840256046625,1.3865724997868918e-05,0.00013865724997868918,8.678666799741097e-15,1.7319778452070045e-17,28.707658205984636,1.1938141374350498e-05,5.484879170209088e-17,28.763293238471753,1.1341818800348504e-05,6.433867554089342e-15,1.831285358809054e-15
hot_compact,10,990.0,11.056522299475672,2.689978665921412e-05,0.0002689978665921412,1.6836788947950476e-14,3.360072015110237e-17,27.988142573074036,2.3160235481875056e-05,1.0640776414710964e-16,28.043777605561182,2.2003357639339414e-05,1.2481833054185258e-14,3.552730598052182e-15
hot_compact,10,1000.0,11.168204342904719,4.298182382610108e-05,0.0004298182382610108,2.6902663040644182e-14,5.368891033454016e-17,27.47930256283373,3.7006582017333055e-05,1.7002364480588784e-16,27.534937595320862,3.515806476899442e-05,1.994409681230794e-14,5.676730548149962e-15
hot_compact,10,1010.0,11.279886386333766,6.2244649029556e-05,0.00062244649029556,3.895941749006058e-14,7.775024610573619e-17,27.07725960598406,5.359153019592384e-05,2.4622180158027e-16,27.132894638471193,5.0914577542322215e-05,2.888228548225856e-14,8.22082613419445e-15
hot_compact,10,1020.0,11.391568429762813,8.446255561154269e-05,0.0008446255561154268,5.2865780716107005e-14,1.0550279562824158e-16,26.74585411749829,7.272075061956814e-05,3.3410940430996476e-16,26.80148914998542,6.908827351672621e-05,3.919166838864119e-14,1.1155207642066049e-14
hot_compact,10,1030.0,11.50325047319186,0.00010883083943613895,0.0010883083943613895,6.811808204385551e-14,1.359413970835594e-16,26.470634714713434,9.370140741126425e-05,4.3050327652639304e-16,26.52626974720058,8.902092468761794e-05,5.0498852879319223e-14,1.4373595529763614e-14
hot_compact,10,1040.0,11.614932516620907,0.00013535413176619414,0.0013535413176619414,8.471922021730522e-14,1.6907183541596886e-16,26.23383586867562,0.0001165374880055419,5.354217381638805e-16,26.28947090116275,0.00011071631931302653,6.28059879174219e-14,1.787660146121745e-14
hot_compact,10,1050.0,11.726614560049956,0.00016372300506690805,0.0016372300506690804,1.0247552209829648e-13,2.0450760242986295e-16,26.02724039385034,0.00014096258082593258,6.476407835245099e-16,26.082875426337473,0.0001339213533517222,7.596949530730502e-14,2.1623358470280525e-14
hot_compact,10,1051.69,11.745488825389465,0.00016834729769323793,0.0016834729769323793,1.053699033798079e-13,2.1028384015258457e-16,25.996999288458987,0.000144944014118312,6.65933145667136e-16,26.052634320946133,0.00013770390991156182,7.811522416704594e-14,2.223410182360306e-14
hot_compact,10,1070.0,11.94997864690805,0.0002297954933151461,0.002297954933151461,1.4383081439093886e-13,2.870392304848234e-16,25.659160894262662,0.0001978498121667971,9.090044082699481e-16,25.714795926749794,0.00018796700834018096,1.0662794543693213e-13,3.034973811272102e-14
hot_compact,10,1080.0,12.061660690337098,0.0002628804184724067,0.002628804184724067,1.6453893038042856e-13,3.283658523466548e-16,25.513119068614095,0.0002263353413365944,1.0398787887086744e-15,25.568754101101227,0.0002150296557109037,1.2197975910202998e-13,3.4719357375117804e-14
hot_compact,10,1090.0,12.173342733766145,0.00029713742159322094,0.0029713742159322093,1.8598065922539932e-13,3.711565253605481e-16,25.38012128607125,0.000255830008682204,1.1753895700634325e-15,25.435756318558383,0.0002430510337563333,1.378754314100571e-13,3.924377627578583e-14
hot_compact,10,1100.0,12.285024777195192,0.0003326524298717801,0.0033265242987178013,2.0820978343542322e-13,4.155185818128878e-16,25.25753791191402,0.00028640779598188226,1.3158766554245018e-15,25.313172944401153,0.00027210142878798175,1.5435483363978222e-13,4.3934343461310114e-14
hot_compact,10,1110.0,12.396706820624239,0.0003694978739822851,0.003694978739822851,2.312716379416032e-13,4.6154249538828e-16,25.14348480246415,0.0003181310647514232,1.4616265595585247e-15,25.199119834951283,0.00030224008729909054,1.7145157451810087e-13,4.880062505486223e-14
hot_compact,10,1120.0,12.508388864053286,0.0004070495613480551,0.0040704956134805514,2.5477553567977806e-13,5.084485825764002e-16,25.038396434530576,0.0003504623963397012,1.6101701574377355e-15,25.094031467017707,0.00033295643525892377,1.8887602098455448e-13,5.376018218455281e-14
hot_compact,10,1130.0,12.620070907482333,0.00044494358341660604,0.004449435834166061,2.7849370341248113e-13,5.557822825442003e-16,24.941752291847216,0.0003830884719878658,1.7600679322394012e-15,24.997387324334362,0.0003639528045064004,2.0645931497879326e-13,5.876495242276178e-14
hot_compact,10,1140.0,12.73175295091138,0.0004831614310723363,0.004831614310723363,3.0241455613805635e-13,6.035204754200828e-16,24.85228401487138,0.0004159933556782332,1.911246667263611e-15,24.90791904735851,0.0003952140550444888,2.2419286804270617e-13,6.381249121845334e-14
hot_compact,10,1150.0,12.843434994340427,0.0005224042275405658,0.005224042275405658,3.269769324213135e-13,6.52538939349944e-16,24.767497955206956,0.0004497807019752779,2.066479802900174e-15,24.823132987694088,0.00042731368826453485,2.424020100073333e-13,6.89953978909885e-14
hot_compact,10,1160.0,12.955117037769474,0.00056178194973609,0.0056178194973609,3.5162375978304523e-13,7.017259399920643e-16,24.688595209583305,0.0004836842169117359,2.222246665630905e-15,24.744230242070437,0.00045952368737967226,2.6067375917491487e-13,7.419612458439955e-14
hot_compact,10,1170.0,13.066799081198521,0.0006013200880988521,0.0060132008809885215,3.7637099289095785e-13,7.511133176413093e-16,24.614750381152298,0.0005177258473007585,2.3786480882525773e-15,24.67038541363943,0.000491864902936917,2.7901994342423233e-13,7.941803789289378e-14
hot_compact,10,1180.0,13.178481124627568,0.0006407389112283216,0.006407389112283216,4.01043545651897e-13,8.003516577604649e-16,24.545811914889377,0.0005516647494066673,2.53457753437257e-15,24.60144694737651,0.0005241085215955983,2.9731076393250437e-13,8.462419290242816e-14
hot_compact,10,1190.0,13.290163168056615,0.0006803756379175585,0.006803756379175585,4.258524859720866e-13,8.498621828089816e-16,24.480642775902417,0.0005857912625825255,2.691368943856372e-15,24.53627780838955,0.0005565303799562217,3.15702694382256e-13,8.985912704891321e-14
hot_compact,10,1200.0,13.401845211485664,0.0007200129172837997,0.007200129172837997,4.506617722171788e-13,8.993733982103845e-16,24.419163942457253,0.0006199182516034054,2.8481625395703134e-15,24.4747989749444,0.0005889526903929133,3.340948812809598e-13,9.509413418900707e-14
hot_compact,10,1210.0,13.513527254914711,0.0007600150497411039,0.0076001504974110385,4.756994228938949e-13,9.493403542748784e-16,24.360459181644465,0.0006543593726139685,3.006399388428007e-15,24.416094214131597,0.0006216734415997932,3.526563645175731e-13,1.0037732850459177e-13
hot_compact,10,1220.0,13.625209298343758,0.0007997428407536139,0.007997428407536138,5.005653610933265e-13,9.989646284352675e-16,24.305138759704455,0.0006885642905443967,3.163551021996699e-15,24.360773792191587,0.0006541697883159765,3.710905499373989e-13,1.0562428977277045e-13
hot_compact,10,1230.0,13.736891341772806,0.0008394107721351136,0.008394107721351136,5.253938326768854e-13,1.0485141314929936e-15,24.252578316697132,0.0007227176704025119,3.3204658682042446e-15,24.30821334918428,0.0006866171713401444,3.8949695974954355e-13,1.1086334521086314e-13
hot_compact,10,1240.0,13.848573385201853,0.0008791797458059054,0.008791797458059055,5.502855474274322e-13,1.0981898472128846e-15,24.2023204761309,0.0007569580458655841,3.477780408440002e-15,24.257955508618032,0.00071914720444835,4.0795025443116074e-13,1.161157455887285e-13
hot_compact,10,1250.0,13.9602554286309,0.0009189043821325419,0.009189043821325418,5.751495110840571e-13,1.1478101808320889e-15,24.154338855638564,0.0007911602476678649,3.6349195629851755e-15,24.209973888125695,0.0007516409707098113,4.263829760378006e-13,1.2136229020865745e-13
hot_compact,10,1260.0,14.071937472059947,0.0009585231192480884,0.009585231192480883,5.999471915879766e-13,1.1972982349726069e-15,24.10850818126277,0.0008252712721423382,3.7916398109263746e-15,24.164143213749902,0.0007840481140457877,4.447665591033011e-13,1.2659484842147044e-13
hot_compact,10,1270.0,14.183619515488994,0.0009981840582591148,0.009981840582591148,6.247712865916243e-13,1.2468390038092608e-15,24.06448808824775,0.0008594186316944636,3.948526997341759e-15,24.12012312073488,0.0008164897774845095,4.63169724369234e-13,1.3183298035749788e-13
hot_compact,10,1280.0,14.295301558918041,0.0010377480372807323,0.010377480372807323,6.495346935720266e-13,1.2962586592143751e-15,24.022284860549952,0.000893482510428861,4.105030638124777e-15,24.077919893037084,0.0008488521300591452,4.815278990032311e-13,1.3705830651459766e-13
hot_compact,10,1290.0,14.406983602347088,0.0010773600045639225,0.010773600045639225,6.743281367844003e-13,1.3457382571078099e-15,23.98161253981521,0.0009275877061986856,4.2617241065701466e-15,24.03724757230234,0.0008812537358403308,4.999083407829531e-13,1.4228997061658142e-13
hot_compact,10,1300.0,14.518665645776135,0.0011168360220652192,0.011168360220652191,6.99036487954437e-13,1.3950480391349006e-15,23.942541129453453,0.0009615758516363924,4.417879797057986e-15,23.998176161940584,0.0009135441380751873,5.18225700185746e-13,1.4750367944791374e-13
hot_compact,10,1310.0,14.630347689205182,0.00115604250403075,0.0115604250403075,7.235761347036115e-13,1.4440211423539851e-15,23.90508015716238,0.0009953319317957325,4.572969283040846e-15,23.960715189649527,0.0009456140669336153,5.364179917728638e-13,1.5268178996178322e-13
hot_compact,10,1320.0,14.74202973263423,0.0011952199232500174,0.011952199232500174,7.480975908503367e-13,1.4929579430842658e-15,23.868895102614523,0.0010290629894500344,4.727943805217894e-15,23.924530135101655,0.0009776602231871478,5.545967978869718e-13,1.5785606207688686e-13
hot_compact,10,1330.0,14.853711776063276,0.0012342189825927398,0.0123421898259274,7.725074101414908e-13,1.541671953188959e-15,23.834034107982482,0.0010626404824388006,4.882212787387613e-15,23.889669140469614,0.0010095604854898535,5.726928428167328e-13,1.6300677770067357e-13
hot_compact,10,1340.0,14.965393819492324,0.0012729370766633938,0.012729370766633937,7.967413710495488e-13,1.5900350075184803e-15,23.800497321432196,0.0010959760693505496,5.0353703523263125e-15,23.856132353919328,0.0010412309251756034,5.906585163920883e-13,1.681203854495275e-13
hot_compact,10,1350.0,15.07707586292137,0.0013116997989875566,0.013116997989875565,8.210032651339907e-13,1.6384538073256877e-15,23.76792853222286,0.0011293500803908427,5.1887044537087326e-15,23.823563564710007,0.0010729378696647267,6.086448980279521e-13,1.732398873775356e-13
hot_compact,10,1360.0,15.188757906350418,0.001350175614816879,0.01350175614816879,8.450855821770745e-13,1.6865142301329289e-15,23.736539012097943,0.001162477070067511,5.3409036361038016e-15,23.79217404458509,0.0011044101317641715,6.26498151508707e-13,1.7832149675658364e-13
hot_compact,10,1370.0,15.300439949779467,0.0013887238690231932,0.013887238690231932,8.69213238972499e-13,1.7346651362463887e-15,23.70597491193086,0.0011956664278919384,5.4933893637355215e-15,23.761609944418005,0.0011359416466575495,6.443850172905475e-13,1.8341267327613256e-13
hot_compact,10,1380.0,15.412121993208514,0.0014270012551816321,0.01427001255181632,8.931713573172065e-13,1.7824776991012257e-15,23.67645377440376,0.0012286225731688916,5.644803615830337e-15,23.732088806890893,0.0011672515982126758,6.621461969546458e-13,1.8846807548959078e-13
hot_compact,10,1390.0,15.52380403663756,0.0014653146339476543,0.014653146339476543,9.171520037193014e-13,1.8303352205852983e-15,23.64768744498425,0.001261609707437609,5.7963602442550204e-15,23.70332247747138,0.0011985909908272076,6.799240776329466e-13,1.9352823134812006e-13
hot_compact,10,1400.0,15.635486080066608,0.0015032053054694718,0.015032053054694718,9.408680743183385e-13,1.877664735360681e-15,23.619968912421548,0.0012942328983249266,5.946244765264339e-15,23.67560394490868,0.0012295846194106412,6.975058169321427e-13,1.9853255907018377e-13
hot_compact,10,1410.0,15.747168123495655,0.001540929928410063,0.01540929928410063,9.644802137987898e-13,1.9247868376394545e-15,23.593057436583997,0.0013267131243519152,6.09547244618448e-15,23.64869246907113,0.0012604424243771626,7.150105076399873e-13,2.0351495628838296e-13
hot_compact,10,1420.0,15.858850166924702,0.0015785215070072132,0.01578521507007213,9.880090797737811e-13,1.9717427532562926e-15,23.566888403610186,0.0013590788015773584,6.244173842220011e-15,23.62252343609733,0.0012911914023738748,7.324534641302088e-13,2.0847978196537147e-13
hot_compact,10,1430.0,15.970532210353749,0.0016158240661327153,0.016158240661327154,1.0113570461785404e-12,2.0183376525383887e-15,23.54152948160145,0.0013911956382039149,6.391731960943991e-15,23.597164514088583,0.0013217039696183399,7.497623120180007e-13,2.1340643602660088e-13
hot_compact,10,1440.0,16.082214253782794,0.0016529542680621969,0.01652954268062197,1.0345971328528834e-12,2.0647172591870195e-15,23.516862566688665,0.0014231640783655697,6.5386082845260416e-15,23.572497599175797,0.0013520755529556163,7.669911840393047e-13,2.1831032638743916e-13
hot_compact,10,1450.0,16.193896297211843,0.0016900606119067843,0.016900606119067844,1.0578222865634388e-12,2.1110670645274084e-15,23.492758961396397,0.0014551119771425921,6.685390232435057e-15,23.54839399388353,0.0013824276209717797,7.842089856147193e-13,2.2321106574379962e-13
hot_compact,10,1460.0,16.305578340640892,0.0017267282623222018,0.017267282623222018,1.080772858591494e-12,2.1568688946986103e-15,23.469454668683774,0.0014866821687187118,6.830436836211594e-15,23.525089701170906,0.0014124208486544366,8.012232280238759e-13,2.280538656232147e-13
hot_compact,10,1470.0,16.417260384069937,0.0017634650978376881,0.01763465097837688,1.1037667341201665e-12,2.2027571444840456e-15,23.446597490658654,0.0015183119274293124,6.975757116203629e-15,23.502232523145786,0.001442470668031273,8.182695731734682e-13,2.329058029736833e-13
hot_compact,10,1480.0,16.528942427498986,0.001799656542871067,0.01799656542871067,1.1264192454381188e-12,2.247964143031524e-15,23.424540588006714,0.0015494721146836331,7.11891998942797e-15,23.48017562049386,0.0014720743715342958,8.350628504071977e-13,2.376857090668704e-13
hot_compact,10,1490.0,16.64062447092803,0.0018359498284262362,0.018359498284262362,1.1491354995430848e-12,2.2932983513192156e-15,23.402862639881313,0.0015807199848068237,7.262485714257067e-15,23.458497672368445,0.0015017613780557216,8.519033829001319e-13,2.4247906552464463e-13
hot_compact,10,1500.0,16.75230651435708,0.0018718638387613987,0.01871863838761399,1.1716143622920028e-12,2.338158804157129e-15,23.381829025852348,0.0016116413057451053,7.404551136177871e-15,23.43746405833948,0.0015311381468635457,8.685679270093038e-13,2.472223300357329e-13
hot_compact,10,1510.0,16.863988557786126,0.0019076108947809274,0.019076108947809273,1.1939887270160146e-12,2.3828107131389616e-15,23.361290176899765,0.0016424188820019215,7.545956135186536e-15,23.416925209386896,0.001560378351186198,8.851550022551786e-13,2.5194354442006195e-13
hot_compact,10,1520.0,16.975670601215175,0.0019429701493791235,0.019429701493791234,1.216120363767221e-12,2.4269782165306144e-15,23.34134934116603,0.001672862568166893,7.68582710410419e-15,23.39698437365316,0.001589301343574246,9.015621328546303e-13,2.5661354077827835e-13
hot_compact,10,1530.0,17.08735264464422,0.001978247570316741,0.01978247570316741,1.2382007801838776e-12,2.471043500898641e-15,23.321813059699075,0.0017032357970128765,7.82537436276479e-15,23.377448092186206,0.0016181573980596463,9.179312916254392e-13,2.61272729134425e-13
hot_compact,10,1540.0,17.19903468807327,0.0020125729274442727,0.020125729274442727,1.2596852923415725e-12,2.513919555401987e-15,23.30313559622808,0.0017327893159364471,7.961155532770486e-15,23.358770628715213,0.0016462346879855282,9.338586810363282e-13,2.6580617574130657e-13
hot_compact,10,1550.0,17.310716731502314,0.0020463206478770184,0.020463206478770184,1.2808082571293228e-12,2.5560740796874022e-15,23.285080446170973,0.0017618454999910205,8.09465173933167e-15,23.34071547865812,0.0016738394854362098,9.49518039890632e-13,2.702633322427637e-13
hot_compact,10,1560.0,17.422398774931363,0.0020790836254375973,0.02079083625437597,1.3013148635750266e-12,2.5969985544528095e-15,23.267834767229253,0.0017900538380348642,8.224252588334274e-15,23.3234697997164,0.0017006387876659218,9.64720465896828e-13,2.74590430979173e-13
hot_compact,10,1566.75,17.49778415424597,0.002100485282458762,0.02100485282458762,1.3147103297535048e-12,2.6237315206821803e-15,23.256715554950652,0.0018084802821770423,8.308911344238772e-15,23.3123505874378,0.001718144811764811,9.746510989314068e-13,2.774170081082547e-13
hot_compact,10,1580.0,17.645762861789457,0.0021442792487024027,0.021442792487024027,1.342121319148295e-12,2.678434884047158e-15,23.234311305409328,0.0018461861042988901,8.48214758920072e-15,23.28994633789646,0.0017539671888680845,9.94972039850338e-13,2.8320100059321186e-13
hot_compact,10,1590.0,17.757444905218502,0.0021768840147408566,0.021768840147408566,1.3625288997526086e-12,2.719161735643767e-15,23.21792643651731,0.001874258225050204,8.611122599249846e-15,23.27356146900444,0.001780637078000657,1.010101053757344e-12,2.875072038882283e-13
hot_compact,10,1600.0,17.86912694864755,0.0022096361872769167,0.022096361872769168,1.3830287432481192e-12,2.7600727137740654e-15,23.201712727831968,0.0019024572601610767,8.740680706705275e-15,23.2573477603191,0.0018074275419885726,1.0252984660987892e-12,2.918328755746128e-13
hot_compact,10,1610.0,17.9808089920766,0.0022425555214191798,0.022425555214191796,1.4036332145133396e-12,2.801192494688607e-15,23.185656651806575,0.0019308002184268878,8.870900057054283e-15,23.241291684293707,0.0018343547400201975,1.0405734434889135e-12,2.961806247652058e-13
hot_compact,10,1620.0,18.092491035505645,0.0022758606341334035,0.022758606341334035,1.4244791476339657e-12,2.842794154437393e-15,23.1696505026002,0.0019594753251473943,9.002645435688136e-15,23.22528553508733,0.0018615974953458635,1.056027426898383e-12,3.005793248184967e-13
hot_compact,10,1630.0,18.204173078934694,0.002309557132586451,0.02309557132586451,1.4455700521800271e-12,2.8848846969735387e-15,23.153692887048855,0.001988487407993036,9.135939022934752e-15,23.209327919535987,0.0018891603944888526,1.0716630181218355e-12,3.05029716288808e-13
hot_compact,10,1640.0,18.31585512236374,0.002343276839670617,0.023432768396706168,1.4666754831916273e-12,2.9270042295804677e-15,23.137955661961307,0.0020175194730552184,9.269324416803387e-15,23.19359069444844,0.0019167422777158901,1.0873093784366083e-12,3.094831729884074e-13
hot_compact,10,1650.0,18.42753716579279,0.0023771740875994014,0.023771740875994013,1.4878920384202467e-12,2.9693455297542174e-15,23.122362193241933,0.002046704397611088,9.403412110826295e-15,23.17799722572908,0.0019444693849459736,1.1030381198948045e-12,3.139600780074702e-13
hot_compact,10,1660.0,18.539219209221834,0.002411307403611606,0.02411307403611606,1.5092563505269503e-12,3.011981704296605e-15,23.106883213211766,0.0020760925725670826,9.538433621806991e-15,23.162518245698898,0.0019723895900073726,1.1188763998576738e-12,3.184681612032901e-13
hot_compact,10,1670.0,18.650901252650883,0.0024454420597065283,0.024454420597065284,1.5306215014020118e-12,3.0546195527461104e-15,23.091621218540702,0.0021054819013103434,9.673460433766744e-15,23.14725625102782,0.0020003108912231633,1.1347153016354655e-12,3.2297642138760943e-13
hot_compact,10,1680.0,18.762583296079928,0.0024795050425124644,0.024795050425124643,1.5519417913993589e-12,3.097167873566418e-15,23.076602172590917,0.002134809520632942,9.808203726956379e-15,23.13223720507805,0.0020281735654680147,1.1505209461224505e-12,3.2747521547875594e-13
hot_compact,10,1690.0,18.874265339508977,0.0025134884682016093,0.025134884682016093,1.5732122859688948e-12,3.139616819010586e-15,23.06182241959636,0.0021640686427000606,9.94263231523675e-15,23.117457452083492,0.0020559711639665155,1.1662896751252107e-12,3.319635022373835e-13
hot_compact,10,1700.0,18.985947382938022,0.0025471136731057835,0.025471136731057834,1.594258567319578e-12,3.181618308253685e-15,23.04739384425185,0.00219301934307449,1.0075643885855138e-14,23.103028876738982,0.0020834757467565503,1.1818921852619562e-12,3.3640447776786843e-13
hot_compact,10,1710.0,19.09762942636707,0.0025806415426878463,0.025806415426878462,1.6152439257233122e-12,3.2234982152344214e-15,23.033195451733143,0.0022218862394764428,1.0208270426133708e-14,23.08883048422029,0.002110900711669666,1.1974495306077585e-12,3.4083259794817835e-13
hot_compact,10,1720.0,19.209311469796116,0.0026143385177994655,0.026143385177994655,1.6363351286137387e-12,3.2655893531682737e-15,23.01911010835797,0.0022508987327165947,1.0341565898903563e-14,23.074745140845103,0.002138464000707533,1.213085343006672e-12,3.452830523721299e-13
hot_compact,10,1730.0,19.320993513225165,0.002648511339399233,0.026485113393992333,1.6577241675797478e-12,3.308274874428869e-15,23.00501007051205,0.0022803209212773224,1.0476743682545347e-14,23.06064510299918,0.0021664165203587435,1.2289419540498178e-12,3.4979635318218254e-13
hot_compact,10,1740.0,19.43267555665421,0.00268325546763475,0.0268325546763475,1.6794707918817491e-12,3.3516740189843786e-15,22.99085960472373,0.0023102349946393648,1.0614181389751676e-14,23.046494637210863,0.0021948363546540196,1.2450636584240187e-12,3.543851080689313e-13
hot_compact,10,1750.0,19.54435760008326,0.002718179296429337,0.02718179296429337,1.7013298921831042e-12,3.3952976288218183e-15,22.976819411558232,0.002340303786970633,1.0752329940317058e-14,23.032454444045364,0.0022234031795451427,1.2612687460758073e-12,3.5899759651471474e-13
hot_compact,10,1760.0,19.656039643512308,0.002753822520086151,0.02753822520086151,1.7236392674111348e-12,3.4398198400403794e-15,22.96267479428274,0.002370991965419148,1.0893324208575234e-14,23.018309826769872,0.002252558451572968,1.2778076418237018e-12,3.637050974664149e-13
hot_compact,10,1770.0,19.767721686941353,0.0027891242461998847,0.027891242461998846,1.7457348966295059e-12,3.4839154841815616e-15,22.948845009521953,0.0024013861205873146,1.1032967611472236e-14,23.00448004200907,0.002281434387089,1.2941880784962455e-12,3.683674958756364e-13
hot_compact,10,1780.0,19.879403730370402,0.0028251098506962167,0.02825109850696217,1.7682585707294127e-12,3.5288653658095383e-15,22.934926313558087,0.0024323690828186224,1.1175316239156435e-14,22.990561346045233,0.002310869718143174,1.3108858431799404e-12,3.731202160292638e-13
hot_compact,10,1790.0,19.991085773799448,0.00286176006481447,0.028617600648144698,1.7911982292413456e-12,3.574645416174495e-15,22.92093161492702,0.002463924262054556,1.1320293869992042e-14,22.976566647414153,0.0023408486833676454,1.3278919949319836e-12,3.779607130477961e-13
hot_compact,10,1800.0,20.102767817228496,0.0028992166488894544,0.028992166488894543,1.8146426010786093e-12,3.621432709146898e-15,22.906812987296284,0.002496173711409432,1.1468461266800825e-14,22.96244801978343,0.0023714872391967703,1.3452723122975812e-12,3.8290770961797635e-13
hot_compact,10,1810.0,20.214449860657542,0.0029372883973626945,0.029372883973626945,1.838472009171845e-12,3.66898840846596e-15,22.892648187758134,0.002528952806315188,1.1619062075778651e-14,22.948283220245266,0.0024026289842308235,1.3629380735374065e-12,3.879359526830898e-13
hot_compact,10,1820.0,20.32613190408659,0.0029759610943432538,0.02975961094343254,1.862677555682627e-12,3.7172947569583946e-15,22.87844653908447,0.0025622493071438346,1.1772040062978799e-14,22.934081571571603,0.0024342622902239607,1.3808826823025875e-12,3.93043564710376e-13
hot_compact,10,1830.0,20.437813947515636,0.003014725173222501,0.03014725173222501,1.886940298845612e-12,3.765715251248475e-15,22.864395343804283,0.002595624486153808,1.1925379530500191e-14,22.920030376291415,0.0024659703443414643,1.3988696933967556e-12,3.9816324580243543e-13
hot_compact,10,1840.0,20.549495990944685,0.0030531823281405427,0.030531823281405426,1.911010935876925e-12,3.813752364575026e-15,22.850632812161116,0.002628735409119426,1.2077504895735612e-14,22.906267844648248,0.002497427342278781,1.4167142879843308e-12,4.0324239058236473e-13
hot_compact,10,1850.0,20.66117803437373,0.0030911993745475386,0.030911993745475385,1.934806105514814e-12,3.861239735143274e-15,22.837197120039797,0.0026614674065239398,1.2227889319184548e-14,22.89283215252693,0.002528524342380748,1.4343546667901897e-12,4.0826340899149916e-13
hot_compact,10,1860.0,20.77286007780278,0.003128390005230256,0.03128390005230256,1.9580840150231262e-12,3.907694823789301e-15,22.82421243792809,0.002693487874761972,1.2375004681410417e-14,22.87984747041522,0.0025589453549378915,1.4516115784989128e-12,4.13175280347999e-13
hot_compact,10,1870.0,20.884542121231824,0.0031645412287261187,0.031645412287261185,1.980711351363042e-12,3.952851581320251e-15,22.811737766736364,0.0027246134319914472,1.2518008449883038e-14,22.867372799223496,0.0025885161582218153,1.4683861924427497e-12,4.179498742694262e-13
hot_compact,10,1880.0,20.996224164660873,0.0031996966336214757,0.03199696633621476,2.0027153969750594e-12,3.996764454557965e-15,22.799742651233693,0.002754881607206073,1.2657073048424009e-14,22.855377683720825,0.0026172724066139707,1.4846987342638142e-12,4.225929476231648e-13
hot_compact,10,1890.0,21.10790620808992,0.0032338620789056755,0.032338620789056756,2.0240998190468895e-12,4.039440762008863e-15,22.788210927884897,0.0027842974448909477,1.279222165349805e-14,22.84384596037203,0.0026452188926221793,1.5005519226054848e-12,4.27105274222442e-13
hot_compact,10,1900.0,21.219588251518967,0.0032668263973857957,0.032668263973857956,2.0447324463645005e-12,4.080616733188654e-15,22.77719952164785,0.0028126791338675622,1.2922618948857318e-14,22.832834554134983,0.002672182886725334,1.5158477732836505e-12,4.314589646212521e-13
hot_compact,10,1910.0,21.331270294948013,0.0032985199809116633,0.032985199809116635,2.064569710636873e-12,4.120205420048127e-15,22.766716864247847,0.0028399667427628592,1.3047989584822642e-14,22.82235189673498,0.002698107451184772,1.5305539872574051e-12,4.3564482547512253e-13
hot_compact,10,1920.0,21.44295233837706,0.003329090359274616,0.03329090359274616,2.0837039519257245e-12,4.158391103128073e-15,22.756700704494015,0.002866287292090097,1.3168917146514615e-14,22.812335736981147,0.0027231132617070494,1.544739020171001e-12,4.3968234145917195e-13
hot_compact,10,1930.0,21.55463438180611,0.0033585877678777194,0.033585877678777194,2.1021666129666363e-12,4.195236531837676e-15,22.74712290737373,0.002891684033633359,1.3285600350636415e-14,22.80275793986086,0.0027472414096046645,1.5584261818715534e-12,4.435781473045911e-13
hot_compact,10,1940.0,21.666316425235156,0.003387163128969152,0.03387163128969152,2.1200521571868587e-12,4.230930224260364e-15,22.737924379247907,0.002916286908750605,1.3398636201885224e-14,22.79355941173504,0.0027706153455296424,1.571685502145164e-12,4.473521757378295e-13
hot_compact,10,1950.0,21.777998468664205,0.0034144435225198296,0.0341444352251983,2.137127170994541e-12,4.265006363261796e-15,22.729214828311775,0.0029397748399627092,1.3506549536647174e-14,22.784849860798907,0.002792930030156774,1.5843439414951056e-12,4.5095517416016825e-13
hot_compact,10,1960.0,21.88968051209325,0.0034400181472596927,0.03440018147259693,2.1531345306298865e-12,4.29695181397262e-15,22.721112828127993,0.0029617941347191957,1.3607715344091898e-14,22.77674786061511,0.002813849438246219,1.5962108830612412e-12,4.543328868906851e-13
hot_compact,10,1970.0,22.0013625555223,0.003464371990682807,0.03464371990682807,2.1683777935962844e-12,4.3273723778168885e-15,22.713453365477783,0.002982762358583336,1.3704052094262915e-14,22.769088397964914,0.002833770277527214,1.6075113670273827e-12,4.575493675938818e-13
hot_compact,10,1980.0,22.113044598951344,0.003487985163901428,0.034879851639014275,2.183157465231231e-12,4.3568677650944895e-15,22.706078089701144,0.003003092878640834,1.3797458967649813e-14,22.76171312218829,0.002853085266969742,1.6184681708759895e-12,4.606680258967781e-13
hot_compact,10,1990.0,22.224726642380393,0.0035102712557850543,0.035102712557850545,2.197106506176161e-12,4.384705485375702e-15,22.699162967657976,0.003022280805390383,1.3885616291682028e-14,22.754798000145094,0.0028713147368280333,1.6288091926039957e-12,4.636114128295084e-13
hot_compact,10,2000.0,22.336408685809438,0.003531511827972147,0.035315118279721475,2.2104011480846053e-12,4.411237239361318e-15,22.692612999304465,0.0030405685583698044,1.3969637842643277e-14,22.748248031791597,0.0028886889975319467,1.6386650802871738e-12,4.664167150307946e-13
hot_compact,10,2010.0,22.448090729238487,0.0035515678314409563,0.03551567831440956,2.2229543590755195e-12,4.4362893399018305e-15,22.68646437798943,0.003057836418856862,1.404897358288089e-14,22.742099410476563,0.0029050943104338934,1.6479713134630449e-12,4.690655679046471e-13
hot_compact,10,2020.0,22.559772772667532,0.0035710546694874127,0.035710546694874126,2.2351513249328192e-12,4.4606304917527345e-15,22.680523414988734,0.003074614238089064,1.4126057869573922e-14,22.736158447475866,0.0029210340601511725,1.6570134468573074e-12,4.716392494978882e-13
hot_compact,10,2030.0,22.67145481609658,0.003589590839585662,0.03589590839585662,2.2467532602121325e-12,4.483784157320233e-15,22.6749022916135,0.003090573549210979,1.4199381589237313e-14,22.73053732410063,0.0029361961870892944,1.6656144585887917e-12,4.740873736972745e-13
hot_compact,10,2040.0,22.783136859525627,0.0036067534484230807,0.03606753448423081,2.2574954726487082e-12,4.505222097476216e-15,22.66972352295928,0.0031053502486396256,1.426727189842293e-14,22.725358555446412,0.002950234775017815,1.6735781209403504e-12,4.763540877917601e-13
hot_compact,10,2050.0,22.894818902954675,0.0036229327562951052,0.03622932756295105,2.2676222292440764e-12,4.525431789208482e-15,22.6648639788096,0.003119280343513501,1.4331272553815493e-14,22.72049901129673,0.0029634690471693078,1.6810855195063425e-12,4.784909345578871e-13
hot_compact,10,2060.0,23.00650094638372,0.00363831658296042,0.0363831658296042,2.277251087868761e-12,4.544647839550547e-15,22.660263447471714,0.0031325255432875657,1.43921265159759e-14,22.715898479958845,0.002976052635443327,1.6882238049731979e-12,4.805227198802542e-13
hot_compact,10,2070.0,23.11818298981277,0.0036529183245277252,0.03652918324527725,2.2863904332530126e-12,4.562886981679718e-15,22.65591475733418,0.0031450973817719594,1.4449886776029807e-14,22.711549789821326,0.002987996497524203,1.6949991933007122e-12,4.824512130206727e-13
hot_compact,10,2076.0,23.1851922158702,0.0036613017131819497,0.0366130171318195,2.2916376624309983e-12,4.5733587337295435e-15,22.65342586514351,0.0031523153295507905,1.4483049033187216e-14,22.709060897630643,0.00299485390130682,1.6988891891187474e-12,4.835584307753913e-13
hot_compact,10,2090.0,23.341547076670864,0.0036797632346118195,0.03679763234611819,2.3031928745191323e-12,4.596419155099694e-15,22.64796497231395,0.003168210369503571,1.4556077464341464e-14,22.703600004801082,0.003009954967487529,1.7074555629466587e-12,4.859966959148669e-13
hot_compact,10,2100.0,23.453229120099913,0.0036914713915512437,0.03691471391551244,2.3105211024287408e-12,4.611043899518328e-15,22.64451589459086,0.003178290883345971,1.460239154177229e-14,22.700150927077992,0.0030195319491825644,1.7128882922891435e-12,4.875430251825469e-13
hot_compact,10,2110.0,23.564911163528958,0.0037021035319767977,0.03702103531976798,2.3171758431030024e-12,4.624324583843901e-15,22.641393262340394,0.0031874449662036447,1.4644449209556575e-14,22.69702829482751,0.0030282287760837927,1.7178217366871113e-12,4.889472419182107e-13
hot_compact,10,2120.0,23.676593206958007,0.0037118373989145125,0.03711837398914512,2.3232683473058783e-12,4.6364832281895115e-15,22.63854230414757,0.003195825651644861,1.4682953567619685e-14,22.694177336634702,0.003036190837573634,1.7223383710986553e-12,4.902328211439903e-13
hot_compact,10,2130.0,23.788275250387052,0.0037210814836139104,0.037210814836139104,2.3290542929370655e-12,4.648030081960978e-15,22.635841711615562,0.003203784643333709,1.471952048901988e-14,22.691476744102694,0.003043752269352482,1.7266277405058701e-12,4.914537134498885e-13
hot_compact,10,2140.0,23.8999572938161,0.0037295850138352985,0.03729585013835299,2.3343767196709217e-12,4.658651903720572e-15,22.63336338443731,0.0032111060308543465,1.47531579914164e-14,22.68899841692444,0.003050707945954252,1.730573483494067e-12,4.925767986398091e-13
hot_compact,10,2150.0,24.011639337245146,0.0037369978473909284,0.037369978473909285,2.3390164707464073e-12,4.667911328302072e-15,22.63120754298611,0.0032174883480418893,1.478248101373781e-14,22.686842575473243,0.0030567714597624393,1.7340131297660622e-12,4.935558324487011e-13
hot_compact,10,2160.0,24.123321380674195,0.0037438327221022047,0.03743832722102205,2.34329447281599e-12,4.676448820266261e-15,22.629223572643518,0.003223373052995415,1.4809517798284332e-14,22.68485860513065,0.0030623622175850775,1.7371845960000966e-12,4.94458533604968e-13
hot_compact,10,2170.0,24.23500342410324,0.003749342497605272,0.037493424976052715,2.3467430848243663e-12,4.683331121123117e-15,22.627626876010517,0.0032281168712167243,1.4831312874195576e-14,22.68326190849765,0.0030668690771539775,1.7397411998448252e-12,4.951862251761366e-13
hot_compact,10,2180.0,24.34668546753229,0.0037540094754921574,0.03754009475492157,2.3496641831476247e-12,4.689160677316824e-15,22.62627625097516,0.003232135055755446,1.4849774086864615e-14,22.681911283462277,0.0030706865491971942,1.74190673519236e-12,4.958026060920608e-13
hot_compact,10,2190.0,24.458367510961335,0.0037580971659769502,0.0375809716597695,2.352222700910197e-12,4.694266641382037e-15,22.625094650605767,0.003235654484195686,1.4865943806369183e-14,22.680729683092885,0.003074030178527615,1.7438034740347437e-12,4.963424788889967e-13
hot_compact,10,2200.0,24.570049554390383,0.003761514414955603,0.03761514414955603,2.3543615840383455e-12,4.698535152061063e-15,22.62410783602038,0.003238596674483232,1.4879461453477655e-14,22.679742868507525,0.003076825403351237,1.7453891197425147e-12,4.967938045876511e-13
hot_compact,10,2210.0,24.68173159781943,0.0037641509936503477,0.037641509936503476,2.356011839469381e-12,4.7018285217818265e-15,22.623347071647466,0.0032408667216107566,1.488989099507439e-14,22.678982104134597,0.0030789820592645226,1.7466125248021508e-12,4.971420249628406e-13
hot_compact,10,2220.0,24.793413641248478,0.0037669815236474353,0.03766981523647435,2.3577834905525498e-12,4.7053641574921146e-15,22.62253093701323,0.0032433037573427336,1.4901087751842656e-14,22.678165969500363,0.0030812973625278465,1.7479259256601613e-12,4.975158610328718e-13
hot_compact,10,2230.0,24.905095684677523,0.0037707583921728393,0.03770758392172839,2.3601474623955983e-12,4.710081871575775e-15,22.621442896489775,0.0032465555736318594,1.491602794970955e-14,22.67707792897692,0.0030843867472123442,1.7496784392766795e-12,4.980146826980774e-13
hot_compact,10,2240.0,25.01677772810657,0.003776529880610888,0.03776529880610888,2.363759882597216e-12,4.717291079972814e-15,22.619782349032853,0.0032515247220120877,1.493885828618299e-14,22.675417381519985,0.0030891076814644454,1.7523564811537589e-12,4.987769394337878e-13
hot_compact,10,2250.0,25.12845977153562,0.00378361486051477,0.037836148605147696,2.368194427482399e-12,4.726140980161334e-15,22.617747355866207,0.003257624763065835,1.49668844144252e-14,22.673382388353325,0.0030949030191252083,1.7556439992843988e-12,4.99712672687363e-13
hot_compact,10,2260.0,25.240141814964666,0.00379196065453767,0.037919606545376704,2.373418125883684e-12,4.73656577248236e-15,22.615355106095613,0.003264810342539098,1.4999897958110872e-14,22.670990138582745,0.0031017296714327745,1.759516550729441e-12,5.008149252132225e-13
hot_compact,10,2270.0,25.351823858393715,0.003801336868297603,0.03801336868297603,2.37928677213753e-12,4.7482776696291915e-15,22.61267376774793,0.0032728830949872692,1.503698754380162e-14,22.66830880023506,0.003109399181502737,1.763867229651712e-12,5.020532681763397e-13
hot_compact,10,2280.0,25.46350590182276,0.0038118686888038832,0.038118686888038836,2.3858787217819043e-12,4.76143304361027e-15,22.60966983306256,0.0032819508041876597,1.507864837504424e-14,22.66530486554968,0.003118013949200668,1.7687541243688126e-12,5.03444235377674e-13
hot_compact,10,2290.0,25.57518794525181,0.0038230784755638133,0.03823078475563813,2.3928950158596053e-12,4.775435270194655e-15,22.6064816302325,0.003291602230213845,1.5122991044404464e-14,22.662116662719647,0.0031271832764620416,1.7739556037962537e-12,5.049247434918899e-13
hot_compact,10,2300.0,25.686869988680854,0.003834680388094603,0.03834680388094603,2.400156744554639e-12,4.789927303945826e-15,22.603191731362237,0.003301591269519522,1.5168884849729822e-14,22.65882676384937,0.0031366733528685716,1.7793390344216775e-12,5.064570407612418e-13
hot_compact,10,2310.0,25.798552032109903,0.0038456105769845953,0.038456105769845955,2.4069980361170387e-12,4.803580282787037e-15,22.600101403178463,0.003311001966777483,1.521212151090577e-14,22.65573643566558,0.003145613976013985,1.784410776986181e-12,5.079006215971762e-13
hot_compact,10,2320.0,25.91023407553895,0.0038565517053957285,0.038565517053957284,2.41384617481213e-12,4.8172469262640704e-15,22.597016766217642,0.003320422082767603,1.525540144565857e-14,22.652651798704774,0.003154563547416092,1.789487595623528e-12,5.093456472464832e-13
hot_compact,10,2330.0,26.021916118967997,0.003867352457336169,0.03867352457336169,2.4206064507653994e-12,4.8307382244654225e-15,22.59398027720463,0.003329721337125675,1.5298126091755203e-14,22.64961530969176,0.003163398294350336,1.7944992778457017e-12,5.107721329798796e-13
hot_compact,10,2340.0,26.133598162397043,0.0038792510289167477,0.03879251028916748,2.4280538607029672e-12,4.845600817204237e-15,22.59064495221164,0.003339965794570462,1.5345193394350333e-14,22.646279984698772,0.0031731310304943627,1.8000203619321135e-12,5.123436108455955e-13
hot_compact,10,2350.0,26.24528020582609,0.0038924825213708775,0.038924825213708776,2.4363355563438605e-12,4.8621283711497374e-15,22.58694798442763,0.003351357873061512,1.5397533345823184e-14,22.642583016914777,0.0031839540628201867,1.8061599377570979e-12,5.140911313257841e-13
hot_compact,10,2360.0,26.356962249255137,0.003907966035963634,0.03907966035963634,2.446026810429753e-12,4.881468942410681e-15,22.582637710646488,0.0033646889023591906,1.5458781644548628e-14,22.63827274313362,0.003196619193343876,1.8133444796528095e-12,5.161360827135391e-13
hot_compact,10,2370.0,26.468644292684186,0.003924399228904674,0.03924399228904674,2.4563124756952238e-12,4.901995763838532e-15,22.578081707928696,0.003378837587739311,1.5523786595733073e-14,22.633716740415814,0.003210061137178554,1.8209696840247193e-12,5.183064607958995e-13
hot_compact,10,2380.0,26.58032633611323,0.003943013312180514,0.039430133121805135,2.4679631774478166e-12,4.9252467513256964e-15,22.572944053906816,0.003394863980714439,1.5597418517358435e-14,22.628579086393948,0.0032252869951615746,1.8296068484323466e-12,5.207648752081237e-13
hot_compact,10,2390.0,26.69200837954228,0.003960110898648383,0.039601108986483835,2.4786646918696888e-12,4.946603471564569e-15,22.568246292083067,0.003409584697045175,1.56650516168847e-14,22.6238813245702,0.00323927239640613,1.8375403396018147e-12,5.230230016151016e-13
hot_compact,10,2400.0,26.80369042297133,0.003979495826856941,0.03979495826856941,2.490797871554475e-12,4.970817327092002e-15,22.562944528171634,0.0034262747737285777,1.5741732777778528e-14,22.618579560658766,0.0032551287864061498,1.8465351855733424e-12,5.255832236889818e-13
hot_compact,10,2410.0,26.915372466400374,0.00399958157486625,0.039995815748662504,2.503369699888237e-12,4.995906581755483e-15,22.557478264647777,0.0034435682437333236,1.5821186178802465e-14,22.61311329713491,0.0032715584296037514,1.8558552205831647e-12,5.282360050080855e-13
hot_compact,10,2420.0,27.027054509829423,0.004019607324883046,0.04019607324883046,2.515903975004568e-12,5.020920892487937e-15,22.55205558978887,0.0034608100565389766,1.5900402245147223e-14,22.607690622276003,0.0032879389959330624,1.8651474157838607e-12,5.308808622233097e-13
hot_compact,10,2430.0,27.138736553258468,0.004040913191071918,0.04040913191071918,2.5292394849444743e-12,5.0475342056884675e-15,22.546315860171454,0.0034791540264868036,1.5984682080266242e-14,22.601950892658586,0.0033053666655093582,1.875033600689837e-12,5.336947879873374e-13
hot_compact,10,2440.0,27.250418596687517,0.004060621273545988,0.04060621273545988,2.5415749294365986e-12,5.07215171557118e-15,22.54103344830967,0.0034961223332164526,1.606264154582856e-14,22.5966684807968,0.0033214873876755333,1.884178394229499e-12,5.362976899553566e-13
hot_compact,10,2450.0,27.362100640116562,0.0040804947582457245,0.04080494758245724,2.554013900488258e-12,5.096975830583048e-15,22.53573260144062,0.003513233048305848,1.614125529468468e-14,22.59136763392774,0.003337743404755819,1.8933999364435534e-12,5.389224370612407e-13
hot_compact,10,2460.0,27.47378268354561,0.004097552715176084,0.04097552715176084,2.5646906104695733e-12,5.1182830492769264e-15,22.531203288462798,0.0035279196443131614,1.6208731631239768e-14,22.58683832094993,0.0033516963900225845,1.9013150390184392e-12,5.411753294835673e-13
hot_compact,10,2470.0,27.585464726974656,0.004113799631030967,0.04113799631030966,2.5748596834354397e-12,5.13857719063479e-15,22.526906824973075,0.00354190794845179,1.627299972422898e-14,22.58254185746022,0.0033649859638255355,1.9088538085230142e-12,5.433211054264353e-13
hot_compact,10,2480.0,27.697146770403705,0.004128462206168454,0.04128462206168454,2.5840371050317844e-12,5.1568923204211614e-15,22.523043879148325,0.0035545321635527143,1.6331000624265287e-14,22.578678911635443,0.0033769795862564887,1.9156574243780075e-12,5.452576330278297e-13
hot_compact,10,2490.0,27.80882881383275,0.004141747608372348,0.041417476083723474,2.5923525432108814e-12,5.173487213429169e-15,22.51955558685615,0.0035659706573746793,1.6383553827092537e-14,22.57519061934328,0.0033878467154191886,1.921822014992331e-12,5.47012273520528e-13
hot_compact,10,2500.0,27.9205108572618,0.004153035107844271,0.04153035107844271,2.599417478288862e-12,5.187586511530178e-15,22.516600656070928,0.0035756889926567828,1.6428203905430895e-14,22.57223568855806,0.0033970796097495793,1.927059554077404e-12,5.485030453715257e-13
hot_compact,10,2510.0,28.032192900690845,0.004162831729346506,0.041628317293465056,2.6055492610693616e-12,5.199823543061062e-15,22.514042521897274,0.003584123708656318,1.6466956502373563e-14,22.569677554384405,0.0034050930029151743,1.9316053073815124e-12,5.497969127694147e-13
hot_compact,10,2520.0,28.143874944119894,0.004173035105463044,0.04173035105463044,2.6119356347758557e-12,5.212568654754013e-15,22.511384566674927,0.003592908633108059,1.6507318102748597e-14,22.567019599162073,0.003413439111256669,1.936339799847536e-12,5.511445013950011e-13
hot_compact,10,2530.0,28.25555698754894,0.004183915823257592,0.04183915823257592,2.6187459619888513e-12,5.226159838888275e-15,22.50855731639681,0.0036022767366371347,1.655035907060092e-14,22.564192348883942,0.00342233926827424,1.941388587213094e-12,5.525815484440053e-13
hot_compact,10,2540.0,28.367239030977988,0.00419336189769552,0.0419336189769552,2.624658334592875e-12,5.237958999518665e-15,22.506108800375664,0.003610409637880305,1.658772500489775e-14,22.56174383286278,0.003430065922644353,1.945771682352298e-12,5.538291181036557e-13
hot_compact,10,2550.0,28.478921074407033,0.004200875708428481,0.042008757084284816,2.6293612880812587e-12,5.247344555430505e-15,22.504165081622368,0.003616878894612571,1.661744746368332e-14,22.5598001141095,0.0034362120332766116,1.949258183281013e-12,5.548214882528005e-13
hot_compact,10,2560.0,28.590603117836082,0.004207242206396141,0.04207242206396142,2.6333461294473637e-12,5.255296994580449e-15,22.502520875693754,0.0036223603355620424,1.6642631485503572e-14,22.558155908180886,0.003441419670551481,1.952212316924482e-12,5.556623295731681e-13
hot_compact,10,2570.0,28.70228516126513,0.004211845079205674,0.04211845079205674,2.6362271038963494e-12,5.261046476653432e-15,22.50133369091146,0.0036263233267750375,1.6660839117055478e-14,22.55696872339859,0.003445184706232975,1.9543481067248283e-12,5.562702439509487e-13
hot_compact,10,2580.0,28.813967204694176,0.004215016435176112,0.042150164351761124,2.638212080648379e-12,5.2650078405784405e-15,22.500516481289118,0.0036290538075778303,1.6673384082649597e-14,22.55615151377625,0.0034477787966807265,1.955819655041545e-12,5.566890938673525e-13
hot_compact,10,2587.75,28.900520788351688,0.004216363387369369,0.04216363387369369,2.63905514866554e-12,5.266690328409139e-15,22.50016957845576,0.003630213509339553,1.6678712235363713e-14,22.555804610942907,0.003448880570133682,1.9564446574856606e-12,5.568669896377436e-13
hot_compact,10,2600.0,29.03733129155227,0.004215815447634991,0.04215815447634991,2.638712188857687e-12,5.266005892881536e-15,22.500310685047587,0.0036297417430226353,1.6676544744492457e-14,22.55594571753472,0.003448432369034801,1.9561904066852763e-12,5.567946216935336e-13
hot_compact,10,2610.0,29.14901333498132,0.004213530264490705,0.04213530264490706,2.637281874677312e-12,5.263151453911522e-15,22.50089936801772,0.0036277742411828864,1.6667505221907e-14,22.556534400504837,0.0034465631459576047,1.955130053498593e-12,5.564928111185388e-13
hot_compact,10,2620.0,29.260695378410364,0.004210344902293034,0.04210344902293034,2.6352881313170235e-12,5.259172594705691e-15,22.501720477818047,0.0036250317012688055,1.6654904851735033e-14,22.55735551030518,0.0034439575987637115,1.9536520061195506e-12,5.560721113602501e-13
hot_compact,10,2630.0,29.372377421839413,0.004205725137203644,0.04205725137203644,2.6323965838566455e-12,5.253402012362458e-15,22.502912446681243,0.0036210541661048025,1.663663039921708e-14,22.55854747916839,0.003440178745616683,1.9515083780928367e-12,5.554619659714849e-13
hot_compact,10,2640.0,29.48405946526846,0.004199727590511633,0.04199727590511633,2.6286426720082674e-12,5.2459104329479275e-15,22.504461858687783,0.003615890385608687,1.6612905841771708e-14,22.560096891174915,0.0034352729013252467,1.9487254423955114e-12,5.546698530853905e-13
hot_compact,10,2650.0,29.595741508697508,0.004191360613215575,0.04191360613215575,2.623405714828989e-12,5.235459180445552e-15,22.50662709231778,0.0036086865677158854,1.6579808503193442e-14,22.562262124804896,0.003428428921626161,1.9448430616502433e-12,5.53564802824974e-13
hot_compact,10,2660.0,29.707423552126553,0.004181104242901804,0.04181104242901804,2.6169861716358528e-12,5.222647873313455e-15,22.50928717351028,0.0035998560162075937,1.6539237273124623e-14,22.564922205997412,0.0034200394653470315,1.9400839792225565e-12,5.522102151064798e-13
hot_compact,10,2670.0,29.8191055955556,0.004170083385002136,0.04170083385002136,2.6100881296241137e-12,5.2088816391494755e-15,22.51215281416132,0.003590367254553004,1.6495641951609866e-14,22.56778784664845,0.0034110246772027656,1.9349701651183674e-12,5.50754659359032e-13
hot_compact,10,2680.0,29.930787638984647,0.004158743182829258,0.04158743182829258,2.602990207509314e-12,5.194716509719452e-15,22.515109407284392,0.003580603543187436,1.6450783396652566e-14,22.570744439771524,0.0034017486733714584,1.9297081713295028e-12,5.49256926913861e-13
hot_compact,10,2690.0,30.042469682413696,0.004146783938426473,0.04146783938426473,2.5955048219730803e-12,5.1797781301149065e-15,22.518236142869974,0.0035703068475272516,1.6403476089947464e-14,22.573871175357105,0.0033919663083652055,1.924158934304657e-12,5.476774358176071e-13
hot_compact,10,2700.0,30.15415172584274,0.0041344300598094704,0.041344300598094706,2.5877724317650035e-12,5.164346810028641e-15,22.521475538262145,0.0035596703788626847,1.6354607724601907e-14,22.577110570749277,0.0033818611423694083,1.9184265821331476e-12,5.46045824269037e-13
hot_compact,10,2710.0,30.26583376927179,0.004116394776882084,0.04116394776882083,2.576484005722376e-12,5.141818806287707e-15,22.52622211601946,0.00354414232264156,1.6283265369497895e-14,22.581857148506593,0.003367108728701397,1.91005798823177e-12,5.436638536492547e-13
hot_compact,10,2720.0,30.377515812700835,0.0041006186257330785,0.04100618625733078,2.566609588104429e-12,5.1221127005652064e-15,22.530391212181634,0.0035305593384998084,1.6220859485321955e-14,22.586026244668766,0.00335420422874006,1.9027376593617263e-12,5.415802529271886e-13
hot_compact,10,2730.0,30.489197856129884,0.004088647134758643,0.04088647134758643,2.5591165373422655e-12,5.107159023678492e-15,22.533565584784718,0.0035202520987603404,1.6173503734726786e-14,22.58920061727185,0.0033444118463422457,1.8971827397764662e-12,5.399991443917194e-13
hot_compact,10,2740.0,30.600879899558933,0.0040800561777247545,0.04080056177724754,2.553739389475892e-12,5.0964279964483205e-15,22.535849305019703,0.0035128554383168876,1.6139520397184337e-14,22.591484337506834,0.0033373846567784173,1.893196429668094e-12,5.388645124963995e-13
hot_compact,10,2750.0,30.71256194298798,0.0040743427852490705,0.0407434278524907,2.5501633319960105e-12,5.089291356142546e-15,22.537370750832217,0.003507936309521794,1.611691987150975e-14,22.59300578331935,0.0033327112435811664,1.890545345034674e-12,5.381099286580889e-13
hot_compact,10,2760.0,30.824243986417027,0.004072245168007585,0.04072245168007585,2.5488504167957563e-12,5.0866712071128086e-15,22.53792987056338,0.003506130298571629,1.6108622305304836e-14,22.593564903050513,0.0033309954447557125,1.8895720247421563e-12,5.378328904402309e-13
hot_compact,10,2770.0,30.935926029846073,0.004071912765419374,0.04071912765419374,2.5486423633901902e-12,5.086256000610041e-15,22.538018498885116,0.0035058441058848514,1.610730741695065e-14,22.593653531372247,0.0033307235476912004,1.8894177858381313e-12,5.377889890940617e-13
hot_compact,10,2780.0,31.04760807327512,0.004075201662333801,0.04075201662333801,2.550700909947503e-12,5.090364185787399e-15,22.537141900261297,0.003508675787339383,1.612031734047191e-14,22.59277693274843,0.0033334137837129157,1.8909438746037553e-12,5.382233629740389e-13
hot_compact,10,2790.0,31.159290116704167,0.004080689112051071,0.04080689112051071,2.5541355480702e-12,5.097218599342016e-15,22.53568088909926,0.0035134003834581913,1.6142024102041496e-14,22.591315921586393,0.003337902381343321,1.8934901190082893e-12,5.389481059157878e-13
hot_compact,10,2800.0,31.270972160133216,0.004088061085648209,0.040880610856482084,2.5587497245749176e-12,5.1064269854506796e-15,22.533721220701004,0.0035197475209518404,1.617118549420273e-14,22.589356253188136,0.0033439324727199014,1.896910805755179e-12,5.399217432348634e-13
hot_compact,10,2810.0,31.38265420356226,0.004097783121602064,0.04097783121602064,2.5648348236715456e-12,5.11857085162787e-15,22.531142238957678,0.003528118020127433,1.62096430523207e-14,22.58677727144481,0.0033518848567586777,1.9014219504441743e-12,5.412057599092781e-13
hot_compact,10,2820.0,31.49433624699131,0.0041098829148689155,0.041098829148689155,2.5724081798519754e-12,5.1336847918459205e-15,22.527941038256166,0.0035385357258472775,1.6257506329620218e-14,22.583576070743298,0.003361782187246293,1.907036403876847e-12,5.428038136899211e-13
hot_compact,10,2830.0,31.606018290420355,0.0041228968832809935,0.04122896883280994,2.5805537254767546e-12,5.1499406349204135e-15,22.52450847992521,0.0035497405200263484,1.630898581899141e-14,22.580143512412327,0.0033724272903062438,1.9130750458612573e-12,5.445226051571329e-13
hot_compact,10,2840.0,31.717700333849404,0.00413759184462608,0.041375918446260804,2.5897514178562505e-12,5.1682962185554386e-15,22.52064554422831,0.003562392619073115,1.636711482948389e-14,22.57628057671544,0.0033844474038509536,1.919893689316344e-12,5.464634100961937e-13
hot_compact,10,2850.0,31.82938237727845,0.00415345009774855,0.0415345009774855,2.599677223747902e-12,5.1881048784531526e-15,22.516492169857337,0.0035760462915464526,1.642984548528494e-14,22.57212720234447,0.003397419061188218,1.927252114515522e-12,5.485578542571683e-13
hot_compact,10,2860.0,31.941064420707498,0.0041694786712542665,0.04169478671254266,2.6097096345127665e-12,5.208126286786608e-15,22.512310270777455,0.003589846606825302,1.6493249879186583e-14,22.567945303264587,0.003410530036370392,1.9346895704749192e-12,5.506747931109336e-13
hot_compact,10,2870.0,32.05274646413655,0.004184557657755079,0.04184557657755079,2.619147691270596e-12,5.226961559050838e-15,22.50839077157729,0.003602829344666726,1.6552897981957175e-14,22.56402580406442,0.0034228642729581937,1.941686406342574e-12,5.526663173340709e-13
hot_compact,10,2880.0,32.16442850756559,0.004198568786178022,0.04198568786178022,2.627917367222614e-12,5.244462961984056e-15,22.504761480365993,0.0036148926757909906,1.660832194749085e-14,22.560396512853124,0.0034343250281502853,1.9481877428807217e-12,5.545168065328162e-13
hot_compact,10,2890.0,32.27611055099464,0.004211035299801567,0.042110352998015674,2.635720256570976e-12,5.2600349752803465e-15,22.501542457219422,0.0036256261211828488,1.665763586429608e-14,22.557177489706554,0.003444522326785017,1.953972359085606e-12,5.561632941039819e-13
hot_compact,10,2900.0,32.387792594423686,0.004223184789670887,0.04223184789670888,2.643324718247438e-12,5.275210991887817e-15,22.49841445012344,0.0036360866147890952,1.670569572695969e-14,22.554049482610573,0.0034544603078596214,1.959609872355267e-12,5.577679114549033e-13
hot_compact,10,2910.0,32.499474637852735,0.004232963973828328,0.042329639738283284,2.6494455868560957e-12,5.287426242303854e-15,22.495903231524288,0.003644506317546454,1.674437934681731e-14,22.55153826401142,0.0034624594377100962,1.9641475345161488e-12,5.590594758535461e-13
hot_compact,10,2920.0,32.611156681281784,0.004239068728252229,0.04239068728252229,2.6532666008706836e-12,5.295051735679968e-15,22.49433851753428,0.0036497624019833966,1.6768527986995913e-14,22.549973550021413,0.0034674529752645447,1.966980215924417e-12,5.598657479667845e-13
hot_compact,10,2930.0,32.722838724710826,0.004243048866928602,0.04243048866928602,2.6557578011068278e-12,5.300023355995089e-15,22.493319578353216,0.0036531892302390672,1.6784272262700163e-14,22.548954610840347,0.0034707086298858946,1.9688270494001007e-12,5.603914160934198e-13
hot_compact,10,2940.0,32.834520768139875,0.004239184331749164,0.042391843317491636,2.6533389580125523e-12,5.29519613685304e-15,22.494308908863452,0.0036498619345278534,1.6768985280943715e-14,22.549943941350584,0.0034675475360549197,1.9670338573739756e-12,5.59881016046268e-13
hot_compact,10,2950.0,32.946202811568924,0.004226656737122181,0.04226656737122181,2.645497837581668e-12,5.279547826828859e-15,22.49752221581371,0.003639075899483853,1.6719429745381797e-14,22.553157248300828,0.0034573002746758497,1.9612208988295274e-12,5.582264613349193e-13
hot_compact,10,2960.0,33.05788485499797,0.00420713673738359,0.042071367373835905,2.633280115559322e-12,5.2551652524659025e-15,22.502548093751365,0.0036222695286274873,1.6642214280640408e-14,22.558183126238482,0.0034413333995177205,1.9521633780007753e-12,5.55648399983585e-13
hot_compact,10,2970.0,33.169566898427014,0.004182409933489505,0.04182409933489505,2.6178034136881767e-12,5.224278820971036e-15,22.508948168751054,0.003600980192464481,1.654440220687913e-14,22.5645832012382,0.003421107487831056,1.9406898357723713e-12,5.523826613403953e-13
hot_compact,10,2980.0,33.28124894185606,0.0041565398381636,0.041565398381636004,2.601611116679143e-12,5.191964295791322e-15,22.515684793864743,0.003578706502814928,1.644206760338296e-14,22.571319826351875,0.0033999463921379524,1.9286857922070962e-12,5.489659249772692e-13
hot_compact,10,2990.0,33.39293098528511,0.004127763639978309,0.04127763639978309,2.583599866935488e-12,5.156019736286594e-15,22.52322760924971,0.003553930710549819,1.632823729876595e-14,22.578862641736826,0.003376408176456432,1.9153332810428516e-12,5.451653714233071e-13
hot_compact,10,3000.0,33.50461302871416,0.004096240479216931,0.04096240479216931,2.563869271617557e-12,5.11664392574802e-15,22.531551049766612,0.003526789832608453,1.6203540805891752e-14,22.587186082253744,0.0033506230135872156,1.9007061453354765e-12,5.410020187840065e-13
hot_compact,10,3010.0,33.6162950721432,0.004062046432523956,0.04062046432523955,2.5424669476980553e-12,5.073931892068346e-15,22.540652453599115,0.0034973493696218703,1.606827906192937e-14,22.596287486086247,0.0033226531323367237,1.884839685587085e-12,5.364859147161049e-13
hot_compact,10,3020.0,33.72797711557225,0.004025061837419816,0.04025061837419816,2.519317997485824e-12,5.027734163969624e-15,22.55058327003811,0.003465506294334125,1.5921978716771442e-14,22.606218302525242,0.0032924006517675588,1.8676783769300747e-12,5.316012550588493e-13
hot_compact,10,3030.0,33.8396591590013,0.003985113429272788,0.03985113429272788,2.494313973279271e-12,4.977834315333815e-15,22.561412943848516,0.0034311114289943905,1.5763954385723247e-14,22.617047976335634,0.0032597238457126574,1.8491418224365893e-12,5.263251562642586e-13
hot_compact,10,3040.0,33.95134120243035,0.0039413793655271,0.039413793655271,2.466940477331111e-12,4.923205776616911e-15,22.573394065755828,0.0033934571818525264,1.5590955097691652e-14,22.62902909824296,0.0032239504673654946,1.8288486770161294e-12,5.205490752709454e-13
hot_compact,10,3050.0,34.0630232458594,0.0038935199230148566,0.038935199230148564,2.436984874227129e-12,4.863424197126547e-15,22.586658658926275,0.0033522510573335,1.5401637006229743e-14,22.642293691413407,0.003184802631609125,1.8066413049253335e-12,5.142281438831596e-13
hot_compact,10,3060.0,34.17470528928844,0.0038424811387525633,0.03842481138752563,2.40503929600858e-12,4.799671278615486e-15,22.600985301212553,0.0033083075763981813,1.5199742359742762e-14,22.656620333699685,0.0031430541732355476,1.7829586790175067e-12,5.074873078745617e-13
hot_compact,10,3070.0,34.28638733271749,0.0037828619831504263,0.03782861983150426,2.3677231955931753e-12,4.725200555542065e-15,22.617963421079047,0.003256976549112763,1.4963906249652682e-14,22.673598453566193,0.003094287184133055,1.7552946548940116e-12,4.99613238053075e-13
hot_compact,10,3080.0,34.39806937614654,0.003725420093768003,0.03725420093768003,2.3317698633026348e-12,4.6534494716193145e-15,22.63457653048139,0.003207520109124046,1.4736682774054017e-14,22.69021156296852,0.003047301144742743,1.7286409091720994e-12,4.920267259143642e-13
hot_compact,10,3088.12,34.488755195410924,0.0036791136894475393,0.03679113689447539,2.302786319070136e-12,4.595607803486874e-15,22.648156641426134,0.003167651122727698,1.4553508051820867e-14,22.70379167391325,0.0030094236556695727,1.7071541659726082e-12,4.859109086553177e-13
hot_compact,10,3100.0,34.62143346300463,0.003612377696385734,0.036123776963857344,2.261015733873743e-12,4.5122473867191255e-15,22.668031781737092,0.003110192625602452,1.4289519794225847e-14,22.723666814224224,0.0029548352702166198,1.6761878414193468e-12,4.770968980631238e-13
hot_compact,10,3110.0,34.73311550643368,0.003554859053985666,0.03554859053985666,2.225014361263196e-12,4.440400430040975e-15,22.685458696853807,0.0030606701026374954,1.4061992705921895e-14,22.74109372934094,0.00290778644876344,1.6494984813498266e-12,4.695002489371668e-13
hot_compact,10,3120.0,34.844797549862726,0.0034967540347987974,0.03496754034798798,2.1886459707900765e-12,4.3678210258320714e-15,22.703351950517096,0.003010642719740547,1.3832146080901109e-14,22.758986983004213,0.0028602579856567855,1.6225370352131418e-12,4.618261553772134e-13
hot_compact,10,3130.0,34.956479593291775,0.003433661758658759,0.03433661758658759,2.1491560167962673e-12,4.2890120025065506e-15,22.723120882997357,0.0029563213977537696,1.3582571311998101e-14,22.77875591548449,0.002808650070182344,1.5932614402887197e-12,4.534933807428579e-13
hot_compact,10,3140.0,35.068161636720816,0.0033708723995738146,0.03370872399573815,2.1098556609799445e-12,4.210581355088846e-15,22.743158879389718,0.0029022608819368086,1.3334194795221141e-14,22.79879391187685,0.0027572899333383706,1.564126402616995e-12,4.4520061321725537e-13
hot_compact,10,3150.0,35.179843680149865,0.0033005191291990313,0.03300519129199031,2.065820993340951e-12,4.1227025707874765e-15,22.76605902673409,0.0028416879737036545,1.3055897636367892e-14,22.821694059221223,0.0026997427048504725,1.5314816167397354e-12,4.359088586208331e-13
hot_compact,10,3160.0,35.291525723578914,0.00322231257687904,0.0322231257687904,2.0168708945003897e-12,4.025014194601546e-15,22.79209549623763,0.0027743535300925127,1.274653516894573e-14,22.84773052872476,0.0026357716867068375,1.4951928111009306e-12,4.2557989895600874e-13
hot_compact,10,3170.0,35.40320776700796,0.0031349494548962515,0.03134949454896251,1.96218962638132e-12,3.915888280316096e-15,22.821938304573287,0.0026991354436747125,1.2400951964258289e-14,22.87757333706042,0.0025643108219115373,1.454655244112158e-12,4.140416053426911e-13
hot_compact,10,3180.0,35.514889810437005,0.003041230186318733,0.03041230186318733,1.903529995902226e-12,3.798822856856295e-15,22.854891430922684,0.002618444828654503,1.2030225684783492e-14,22.91052646340983,0.002487650787007428,1.4111683466447298e-12,4.016638375439874e-13
hot_compact,10,3190.0,35.626571853866054,0.0029446154353673796,0.029446154353673794,1.8430580601343068e-12,3.678140665197616e-15,22.889943201489608,0.0025352612550669563,1.164804571575233e-14,22.94557823397674,0.0024086223194084056,1.3663379096147246e-12,3.889036552318913e-13
hot_compact,10,3200.0,35.7382538972951,0.0028357192272936644,0.028357192272936642,1.7748990633438536e-12,3.542117615671021e-15,22.930856592458944,0.0024415035664271984,1.121728385983057e-14,22.986491624946076,0.0023195479247981737,1.3158087248806755e-12,3.745214262820261e-13
hot_compact,10,3210.0,35.84993594072415,0.002720829972899584,0.02720829972899584,1.7029889715231838e-12,3.3986086081770163e-15,22.975761154255785,0.0023425859720308684,1.076281524863008e-14,23.031396186742917,0.0022255713670887812,1.2624986926772966e-12,3.59347678822827e-13
hot_compact,10,3220.0,35.9616179841532,0.0025637961831678976,0.025637961831678976,1.6047002821404524e-12,3.202456553519955e-15,23.040305920575996,0.0022073826860393294,1.014163506335257e-14,23.095940953063128,0.0020971216258064067,1.1896330758555532e-12,3.386077838647101e-13
hot_compact,10,3230.0,36.07330002758224,0.0024045996283519125,0.024045996283519125,1.5050579010080557e-12,3.003602973186474e-15,23.109907723076297,0.0020703172979694763,9.511899605874905e-15,23.165542755563415,0.0019669027963805986,1.115763909338058e-12,3.1758224642962007e-13
hot_compact,10,3240.0,36.18498207101129,0.002233397089956312,0.02233397089956312,1.3979008799194608e-12,2.7897526310010092e-15,23.190099797370614,0.0019229149726436474,8.834671955047219e-15,23.245734829857746,0.0018268633704622973,1.0363238182407313e-12,2.949710449235326e-13
hot_compact,10,3250.0,36.29666411444034,0.0020202350192372984,0.020202350192372983,1.2644810561167028e-12,2.5234903302698735e-15,23.29900992469411,0.001739386240010915,7.991464548478107e-15,23.354644957181243,0.0016525020888435063,9.37413986207257e-13,2.668181297877466e-13
hot_compact,10,3260.0,36.40834615786939,0.0018126410508811518,0.018126410508811516,1.1345463515645864e-12,2.264183186902534e-15,23.416735134109636,0.0015606515439831904,7.17028294198247e-15,23.472370166596768,0.001482695376716837,8.410878224014307e-13,2.3940060961580394e-13
hot_compact,10,3270.0,36.52002820129843,0.001621096678856079,0.01621096678856079,1.0146572161297823e-12,2.0249237116334784e-15,23.53799237208191,0.0013957352635111664,6.412588889596046e-15,23.59362740456904,0.0013260168359215437,7.522088694054683e-13,2.1410280484139063e-13
hot_compact,10,3280.0,36.63171024472748,0.0014497930745421008,0.014497930745421009,9.074369370845681e-13,1.8109471272705855e-15,23.659249610054196,0.0012482459222361605,5.734961451270329e-15,23.714884642541328,0.0011858947405911989,6.727218824744815e-13,1.914782552747706e-13
hot_compact,10,3290.0,36.74339228815653,0.0012965913670697515,0.012965913670697514,8.115467782570796e-13,1.6195817545758467e-15,23.780506848026498,0.001116341990571722,5.128939873397765e-15,23.836141880513615,0.0010605795474568733,6.016343991233455e-13,1.7124447421523124e-13
hot_compact,10,3300.0,36.85507433158558,0.0011595787031130475,0.011595787031130475,7.257894696412023e-13,1.4484382344769876e-15,23.901764085998785,0.000998376535996292,4.586957462303875e-15,23.957399118485917,0.0009485065899888137,5.380588317970162e-13,1.5314882573569626e-13
hot_compact,10,3310.0,36.96675637501462,0.0010370443632924493,0.010370443632924492,6.490942584645302e-13,1.295379694891816e-15,24.023021323971072,0.0008928766597030703,4.102247107655549e-15,24.078656356458204,0.0008482765422070244,4.812013855866903e-13,1.369653703087869e-13
hot_compact,10,3320.0,37.07843841844367,0.0009274584023916787,0.009274584023916788,5.805035399313546e-13,1.1584950700669136e-15,24.144278561943345,0.0007985251062084987,3.66875678934593e-15,24.199913594430477,0.000758637946908932,4.3035214702674943e-13,1.2249204376008885e-13
hot_compact,10,3330.0,37.190120461872716,0.0008294525466933687,0.008294525466933687,5.191609007141578e-13,1.0360752392999567e-15,24.265535799915632,0.000714143816299717,3.281074012887579e-15,24.321170832402764,0.0006784715901642124,3.8487622022270336e-13,1.095481343254612e-13
hot_compact,10,3340.0,37.301802505301765,0.0007418031099205746,0.0074180310992057455,4.643004259064598e-13,9.265916871173745e-16,24.38679303788792,0.0006386792179655776,2.9343582298257155e-15,24.44242807037505,0.0006067765269790978,3.4420579963716897e-13,9.797202631130775e-14
hot_compact,10,3350.0,37.41348454873081,0.0006634157144751767,0.006634157144751767,4.1523713592525013e-13,8.286774184615517e-16,24.508050275860207,0.0005711890716560191,2.624280399383034e-15,24.56368530834734,0.0005426575836487195,3.0783308055589275e-13,8.761918218549426e-14
hot_compact,10,3360.0,37.525166592159856,0.00059331162720487,0.0059331162720487,3.7135843395961387e-13,7.411098905974905e-16,24.629307513832494,0.0005108307056216894,2.346968936711935e-15,24.684942546319625,0.00048531418075375076,2.753039187149651e-13,7.836033790360377e-14
hot_compact,10,3370.0,37.636848635588905,0.000530615539089197,0.00530615539089197,3.321164571796935e-13,6.627957486293055e-16,24.75056475180478,0.0004568504944420593,2.0989613728722503e-15,24.806199784291913,0.0004340303372469788,2.4621215992429594e-13,7.007988893764774e-14
hot_compact,10,3380.0,37.748530679017954,0.0004745446362636328,0.004745446362636328,2.97021236204337e-13,5.927571740365179e-16,24.871821989777068,0.000408574449372513,1.8771611229682443e-15,24.9274570222642,0.0003881657308223425,2.2019456888788494e-13,6.267444685543115e-14
hot_compact,10,3390.0,37.860212722447,0.0004243988259241847,0.004243988259241847,2.6563457741758273e-13,5.30119675780044e-16,24.993079227749355,0.0003653998030229203,1.6787988226584037e-15,25.048714260236487,0.0003471477029475596,1.969262939029073e-13,5.605154842824031e-14
hot_compact,10,3400.0,37.971894765876044,0.00037955199507463006,0.0037955199507463005,2.3756459174950875e-13,4.741011715394703e-16,25.114336465721642,0.0003267874832952571,1.5013977502915286e-15,25.169971498208774,0.00031046410873638745,1.7611681081053168e-13,5.012850114896726e-14
hot_compact,10,3410.0,38.08357680930509,0.0003394441929744335,0.003394441929744335,2.124608016086355e-13,4.2400222275160396e-16,25.23559370369393,0.0002922553826110009,1.342742902935154e-15,25.29122873618106,0.000277656922385109,1.5750629555525644e-13,4.483135074598512e-14
hot_compact,10,3420.0,38.19525885273414,0.0003035746396785733,0.0030357463967857334,1.9000976487177746e-13,3.7919730152646057e-16,25.356850941666217,0.0002613723383888925,1.2008533401842656e-15,25.41248597415335,0.0002483165183316883,1.408623800610877e-13,4.009395780130854e-14
hot_compact,10,3430.0,38.30694089616319,0.0002714954733749616,0.002714954733749616,1.6993116129314617e-13,3.3912698040073084e-16,25.478108179638504,0.00023375274961422136,1.073957450439304e-15,25.533743212125636,0.00022207655673301755,1.259772509189213e-13,3.5857171943833806e-14
hot_compact,10,3440.0,38.41862293959223,0.0002428061584496612,0.002428061584496612,1.5197429246819914e-13,3.032909474111657e-16,25.599365417610777,0.0002090517622829322,9.604708308319387e-16,25.655000450097923,0.00019860940940109645,1.1266505465977795e-13,3.2068093306760054e-14
hot_compact,10,3450.0,38.53030498302128,0.00021714848445984818,0.002171484844598482,1.3591495165131474e-13,2.712417592751468e-16,25.720622655583064,0.00018696096360673888,8.589765046107205e-16,25.77625768807021,0.00017762206908707756,1.0075957721652622e-13,2.867941202786104e-14
hot_compact,10,3460.0,38.64198702645033,0.00019420209357245288,0.0019420209357245287,1.215526243443094e-13,2.4257925468159915e-16,25.84187989355535,0.0001672045312177411,7.682072289838824e-16,25.897514926042483,0.00015885249103711588,9.0112168600204e-14,2.564881754570775e-14
hot_compact,10,3470.0,38.75366906987938,0.0001736804806247558,0.0017368048062475579,1.0870798470276963e-13,2.1694555793744237e-16,25.96313713152764,0.00014953578929209618,6.870296725176922e-16,26.01877216401477,0.00014206632114124393,8.058988687876059e-14,2.2938470316403838e-14
hot_compact,10,3480.0,38.86535111330842,0.00015532741586430043,0.0015532741586430044,9.722065650070718e-14,1.9402061058586607e-16,26.08439436949994,0.00013373412859302703,6.144302645317474e-16,26.140029401987057,0.0001270539698234341,7.207383828421956e-14,2.051452935476917e-14
hot_compact,10,3490.0,38.97703315673747,0.0001389137457029953,0.0013891374570299529,8.694721069728083e-14,1.7351817520489244e-16,26.205651607472213,0.00011960225197729034,5.495025398089061e-16,26.26128663995936,0.00011362799513788234,6.445769272309121e-14,1.8346729700922078e-14
hot_compact,10,3500.0,39.08871520016652,0.00012423453154010504,0.0012423453154010505,7.77593746035068e-14,1.551822614902599e-16,26.3269088454445,0.00010696371097291547,4.91435820607819e-16,26.382543877931646,0.0001016207623972504,5.764635615492303e-14,1.6408004536572216e-14
hot_compact,10,3510.0,39.20039724359557,0.00011110649092990772,0.0011110649092990772,6.954243028888328e-14,1.3878392999923854e-16,26.448166083416787,9.566070267029606e-05,4.395050946633789e-16,26.50380111590392,9.08823511113379e-05,5.1554783262506835e-14,1.4674147232825026e-14
hot_compact,10,3520.0,39.312079287024616,9.936570914482501e-05,0.00099365709144825,6.219378223067766e-14,1.2411843364740797e-16,26.569423321389074,8.555209941895078e-05,3.930619627933411e-16,26.625058353876206,8.127868310253873e-05,4.6106915588923464e-14,1.3123509109878076e-14
hot_compact,10,3530.0,39.42376133045366,8.886559256094904e-05,0.0008886559256094903,5.5621676321761907e-14,1.1100266126755846e-16,26.69068055936136,7.651168672904535e-05,3.5152654308429615e-16,26.746315591848493,7.268984842601378e-05,4.1234731883164265e-14,1.1736729134882503e-14
hot_compact,10,3540.0,39.53544337388271,7.947503831224744e-05,0.0007947503831224744,4.9744054242721684e-14,9.927285131137846e-17,26.81193779733365,6.842658737637987e-05,3.143802305738879e-16,26.86757282982078,6.500860819227298e-05,3.687739879708886e-14,1.0496492183017926e-14
hot_compact,10,3550.0,39.647125417311756,7.107679736002587e-05,0.0007107679736002587,4.448752889410317e-14,8.878254714755472e-17,26.933195035305936,6.119585203445651e-05,2.8115922202776667e-16,26.988830067793067,5.8139055598636304e-05,3.2980511329449965e-14,9.387312843465345e-15
hot_compact,10,3560.0,39.758807460740805,6.356601053918158e-05,0.0006356601053918158,3.978646809619952e-14,7.940076842644609e-17,27.054452273278223,5.472919883647165e-05,2.514487249626213e-16,27.110087305765354,5.1995418451415085e-05,2.949541353328432e-14,8.39534207091201e-15
hot_compact,10,3570.0,39.870489504169846,5.684889930254271e-05,0.0005684889930254271,3.55821751155912e-14,7.101037567926727e-17,27.17570951125051,4.894588612959497e-05,2.2487777861002854e-16,27.23134454373764,4.650098822728674e-05,2.6378591005124994e-14,7.508194268468276e-15
hot_compact,10,3580.0,39.982171547598895,5.084159481612561e-05,0.0005084159481612561,3.182215578661873e-14,6.350660773241545e-17,27.296966749222797,4.377370434691574e-05,2.0111462215645907e-16,27.352601781709915,4.158716230228568e-05,2.3591127570747443e-14,6.714792642979931e-15
hot_compact,10,3590.0,40.093853591027944,4.546909078557087e-05,0.0004546909078557087,2.8459463077177514e-14,5.67957736753169e-17,27.418223987195084,3.9148074409722563e-05,1.7986255242798616e-16,27.473859019682216,3.7192587389826434e-05,2.109821938370977e-14,6.005230901865805e-15
hot_compact,10,3598.44,40.18811323568206,4.1378984329881624e-05,0.0004137898432988162,2.5899433139337795e-14,5.168679180319649e-17,27.52056509604369,3.5626565861726224e-05,1.6368327604236938e-16,27.57620012853082,3.3846981855193884e-05,1.9200359501008008e-14,5.465039020848022e-15
hot_compact,10,3610.0,40.317217677886035,0.00015763102428389514,0.0015763102428389512,9.866250320643753e-14,1.96898064701957e-16,26.068410418189295,0.00013571749426546695,6.235426721692095e-16,26.124045450676427,0.00012893826431838588,7.314274102608376e-14,2.081877340777623e-14
hot_compact,10,3620.0,40.428899721315084,0.0003545500254233619,0.003545500254233619,2.2191566145744365e-13,4.4287102848586886e-16,25.188320860067584,0.00030526123433388403,1.4024972005002145e-15,25.243955892554716,0.0002900131182919586,1.6451558827421686e-13,4.682642058911246e-14
hot_compact,10,3630.0,40.54058176474413,0.0008366819715044403,0.008366819715044403,5.236858548077025e-13,1.0451055666779268e-15,24.256113634500117,0.0007203682218366129,3.3096715233422677e-15,24.311748666987235,0.0006843850801728863,3.8823076257327146e-13,1.1050294482481562e-13
hot_compact,10,3640.0,40.65226380817318,0.0015800003979362632,0.015800003979362633,9.889347292878424e-13,1.973590046726332e-15,23.565871671359965,0.001360352100232204,6.250023906355138e-15,23.621506703847096,0.0012924010984370336,7.331396877763517e-13,2.0867510325625679e-13
hot_compact,10,3650.0,40.76394585160222,0.002495582662939995,0.02495582662939995,1.5620049010200022e-12,3.1172505467684398e-15,23.069584762492745,0.0021486520644347627,9.87180213627363e-15,23.125219794979877,0.0020413246598145317,1.1579811604589926e-12,3.295986320976454e-13
hot_compact,10,3660.0,40.87562789503127,0.003404141263574643,0.03404141263574643,2.1306789057445324e-12,4.252137736304755e-15,22.73249572732238,0.0029309047791630243,1.3465796784444716e-14,22.788130759809512,0.002784503038116434,1.5795635661760036e-12,4.4959452580085916e-13
hot_compact,10,3670.0,40.98730993846032,0.004344243262093314,0.04344243262093314,2.7190961723619084e-12,5.426426014717473e-15,22.467729321697227,0.003740315795633513,1.7184567977685243e-14,22.52336435418436,0.0035534831327514453,2.0157824978750998e-12,5.737564449171674e-13
hot_compact,10,3680.0,41.09899198188937,0.005475695426322544,0.05475695426322544,3.427281019147823e-12,6.839731183872154e-15,22.21641645358404,0.004714475884410652,2.166026499938638e-14,22.27205148607117,0.004478982912238085,2.5407902684429884e-12,7.231905194328716e-13
hot_compact,10,3690.0,41.21067402531842,0.006875726932186905,0.06875726932186906,4.303571797336776e-12,8.58852077195468e-15,21.96921811105178,0.005919877985499661,2.7198384099059944e-14,22.024853143538913,0.005624173925094113,3.1904221688065095e-12,9.080966241590831e-13
hot_compact,10,3700.0,41.32235606874746,0.008638359096472476,0.08638359096472475,5.406817191767437e-12,1.0790237493050103e-14,21.72143652794137,0.007437472772029224,3.417084637140154e-14,21.777071560428503,0.007065963274159207,4.008305250530269e-12,1.1408924192522489e-12
hot_compact,10,3710.0,41.43403811217651,0.010709265683503045,0.10709265683503044,6.703013982414132e-12,1.3377022049055262e-14,21.48811542968766,0.0092204863261596,4.236275296438426e-14,21.543750462174792,0.008759913447421611,4.969231469670898e-12,1.414402885735118e-12
hot_compact,10,3720.0,41.54572015560556,0.01312688773981318,0.1312688773981318,8.216222723943721e-12,1.639689143219716e-14,21.267110234187122,0.011302015701826163,5.192616552314449e-14,21.32274526667424,0.010737468266560878,6.0910379463272e-12,1.7337050409080391e-12
hot_compact,10,3730.0,41.65740219903461,0.016342651500867413,0.16342651500867414,1.022899466289111e-11,2.0413725453080667e-14,21.029208362983447,0.014070730818553118,6.464679547363785e-14,21.08484339547058,0.013367883184512153,7.583192026048458e-12,2.1584200193107156e-12
hot_compact,10,3740.0,41.76908424246365,0.021224760548721168,0.21224760548721167,1.3284745279093006e-11,2.6512003552543158e-14,20.745407663783602,0.018274139441415,8.395900469989753e-14,20.801042696270734,0.01736132717628392,9.84855088779856e-12,2.803213913666611e-12
hot_compact,10,3750.0,41.8807662858927,0.026800310186388565,0.26800310186388565,1.6774525837857122e-11,3.347646336173169e-14,20.492165110758513,0.02307458801690689,1.060142640352795e-13,20.547800143245645,0.021921988354296002,1.2435674742881236e-11,3.5395924600709798e-12
hot_compact,10,3760.0,41.992448329321746,0.03341711193488241,0.33417111934882404,2.0916034317503745e-11,4.1741558794015e-14,20.252592378715953,0.028771536047515436,1.3218841510873207e-13,20.308227411203085,0.027334367907531076,1.5505952430345767e-11,4.413492105853747e-12
hot_compact,10,3770.0,42.104130372750795,0.041105976438839294,0.4110597643883929,2.572855534388025e-11,5.1345775650831805e-14,20.02775223976328,0.03539151094753475,1.626033359057296e-13,20.083387272250413,0.033623668178358136,1.9073680469622516e-11,5.428982099642531e-12
hot_compact,10,3780.0,42.21581241617984,0.050431898833129055,0.5043189883312905,3.156572383472541e-11,6.29948534852128e-14,19.805751361509188,0.04342096342884128,1.994939835215507e-13,19.86138639399632,0.04125204115982167,2.340102357745121e-11,6.660682940433559e-12
hot_compact,10,3790.0,42.327494459608886,0.060675880621513106,0.606758806215131,3.797751295196703e-11,7.57906860196905e-14,19.604974441703156,0.05224084863821882,2.400162081724395e-13,19.660609474190288,0.04963136393275846,2.8154357576437627e-11,8.013634471482785e-12
hot_compact,10,3800.0,42.439176503037935,0.07242466711771024,0.7242466711771024,4.533117122208734e-11,9.046618111468781e-14,19.412798392818026,0.06235634380274996,2.864910043609761e-13,19.468433425305157,0.0592415795965142,3.360593953478626e-11,9.565329799175073e-12
hot_compact,10,3810.0,42.55085854646698,0.09026449810238008,0.9026449810238008,5.6497262349918196e-11,1.1275004440523663e-13,19.17372223297864,0.0777161193948838,3.570602081948219e-13,19.229357265465772,0.07383411842791797,4.18838413221321e-11,1.1921486530314277e-11
hot_compact,10,3820.0,42.662540589896025,0.11258948568376004,1.1258948568376004,7.047064841930389e-11,1.4063634958683687e-13,18.933770074069592,0.09693753464494073,4.4537139234069764e-13,18.989405106556724,0.09209540400129825,5.224291113401457e-11,1.4870010527412057e-11
hot_compact,10,3830.0,42.774222633325074,0.13462425550703164,1.3462425550703163,8.426238490149689e-11,1.6816014164531764e-13,18.73970637570533,0.11590907759288743,5.325345591008846e-13,18.79534140819245,0.11011929865385654,6.246731632375858e-11,1.7780204647682488e-11
hot_compact,10,3840.0,42.88590467675412,0.16120746590726007,1.6120746590726007,1.0090102626835315e-10,2.0136542407717631e-13,18.544051784293664,0.13879674657455315,6.376900392679209e-13,18.599686816780796,0.1318637047730656,7.480225408603547e-11,2.1291124127447227e-11
hot_compact,10,3850.0,42.99758672018317,0.1839870012924725,1.839870012924725,1.1515891739857211e-10,2.2981950824324824e-13,18.400546809379982,0.1584095193587013,7.277992828600126e-13,18.456181841867114,0.15049679916480602,8.537223968972181e-11,2.4299681533412206e-11
hot_compact,10,3860.0,43.10926876361222,0.20880765968484977,2.088076596848498,1.3069436354154316e-10,2.608231740779997e-13,18.26314859761444,0.17977966256709468,8.259826178303436e-13,18.318783630101585,0.17079948150092325,9.688933156384995e-11,2.757781580456987e-11
hot_compact,10,3870.0,43.22095080704126,0.23462809353737854,2.3462809353737852,1.4685557704212052e-10,2.930756667482971e-13,18.136564632755515,0.2020105945757657,9.281207749229318e-13,18.19219966524266,0.1919199553417628,1.0887033159246924e-10,3.098799323701576e-11
hot_compact,10,3880.0,43.33263285047031,0.26296129158560305,2.6296129158560304,1.6458954950078446e-10,3.2846687154352375e-13,18.012785101695904,0.22640497164145557,1.040198699318519e-12,18.068420134183036,0.21509580790964083,1.220172852248308e-10,3.4730038514989e-11
hot_compact,10,3890.0,43.44431489389936,0.29368283267603673,2.9368283267603674,1.8381840473478102e-10,3.668413730913517e-13,17.892818261093133,0.25285566937503123,1.1617242169741341e-12,17.948453293580265,0.24022526579004105,1.362724595098929e-10,3.878751898626683e-11
hot_compact,10,3900.0,43.55599693732841,0.33578643899866834,3.357864389986683,2.1017138450307678e-10,4.1943329552261533e-13,17.747356780123987,0.2891061218199504,1.3282738877235389e-12,17.80299181261112,0.2746649704449285,1.5580905256009146e-10,4.4348260874883974e-11
hot_compact,10,3910.0,43.66767898075745,0.3750202268813726,3.7502022688137258,2.3472812224149596e-10,4.684405067624449e-13,17.62737793163803,0.3228857118858856,1.483471388005219e-12,17.68301296412516,0.3067572348656733,1.7401401442983508e-10,4.952997775815254e-11
hot_compact,10,3920.0,43.7793610241865,0.417003118036181,4.17003118036181,2.610055454327376e-10,5.208816429951633e-13,17.512166406412994,0.3590322307290837,1.6495435445174498e-12,17.567801438900126,0.3410981975103077,1.934945941520855e-10,5.507477645451289e-11
hot_compact,10,3930.0,43.89104306761555,0.4609716067984365,4.609716067984365,2.885257698504601e-10,5.758030037138881e-13,17.403329221774165,0.39688831361988264,1.8234701500102988e-12,17.458964254261296,0.37706332970089335,2.1389651567391696e-10,6.08818186201158e-11
hot_compact,10,3940.0,44.0027251110446,0.5071835764553663,5.071835764553663,3.1745020668112554e-10,6.335267128177986e-13,17.299601707595848,0.4366759934589399,2.0062713160687516e-12,17.35523674008298,0.41486357356384707,2.353394400238502e-10,6.698516362713638e-11
hot_compact,10,3950.0,44.11440715447364,0.5471502216908186,5.471502216908187,3.424656456253756e-10,6.834493415340688e-13,17.217248213390768,0.47108656060582005,2.16436778775614e-12,17.2728832458779,0.4475552971043026,2.5388445675147874e-10,7.22636710453672e-11
hot_compact,10,3960.0,44.22608919790269,0.6171863236825238,6.171863236825238,3.8630179506812823e-10,7.709319484896624e-13,17.086473927432813,0.5313863925305056,2.441410320357921e-12,17.142108959919945,0.5048430897292633,2.863820725839418e-10,8.151353632000516e-11
hot_compact,10,3970.0,44.33777124133174,0.684446759352057,6.84446759352057,4.284006330352029e-10,8.549474503523539e-13,16.974165483246573,0.5892964253666325,2.7074731209974198e-12,17.029800515733704,0.5598604562148664,3.1759174498077886e-10,9.039681152470347e-11
hot_compact,10,3980.0,44.449453284760786,0.7541357317012228,7.541357317012229,4.720195112927579e-10,9.419964551339645e-13,16.868890865746927,0.6492973848740087,2.9831425092839783e-12,16.92452589823406,0.6168643054105064,3.499282883742213e-10,9.960083040962229e-11
hot_compact,10,3990.0,44.56113532818983,0.8092575281215644,8.092575281215645,5.065206790722163e-10,1.010849493978104e-12,16.79229779189864,0.6967562662938653,3.201188369170068e-12,16.847932824385772,0.6619525663593786,3.755054823230744e-10,1.0688092133536468e-10
hot_compact,10,4000.0,44.672817371618876,0.8447638755279527,8.447638755279527,5.287443823739373e-10,1.0552007320717048e-12,16.745676327355277,0.727326596737417,3.3416411946295644e-12,16.80131135984241,0.6909958770126168,3.919808658012045e-10,1.1157034465510454e-10
hot_compact,10,4010.0,44.784499415047925,0.8749622938707807,8.749622938707807,5.476458109481283e-10,1.092921797171517e-12,16.707541317975405,0.7533268951360848,3.4610973902250306e-12,16.763176350462537,0.7156974334731783,4.059933046740799e-10,1.1555873483152239e-10
hot_compact,10,4020.0,44.896181458476974,0.9016840773440806,9.016840773440807,5.643711862959908e-10,1.1263001722419063e-12,16.674878660635947,0.7763338730566814,3.5668010253296257e-12,16.73051369312308,0.7375551889257705,4.1839254205277363e-10,1.1908795604739397e-10
hot_compact,10,4030.0,45.00786350190602,0.9297905864833055,9.297905864833055,5.819632723759254e-10,1.1614082182638254e-12,16.64155179988773,0.8005330750237702,3.677982234064632e-12,16.697186832374847,0.7605456155941502,4.3143430923316753e-10,1.2280006188259596e-10
hot_compact,10,4040.0,45.119545545335065,0.9518609059634603,9.518609059634603,5.957772596691637e-10,1.188976415658584e-12,16.616080936682927,0.8195352255908459,3.765286024970023e-12,16.67171596917006,0.7785985889834387,4.416752099025215e-10,1.2571495114619072e-10
hot_compact,10,4050.0,45.23122758876411,0.9682129152902034,9.682129152902034,6.060121114691867e-10,1.2094018300403707e-12,16.597587483369445,0.8336140133302075,3.8299698372922084e-12,16.653222515856577,0.791974126637188,4.4926274407528697e-10,1.2787460707992488e-10
hot_compact,10,4060.0,45.34290963219316,0.9795188901206462,9.795188901206462,6.13088610419999e-10,1.2235242058467598e-12,16.58498262263671,0.8433482555657501,3.874692998797239e-12,16.640617655123826,0.8012221333521554,4.5450885595476793e-10,1.2936781902356545e-10
hot_compact,10,4070.0,45.45459167562221,0.9883696857419525,9.883696857419524,6.186283933106687e-10,1.2345797993558723e-12,16.575216120445738,0.8509686323883741,3.909704182525852e-12,16.630851152932856,0.8084618644294127,4.5861573437508504e-10,1.3053676853306465e-10
hot_compact,10,4080.0,45.56627371905125,0.9932572729582014,9.932572729582015,6.216875727557405e-10,1.2406849202755221e-12,16.569860277730633,0.8551767576163022,3.92903806179946e-12,16.62549531021778,0.8124597894269239,4.6088363517459164e-10,1.3118228594455196e-10
hot_compact,10,4090.0,45.6779557624803,0.994983136837968,9.94983136837968,6.227678045904628e-10,1.242840709463652e-12,16.567975361439686,0.8566626955670914,3.9358650793886615e-12,16.623610393926803,0.8138715032321081,4.6168445731844e-10,1.3141022564873618e-10
hot_compact,10,4100.0,45.78963780590935,0.9981158931228076,9.981158931228077,6.24728621494382e-10,1.2467538582392184e-12,16.56456223477705,0.8593599427305502,3.9482573558074554e-12,16.62019726726418,0.8164340200953635,4.6313809490457387e-10,1.3182397759593152e-10
hot_compact,10,4100.88,45.799465825731104,0.9983912551245896,9.983912551245895,6.249009727463464e-10,1.2470978149285164e-12,16.564262741237137,0.8595970244920089,3.949346608124283e-12,16.61989777372427,0.8166592593763383,4.6326586627240115e-10,1.318603454311737e-10
hot_compact,10,4120.0,46.01300189276744,1.0,10.0,6.259078988711342e-10,1.2491073099121753e-12,16.562514662197763,0.8609821250735409,3.95571033685731e-12,16.61814969468491,0.8179751727437027,4.6401234375254023e-10,1.3207281689854026e-10
hot_compact,10,4130.0,46.12468393619649,0.9991319338378938,9.991319338378938,6.253645694035293e-10,1.2480230021236011e-12,16.563457562367198,0.8602347356245863,3.952276518566791e-12,16.61909259485433,0.817265116174801,4.636095503381291e-10,1.3195816895525658e-10
hot_compact,10,4140.0,46.23636597962554,0.9989326093393112,9.989326093393112,6.252398106254278e-10,1.2477740244353769e-12,16.5636741858252,0.8600631207942174,3.951488048587358e-12,16.61930921831233,0.8171020736836409,4.6351706131037445e-10,1.319318436072519e-10
hot_compact,10,4150.0,46.34804802305459,0.9947583252373774,9.947583252373773,6.226270932338952e-10,1.242559895650001e-12,16.568220705972827,0.8564691367974735,3.934975789816359e-12,16.62385573845996,0.81368761292428,4.6158014196074714e-10,1.3138053414737469e-10
hot_compact,10,4160.0,46.45973006648363,0.9895184647949705,9.895184647949705,6.193474231940104e-10,1.236014747668471e-12,16.573954905397706,0.8519577106186815,3.914248419700641e-12,16.629589937884838,0.8094015371737495,4.5914878203592977e-10,1.3068849101859079e-10
hot_compact,10,4170.0,46.57141210991268,0.9850370113064701,9.850370113064702,6.165424460571345e-10,1.230416931356954e-12,16.578883290257828,0.8480992592707343,3.896521087812035e-12,16.63451832274496,0.8057358194823505,4.5706933229931273e-10,1.3009661283256476e-10
hot_compact,10,4180.0,46.68309415334173,0.9775473948983624,9.775473948983624,6.118546359877848e-10,1.2210615967531482e-12,16.587170105483644,0.8416508334196958,3.866894334767386e-12,16.642805137970775,0.7996094992071443,4.5359405783597906e-10,1.2910743809605641e-10
hot_compact,10,4190.0,46.794776196770776,0.967887090202498,9.678870902024979,6.058081749731414e-10,1.208994839541565e-12,16.597952919138756,0.8333334837537926,3.828680967624764e-12,16.653587951625887,0.7917076098047878,4.491115572126873e-10,1.2783157444277541e-10
hot_compact,10,4200.0,46.906458240199825,0.9586498344364841,9.586498344364841,6.000265036253005e-10,1.1974565158407089e-12,16.608364658199115,0.8253803716545223,3.792141059506949e-12,16.663999690686246,0.784151763923905,4.448253565148576e-10,1.2661158405334568e-10
hot_compact,10,4210.0,47.01814028362887,0.9479479302753798,9.479479302753798,5.933280972779035e-10,1.184088689123094e-12,16.6205534554959,0.8161662234675614,3.7498074265928125e-12,16.67618848798302,0.7753978720190392,4.398595408824486e-10,1.2519815342461045e-10
hot_compact,10,4220.0,47.129822327057916,0.9405692475873725,9.405692475873725,5.887097215002159e-10,1.1748719226399815e-12,16.62903772431593,0.8098133095665975,3.720619495211472e-12,16.684672756803074,0.7693622927726954,4.3643574103458e-10,1.2422363001700482e-10
hot_compact,10,4230.0,47.241504370486965,0.9323050506490116,9.323050506490116,5.835370953586693e-10,1.1645490538337212e-12,16.638619569786137,0.8026979837245811,3.687928725956573e-12,16.69425460227327,0.7626023848544516,4.326010516439786e-10,1.231321542479512e-10
hot_compact,10,4240.0,47.35318641391601,0.9221571615099324,9.221571615099325,5.771854513896511e-10,1.151873251329919e-12,16.650502303815408,0.7939608325686062,3.647786615991836e-12,16.70613733630254,0.7543016634829296,4.278923058204136e-10,1.2179189394377893e-10
hot_compact,10,4250.0,47.464868457345055,0.9103250742658203,9.103250742658203,5.697796545234288e-10,1.1370937046617798e-12,16.664523399115517,0.7837736169491147,3.6009823061737033e-12,16.72015843160265,0.7446233098755082,4.224020712867885e-10,1.2022919685165971e-10
hot_compact,10,4260.0,47.576550500774104,0.8967454004261214,8.967454004261214,5.612800294030676e-10,1.1201312348023888e-12,16.680841767756327,0.7720817605088053,3.5472650499948556e-12,16.73647680024346,0.7335154738206774,4.1610093500103477e-10,1.1843569107508728e-10
hot_compact,10,4270.0,47.68823254420315,0.8855707878860266,8.855707878860265,5.542857511473978e-10,1.1061729445931202e-12,16.694456456853608,0.7624606188571611,3.5030615196596273e-12,16.75009148934074,0.7243749181978494,4.1091577684577884e-10,1.169598285191672e-10
hot_compact,10,4280.0,47.7999145876322,0.8725398058706979,8.725398058706979,5.461295565739559e-10,1.0898958497024392e-12,16.710551539951673,0.7512411762698084,3.45151472940219e-12,16.766186572438805,0.713715898432841,4.04869240339449e-10,1.1523879001744854e-10
hot_compact,10,4290.0,47.911596631061244,0.8605654114252089,8.60565411425209,5.386346885063257e-10,1.074938546068807e-12,16.72555494578473,0.7409314366936623,3.4041474935165624e-12,16.78118997827186,0.7039211410677907,3.9931297350778024e-10,1.1365729801237857e-10
hot_compact,10,4300.0,48.02327867449029,0.848483729333513,8.48483729333513,5.310726682534832e-10,1.0598472286520345e-12,16.74090586562371,0.730529324371891,3.3563558587798167e-12,16.79654089811084,0.6940386250718013,3.937069238839393e-10,1.1206163622565563e-10
hot_compact,10,4310.0,48.13496071791934,0.8340066614689243,8.340066614689244,5.220113571245438e-10,1.0417638173562822e-12,16.759590863458207,0.7180648277170036,3.299088771780479e-12,16.81522589594534,0.6821967429844421,3.86989385693427e-10,1.1014960909234809e-10
hot_compact,10,4320.0,48.24664276134839,0.8189779235220805,8.189779235220806,5.126047513335499e-10,1.0229913109281252e-12,16.779334174651915,0.7051253529823568,3.2396394377342292e-12,16.834969207139046,0.6699036084662527,3.8001586577506925e-10,1.0816472133727844e-10
hot_compact,10,4330.0,48.35832480477744,0.8032729693808037,8.032729693808037,5.027748964851157e-10,1.0033741379084208e-12,16.800356779851732,0.6916036681916177,3.17751518829771e-12,16.855991812338864,0.6570573458896097,3.7272857319544917e-10,1.060905238045776e-10
hot_compact,10,4340.0,48.47000684820648,0.7872713045947435,7.872713045947435,4.927593281004326e-10,9.833863414533888e-13,16.82220360708211,0.6778265208394012,3.1142172374965665e-12,16.87783863956924,0.6439683813720455,3.6530360321412693e-10,1.0397713886121646e-10
hot_compact,10,4350.0,48.58168889163553,0.7706313120683441,7.706313120683442,4.823442253410026e-10,9.626012051517795e-13,16.845398034289936,0.663499784712814,3.0483942470546604e-12,16.901033066777067,0.6303572806108101,3.5758244128192763e-10,1.0177944817508424e-10
hot_compact,10,4360.0,48.69337093506458,0.7555807613517179,7.555807613517179,4.729239667651057e-10,9.438014522334376e-13,16.866812433809763,0.650541529573286,2.9888586280095067e-12,16.92244746629691,0.6180463037884898,3.505987999691394e-10,9.979167954606507e-11
hot_compact,10,4370.0,48.80505297849363,0.7421811294982964,7.421811294982964,4.645370313460839e-10,9.27063874135197e-13,16.886239892457375,0.6390046860649242,2.9358535657768448e-12,16.941874924944507,0.6070857376084854,3.443812053874121e-10,9.802195242178029e-11
hot_compact,10,4380.0,48.91673502192267,0.730796329304816,7.30796329304816,4.5741119497791487e-10,9.128430369916308e-13,16.903023768994963,0.6292025766008036,2.890818593968439e-12,16.958658801482095,0.5977732537035706,3.390985175664809e-10,9.651832979040028e-11
hot_compact,10,4390.0,49.02841706535172,0.7195941517197199,7.195941517197198,4.50399663542846e-10,8.988503150831529e-13,16.919795599465395,0.6195577019381363,2.846506024299763e-12,16.975430631952527,0.5886101505582959,3.3390056889008824e-10,9.503882664133894e-11
hot_compact,10,4400.0,49.14009910878077,0.7106639425909188,7.106639425909188,4.4481017511055837e-10,8.876955255813232e-13,16.93335395988357,0.6118689515050701,2.8111807037386675e-12,16.9889889923707,0.5813054612035277,3.2975684162203293e-10,9.385938876620514e-11
hot_compact,10,4410.0,49.251781152209816,0.7038126551734158,7.038126551734159,4.4052190019850683e-10,8.791375323858109e-13,16.943871983278022,0.6059701155048589,2.7840789952804703e-12,16.999507015765154,0.5757012781946788,3.265777596897151e-10,9.295451993759399e-11
hot_compact,10,4420.0,49.36346319563886,0.6978679741502101,6.9786797415021,4.3680107738981295e-10,8.717119878646283e-13,16.953081490745284,0.6008518514046147,2.7605635591076553e-12,17.008716523232415,0.5708386767078159,3.238193543152761e-10,9.21693891692959e-11
hot_compact,10,4430.0,49.475145239067906,0.6924907496025827,6.924907496025828,4.334354300714493e-10,8.649952573751478e-13,16.96147972119008,0.596222157186601,2.7392928163810035e-12,17.017114753677212,0.5664402405295887,3.213242557500479e-10,9.14592039761948e-11
hot_compact,10,4440.0,49.586827282496955,0.6881757262880317,6.881757262880317,4.307346228950587e-10,8.596053302105007e-13,16.968266287493485,0.5925069992434969,2.722223834051854e-12,17.023901319980617,0.5629106585884758,3.1932203166851623e-10,9.088930669205916e-11
hot_compact,10,4450.0,49.698509325926004,0.6866861140809635,6.866861140809634,4.298022628483998e-10,8.577446447137173e-13,16.970618998856374,0.5912244697599198,2.716331359646445e-12,17.026254031343505,0.561692192786078,3.1863083321703205e-10,9.06925694117852e-11
hot_compact,10,4460.0,49.810191369355046,0.6834992145396808,6.834992145396807,4.2780755725260214e-10,8.537638652007453e-13,16.975669612638534,0.5884806062204703,2.703724908188467e-12,17.031304645125665,0.5590853880832805,3.1715207249157756e-10,9.027166661219532e-11
hot_compact,10,4470.0,49.921873412784095,0.6765020134311183,6.765020134311182,4.2342795380876303e-10,8.450236101471144e-13,16.986841928449316,0.5824561411404533,2.676046007434257e-12,17.042476960936447,0.5533618512977816,3.1390528480548563e-10,8.934752655138189e-11
hot_compact,10,4480.0,50.03355545621314,0.6702141845706896,6.702141845706896,4.1949235205827087e-10,8.371694371540762e-13,16.996980624429987,0.5770424328861027,2.6511731778146696e-12,17.05261565691712,0.5482185633994896,3.109876545988433e-10,8.851707528160915e-11
hot_compact,10,4490.0,50.14523749964219,0.6627188785565774,6.6271887855657745,4.1480098081958175e-10,8.2780699562182e-13,17.009191306430118,0.570589108385996,2.6215239183367372e-12,17.06482633891725,0.5420875891678293,3.0750974008809255e-10,8.752714910280878e-11
hot_compact,10,4500.0,50.25691954307124,0.6542278249893914,6.542278249893913,4.0948636332214203e-10,8.172007585421919e-13,17.023192134254053,0.5632784630416068,2.58793576997021e-12,17.078827166741185,0.5351421181594341,3.0356978642145414e-10,8.640571173975411e-11
hot_compact,10,4510.0,50.36860158650028,0.6455851214516458,6.455851214516458,4.040768269102656e-10,8.064050943757902e-13,17.037630880163,0.555837249783298,2.553747738247557e-12,17.093265912650132,0.5280726012401742,2.995594652965465e-10,8.526424553790508e-11
hot_compact,10,4520.0,50.48028362992933,0.635675293270565,6.356752932705651,3.9787418717527147e-10,7.940266555548287e-13,17.054426332004418,0.5473050648568375,2.5145473284751765e-12,17.11006136449155,0.5199666078218943,2.9496118269605827e-10,8.395542661504922e-11
hot_compact,10,4530.0,50.59196567335838,0.6242488896798928,6.242488896798928,3.907223109121802e-10,7.797538513037133e-13,17.07412021578198,0.5374671356113926,2.4693477856784507e-12,17.129755248269113,0.5106200933709749,2.8965919038528803e-10,8.244630930580954e-11
hot_compact,10,4540.0,50.70364771678743,0.613248215218592,6.132482152185919,3.83836901873942e-10,7.660128284201381e-13,17.09342392989509,0.5279957515364595,2.42583230399948e-12,17.14905896238222,0.501621814778195,2.8455474164564107e-10,8.099341924192169e-11
hot_compact,10,4550.0,50.81532976021647,0.604077768098759,6.04077768098759,3.7809704658545857e-10,7.545579558875918e-13,17.109782530537153,0.5201001604873512,2.389556671533954e-12,17.165417563024285,0.4941206167112128,2.8029954098430866e-10,7.978225245858626e-11
hot_compact,10,4560.0,50.92701180364552,0.5943904537406968,5.943904537406968,3.720336800098996e-10,7.42457460709519e-13,17.127335097736683,0.5117595559850914,2.351236461991381e-12,17.182970130223815,0.48619663407575425,2.7580450754435657e-10,7.85028215631353e-11
hot_compact,10,4570.0,51.03869384707457,0.5865875818446529,5.865875818446529,3.6714980085628616e-10,7.327108363858622e-13,17.141682500556733,0.5050414227583587,2.3203705609750264e-12,17.19731753304385,0.4798140785886907,2.721838786678724e-10,7.747227429192633e-11
hot_compact,10,4580.0,51.15037589050362,0.5792771319988287,5.792771319988287,3.6257413255348356e-10,7.23579300044697e-13,17.15529870148331,0.4987472561148576,2.291452538952823e-12,17.210933733970442,0.4738343121132186,2.687917397010261e-10,7.650676258799283e-11
hot_compact,10,4590.0,51.26205793393266,0.5725870404338504,5.7258704043385045,3.583867513987925e-10,7.152226577669008e-13,17.16791087655944,0.49298720686230596,2.2649884745947166e-12,17.22354590904657,0.46836198330968426,2.6568745463404147e-10,7.562318334969699e-11
hot_compact,10,4600.0,51.37373997736171,0.5657270101940273,5.657270101940273,3.5409300428519235e-10,7.066537438481191e-13,17.18099737648256,0.48708084344835434,2.2378521820638945e-12,17.23663240896969,0.46275064888923795,2.6250431592424784e-10,7.471715983191437e-11
hot_compact,10,4610.0,51.48542202079076,0.5595594281017015,5.595594281017014,3.5023266593666947e-10,6.989497719721116e-13,17.192899118119733,0.48177066551193815,2.213455013827865e-12,17.248534150606865,0.45770571986185665,2.5964248170230154e-10,7.390258989152791e-11
hot_compact,10,4620.0,51.597104064219806,0.5526038138461462,5.5260381384614625,3.4587909203261683e-10,6.902614633605683e-13,17.206479967412214,0.47578200596899844,2.1859406186179734e-12,17.262114999899346,0.4520162000896304,2.564149908293428e-10,7.29839423235371e-11
hot_compact,10,4630.0,51.70878610764885,0.5438428554644459,5.438428554644458,3.403955389798292e-10,6.793180862041499e-13,17.2238310933924,0.4682389774038411,2.151284804986704e-12,17.27946612587953,0.4448499536439585,2.523497979971315e-10,7.182685787133504e-11
hot_compact,10,4640.0,51.8204681510779,0.5345376578777649,5.345376578777649,3.3457134230976903e-10,6.676948958784496e-13,17.24256889613553,0.4602273686114314,2.114476138706571e-12,17.298203928622662,0.43723853304057897,2.480320714558552e-10,7.05978942142646e-11
hot_compact,10,4650.0,51.932150194506946,0.5249276902057752,5.249276902057752,3.2855638763597447e-10,6.556910150113477e-13,17.26226595562327,0.45195335822331373,2.0764618902496167e-12,17.317900988110402,0.42937781807402187,2.4357292783298913e-10,6.932867871352101e-11
hot_compact,10,4660.0,52.043832237935995,0.5143347686593472,5.143347686593472,3.219261943679429e-10,6.424593192743782e-13,17.284399953929956,0.4428330421195328,2.0345593609908928e-12,17.340034986417088,0.42071307124222185,2.3865768147904426e-10,6.792964172569902e-11
hot_compact,10,4670.0,52.15551428136504,0.5038617690071123,5.038617690071123,3.153710611607344e-10,6.293774188520638e-13,17.306736144454483,0.4338159766230571,1.993131208008644e-12,17.362371176941615,0.4121464175425402,2.337980803642912e-10,6.654644316025092e-11
hot_compact,10,4680.0,52.267196324794085,0.4937459911613012,4.937459911613012,3.0903951590381565e-10,6.167417267994136e-13,17.32875570592082,0.4251064727165989,1.953116121018617e-12,17.38439073840795,0.403871962411676,2.2910423457717638e-10,6.52104238850348e-11
hot_compact,10,4690.0,52.378878368223134,0.4827053464194811,4.827053464194811,3.021290891512804e-10,6.029507767462627e-13,17.353309389526324,0.4156006749446046,1.90944252848783e-12,17.408944422013455,0.3948409891217839,2.2398123913398528e-10,6.375225483360656e-11
hot_compact,10,4700.0,52.49056041165218,0.47235307864114945,4.723530786411494,2.956495229775935e-10,5.900196833901804e-13,17.376847786474634,0.4066875574334862,1.868491955827169e-12,17.432482818961766,0.38637309109751405,2.1917765909900774e-10,6.238500166683432e-11
hot_compact,10,4710.0,52.60224245508123,0.465545449283582,4.65545449283582,2.91388573990105e-10,5.815162237964702e-13,17.392609447778973,0.4008263102424948,1.8415629460079458e-12,17.448244480266105,0.38080461929778264,2.1601883504540423e-10,6.148589888117918e-11
hot_compact,10,4715.75,52.666459630052934,0.46085173307555427,4.608517330755543,2.88450739940441e-10,5.756532685703695e-13,17.403611599613903,0.396785104487215,1.822995964285576e-12,17.45924663210102,0.37696527597171126,2.1384089278680803e-10,6.086598655986263e-11
hot_compact,10,4730.0,52.82560654193932,0.45089482922185725,4.508948292218572,2.822186351701115e-10,5.632160271826236e-13,17.42732652488106,0.38821238824810583,1.7836093367884118e-12,17.482961557368192,0.3688207758219909,2.092207664931353e-10,5.955095022031692e-11
hot_compact,10,4740.0,52.93728858536837,0.4468579805803727,4.468579805803727,2.7969193971885915e-10,5.581735700355363e-13,17.437090865835778,0.3847367337261603,1.767640732888963e-12,17.49272589832291,0.3655187338571324,2.0734761889362583e-10,5.9017792248843e-11
hot_compact,10,4750.0,53.04897062879742,0.44858965340071033,4.485896534007104,2.80775807415369e-10,5.603366152137965e-13,17.432891531004152,0.3862276730709468,1.774490728964428e-12,17.488526563491284,0.3669351992314838,2.0815113645760333e-10,5.924649915617165e-11
hot_compact,10,4760.0,53.16065267222646,0.4499281138819461,4.499281138819461,2.816135604029013e-10,5.620084959849365e-13,17.4296568346388,0.38738006362040805,1.779785290925527e-12,17.48529186712593,0.36803002667483314,2.0877219864252165e-10,5.942327340223583e-11
hot_compact,10,4770.0,53.27233471565551,0.4482614978580269,4.482614978580269,2.805704122691451e-10,5.599267137266423e-13,17.433686067241034,0.38594513701445254,1.773192640692138e-12,17.489321099728166,0.3666667761447705,2.0799886823512738e-10,5.920315872926859e-11
hot_compact,10,4780.0,53.38401675908456,0.4457340082593715,4.457340082593715,2.78988436565032e-10,5.567696079932349e-13,17.4398252351833,0.3837690136487009,1.7631946239604375e-12,17.49546026767043,0.3645993524037024,2.068260818626451e-10,5.88693460582924e-11
hot_compact,10,4790.0,53.49569880251361,0.4441265772644441,4.441265772644441,2.779823328084167e-10,5.547617541872916e-13,17.44374775508023,0.38238504429477926,1.7568360925580182e-12,17.499382787567377,0.36328451375795306,2.0608021403926837e-10,5.865704811882232e-11
hot_compact,10,4800.0,53.60738084594266,0.4438417046018985,4.4384170460189845,2.778040287587569e-10,5.544059176621117e-13,17.4444443938688,0.3821397740244053,1.7557092188220984e-12,17.50007942635593,0.3630514949925973,2.0594802960744953e-10,5.861942418382252e-11
hot_compact,10,4810.0,53.7190628893717,0.4422107626332701,4.422107626332701,2.7678320929799196e-10,5.523686961270555e-13,17.4484413913572,0.38073556214238413,1.7492576848179806e-12,17.50407642384433,0.36171742495407355,2.0519125240206188e-10,5.840402108382773e-11
hot_compact,10,4820.0,53.83074493280075,0.4417158384978477,4.417158384978476,2.7647343237228907e-10,5.517504827716473e-13,17.449657232373646,0.38030944130851785,1.7472999082995298e-12,17.505292264860778,0.36131258929890636,2.0496160149400482e-10,5.833865505911141e-11
hot_compact,10,4830.0,53.9424269762298,0.4433023610746887,4.433023610746886,2.7746644938487125e-10,5.537322197197201e-13,17.445764551189576,0.38167540888820356,1.7535757320563973e-12,17.501399583676708,0.36261032537775967,2.0569776755330115e-10,5.854819156490793e-11
hot_compact,10,4840.0,54.054109019658846,0.4456754119934866,4.456754119934866,2.789517606993703e-10,5.566964149691844e-13,17.439967975625528,0.38371856331117793,1.762962834105775e-12,17.49560300811266,0.364551422112993,2.067988924719767e-10,5.886160708439725e-11
hot_compact,10,4850.0,54.16579106308789,0.4476888332302806,4.4768883323028055,2.8021197695523454e-10,5.592113941539962e-13,17.435074007582422,0.385452083006301,1.7709273453046091e-12,17.490709040069554,0.36619835069696544,2.0773314477902262e-10,5.912752529874396e-11
hot_compact,10,4860.0,54.277473106516936,0.4496147003043447,4.496147003043447,2.814173923690671e-10,5.616170087941288e-13,17.43041340670333,0.38711022013233787,1.7785455175968977e-12,17.486048439190476,0.3677736621495544,2.0862677087381493e-10,5.938187998818776e-11
hot_compact,10,4870.0,54.389155149945985,0.45015940639183966,4.501594063918397,2.817583282117934e-10,5.622974051497725e-13,17.429098838551205,0.38757920233708976,1.7807002170977505e-12,17.484733871038337,0.3682192182055677,2.0887952122212975e-10,5.9453820855545e-11
hot_compact,10,4880.0,54.500837193375034,0.45178335211474097,4.517833521147409,2.8277476866709527e-10,5.643258876231491e-13,17.425189103582817,0.3889773905765974,1.7871240759803262e-12,17.48082413606995,0.36954756548878426,2.0963305208314009e-10,5.966829994165891e-11
hot_compact,10,4890.0,54.612519236804076,0.4515393268518209,4.515393268518209,2.8262203132750954e-10,5.640210738834325e-13,17.4257757091789,0.3887672891871569,1.7861587827253393e-12,17.481410741666032,0.36934795888219335,2.0951982134895773e-10,5.963607083779066e-11
hot_compact,10,4900.0,54.724201280233125,0.45128354808815563,4.512835480881556,2.8246193737896794e-10,5.637015787600178e-13,17.426390909079693,0.3885470682436677,1.78514699602596e-12,17.482025941566825,0.3691387382038001,2.094011368453473e-10,5.960228941597056e-11
hot_compact,10,4910.0,54.83588332366217,0.4518499833457025,4.5184998334570246,2.8281647368086563e-10,5.644091171808116e-13,17.42502898567411,0.389034758875427,1.7873876498293986e-12,17.480664018161256,0.36960206818144015,2.096639697967857e-10,5.967710011602542e-11
hot_compact,10,4920.0,54.94756536709122,0.4519038743533271,4.519038743533271,2.82850204488216e-10,5.644764328323741e-13,17.424899500377514,0.389081158069694,1.7876008270453229e-12,17.480534532864645,0.3696461496877112,2.0968897588954076e-10,5.96842176532079e-11
hot_compact,10,4930.0,55.059247410520264,0.45362944611690886,4.5362944611690885,2.839302534851108e-10,5.66631857136042e-13,17.420761567596877,0.3905668445136695,1.7944266891075122e-12,17.476396600083994,0.3710576245491086,2.1048966248787352e-10,5.991211877678472e-11
hot_compact,10,4940.0,55.17092945394931,0.45248481029842874,4.524848102984287,2.832138168849933e-10,5.652020841679912e-13,17.423504650385034,0.3895813335342392,1.7898988413684133e-12,17.47913968287218,0.3701213408677587,2.0995853733899745e-10,5.97609434999151e-11
hot_compact,10,4950.0,55.28261149737836,0.45105393120370524,4.510539312037053,2.8231821835727627e-10,5.634147626311716e-13,17.426943481428232,0.3883493722105408,1.7842386981426226e-12,17.482578513915364,0.36895091729307694,2.092945917766283e-10,5.957196326723373e-11
hot_compact,10,4960.0,55.39429354080741,0.4482733176498231,4.482733176498231,2.805778103701933e-10,5.599414779149766e-13,17.433657438847213,0.3859553136439111,1.7732393963647255e-12,17.489292471334345,0.3666764444410068,2.0800435276442137e-10,5.920471980246626e-11
hot_compact,10,4970.0,55.50597558423646,0.4442025683618826,4.442025683618826,2.780298962365473e-10,5.548566752225903e-13,17.443561998964192,0.38245047127133847,1.7571366913276648e-12,17.499197031451324,0.3633466725890073,2.0611547484649512e-10,5.866708447712023e-11
hot_compact,10,4980.0,55.6176576276655,0.4409157402596277,4.409157402596277,2.759726445651143e-10,5.507510742136389e-13,17.451625654722115,0.3796205710271076,1.7441349514281019e-12,17.507260687209246,0.36065812880428644,2.0459034603525609e-10,5.823298383099413e-11
hot_compact,10,4990.0,55.72933967109455,0.4380694235108312,4.3806942351083125,2.7419111242935346e-10,5.471957191563918e-13,17.458657309119623,0.37716994318409647,1.732875746842918e-12,17.514292341606755,0.35832991237000644,2.0326961992958498e-10,5.78570627601951e-11
hot_compact,10,5000.0,55.8410217145236,0.4324612796552305,4.324612796552305,2.706809308921273e-10,5.401905456713219e-13,17.472646589544574,0.3723414315695832,1.7106915542227352e-12,17.528281622031706,0.35374258993094987,2.0066737195504625e-10,5.7116379403613664e-11
hot_compact,10,5010.0,55.95270375795265,0.4260843793492679,4.260843793492679,2.6668957862031157e-10,5.322251128845628e-13,17.488775630068893,0.3668510343927734,1.6854663837653302e-12,17.544410662556025,0.3485264438016107,1.9770841149820026e-10,5.6274164217124025e-11
hot_compact,10,5020.0,56.06438580138169,0.4198478255815936,4.198478255815936,2.627860703553897e-10,5.244349879847006e-13,17.504784891474976,0.3614814730767459,1.6607963835601748e-12,17.560419923962108,0.343425097656172,1.9481457356752298e-10,5.545048499328808e-11
hot_compact,10,5030.0,56.17606784481074,0.41357404079488796,4.135740407948879,2.5885925890157305e-10,5.165983575468107e-13,17.521131484307453,0.35607985651883395,1.6359791082281848e-12,17.576766516794585,0.33829329746150955,1.9190345998444462e-10,5.462188856389265e-11
hot_compact,10,5040.0,56.28774988823979,0.40885335544767987,4.088533554476799,2.559045446546703e-10,5.107017149718177e-13,17.533595746335216,0.3520154308167911,1.617305444403183e-12,17.589230778822348,0.33443189404915835,1.8971300371236832e-10,5.399841435239521e-11
hot_compact,10,5050.0,56.399431931668836,0.4065339063397178,4.065339063397178,2.5445278313696725e-10,5.078044741360931e-13,17.539772729425742,0.35001842659481813,1.6081303755910031e-12,17.595407761912874,0.33253464226440294,1.8863675069556814e-10,5.3692078175053857e-11
hot_compact,10,5060.0,56.51111397509788,0.4038924819237704,4.038924819237704,2.527994947307547e-10,5.045050515895528e-13,17.54685023903641,0.34774420738795453,1.5976816657248128e-12,17.60248527152354,0.3303740226714789,1.8741109716147918e-10,5.33432178118151e-11
hot_compact,10,5070.0,56.62279601852693,0.4008460693228322,4.008460693228322,2.5089272102060694e-10,5.006997553407123e-13,17.555070588988762,0.345121300592948,1.5856309399089492e-12,17.610705621475894,0.3278821327979779,1.8599752411048062e-10,5.294086951817399e-11
hot_compact,10,5080.0,56.734478061955976,0.39821145067264574,3.9821145067264574,2.49243692396942e-10,4.974088339259334e-13,17.562230301896697,0.342852941028752,1.5752091516807294e-12,17.61786533438383,0.3257270801524778,1.847750285357134e-10,5.259290801159043e-11
hot_compact,10,5090.0,56.846160105385025,0.3963489973447476,3.963489973447476,2.480779681477317e-10,4.950824298596855e-13,17.567320252488294,0.341249402004648,1.5678418257996483e-12,17.622955284975426,0.32420363956986326,1.8391082720190567e-10,5.234692855423286e-11
hot_compact,10,5100.0,56.957842148814066,0.3970755333696036,3.970755333696036,2.485327127845035e-10,4.959899513192476e-13,17.56533184235932,0.34187493653527096,1.5707157918632703e-12,17.620966874846452,0.3247979280002993,1.8424794888561975e-10,5.2442884213613854e-11
hot_compact,10,5110.0,57.069524192243115,0.3994176867892248,3.994176867892248,2.4999868511021246e-10,4.989155522766323e-13,17.55894643183695,0.3438914887637447,1.5799806723557717e-12,17.614581464324083,0.32671375134830627,1.853347369832862e-10,5.275221901335178e-11
hot_compact,10,5120.0,57.181206235672164,0.4004382558820478,4.0043825588204776,2.5063746736675414e-10,5.00190352590748e-13,17.556175759380217,0.34477018051006786,1.5840177480657289e-12,17.61181079186735,0.32754855152830503,1.8580829364000843e-10,5.2887008448280506e-11
hot_compact,10,5130.0,57.29288827910121,0.4003661070579199,4.0036610705791995,2.5059230884783823e-10,5.001002309671283e-13,17.556371399150244,0.3447080616621487,1.5837323482163341e-12,17.612006431637376,0.3274895355814258,1.8577481569502586e-10,5.287747954984202e-11
hot_compact,10,5140.0,57.40457032253026,0.398264043638161,3.98264043638161,2.4927661074948306e-10,4.974745281836084e-13,17.56208691496949,0.3428982226319653,1.575417194218064e-12,17.617721947456623,0.32577009989253025,1.8479943232090705e-10,5.259985411269508e-11
hot_compact,10,5150.0,57.5162523659593,0.39430748383706055,3.9430748383706056,2.468001687176183e-10,4.925323604139492e-13,17.5729271123736,0.33949169536643325,1.559766189714457e-12,17.628562144860744,0.3225337322057543,1.8296353973440134e-10,5.207730011453621e-11
hot_compact,10,5160.0,57.62793440938835,0.3905446626668584,3.905446626668584,2.4444498922514925e-10,4.878321929843574e-13,17.583337894829548,0.3362519735990409,1.5448815591157429e-12,17.63897292731668,0.3194558379090546,1.8121754426409416e-10,5.158033372310216e-11
hot_compact,10,5170.0,57.7396164528174,0.38916908415088836,3.8916908415088836,2.4358400376648615e-10,4.861139478047011e-13,17.587168831382506,0.33506762508515553,1.5394401689609612e-12,17.642803863869652,0.3183306488348314,1.8057925885288327e-10,5.139865719363288e-11
hot_compact,10,5180.0,57.85129849624645,0.38737421923046406,3.8737421923046407,2.424605836353859e-10,4.838719689122943e-13,17.592187877425623,0.3335222784717487,1.5323402032419765e-12,17.647822909912755,0.3168624938914958,1.79746419374438e-10,5.116160432764007e-11
hot_compact,10,5190.0,57.96298053967549,0.38518207132352356,3.8518207132352353,2.4108850094493797e-10,4.81133740937326e-13,17.598349501544654,0.3316348783083555,1.5236687011065715e-12,17.653984534031785,0.3150693713286363,1.7872923568628626e-10,5.0872081178512194e-11
hot_compact,10,5200.0,58.07466258310454,0.3809638711013388,3.809638711013388,2.3844829610685254e-10,4.758647562051219e-13,17.61030518446092,0.3280030833170732,1.5069827228847413e-12,17.66594021694805,0.3116189882732272,1.767719387147728e-10,5.0314971592926196e-11
hot_compact,10,5210.0,58.18634462653359,0.3773384825965366,3.7733848259653655,2.3617913680522023e-10,4.713362569225019e-13,17.620686915514675,0.3248816886179914,1.4926417361011715e-12,17.67632194800182,0.3086535104847486,1.7508971369764604e-10,4.9836156320745386e-11
hot_compact,10,5220.0,58.29802666996264,0.3735419270318289,3.7354192703182894,2.338028426887666e-10,4.665939516141379e-13,17.631666274954163,0.32161292213992965,1.4776236620094048e-12,17.687301307441295,0.30554802229087585,1.7332806505187932e-10,4.9334734532802625e-11
hot_compact,10,5230.0,58.40970871339168,0.36961327011008843,3.6961327011008844,2.3134386528949445e-10,4.616866375350548e-13,17.643145774279112,0.31823041875476465,1.4620830332141098e-12,17.698780806766244,0.3023344784666644,1.7150511974582287e-10,4.8815865746520405e-11
hot_compact,10,5235.56,58.47180392953824,0.36687806292682307,3.668780629268231,2.296318775084396e-10,4.582700702483137e-13,17.651210301277892,0.3158754542616004,1.4512633458858207e-12,17.706845333765038,0.30009714689844313,1.702359498500671e-10,4.845461922902543e-11
hot_compact,10,5250.0,58.63307280024978,0.36116811194595666,3.6116811194595666,2.2605797408734833e-10,4.511377287388733e-13,17.668241165079543,0.3109592885320283,1.4286764337678587e-12,17.723876197566675,0.2954265487585108,1.6758646211272318e-10,4.770048991862982e-11
hot_compact,10,5260.0,58.74475484367883,0.35760917624897137,3.576091762489714,2.238304081230308e-10,4.466922361442616e-13,17.678993026547168,0.3078951085126378,1.4145983150430837e-12,17.7346280590343,0.2925154277169856,1.6593507201870046e-10,4.7230451255968207e-11
hot_compact,10,5270.0,58.85643688710787,0.3534646319252468,3.534646319252468,2.2123630509359004e-10,4.4151525553324215e-13,17.691649751435158,0.30432672993333587,1.398203698220163e-12,17.74728478392229,0.289125293357843,1.6401195229326272e-10,4.668306961237304e-11
hot_compact,10,5280.0,58.96811893053692,0.35131684079002323,3.513168407900232,2.198919856569282e-10,4.3883243392606984e-13,17.69826724041571,0.302477520157517,1.3897076586251486e-12,17.75390227290284,0.2873684535329911,1.630153506947167e-10,4.639940478703435e-11
hot_compact,10,5290.0,59.079800973965966,0.3490696326455901,3.490696326455901,2.1848544032892e-10,4.3602542980596434e-13,17.705234489804944,0.3005427141138405,1.3808183541391448e-12,17.760869522292076,0.28553029306285743,1.619726183767185e-10,4.610260967724173e-11
hot_compact,10,5300.0,59.191483017395015,0.3477016033630247,3.477016033630247,2.176291799950753e-10,4.3431661442893796e-13,17.709497928802044,0.2993648653549745,1.3754068265649771e-12,17.765132961289176,0.2844112790741325,1.6133783590299322e-10,4.592193019629363e-11
hot_compact,10,5310.0,59.303165060824064,0.3474978987294958,3.4749789872949584,2.175016796559129e-10,4.34062165482134e-13,17.71013420515542,0.2991894793067114,1.3746010300404612e-12,17.76576923764255,0.284244653741333,1.6124331443855624e-10,4.589502635152818e-11
hot_compact,10,5320.0,59.414847104253106,0.34684669068882906,3.4684669068882905,2.1709408339945119e-10,4.332487367582636e-13,17.7121707742154,0.2986288008239931,1.3720250396625511e-12,17.767805806702533,0.28371198173177653,1.6094114586933593e-10,4.580901947121034e-11
hot_compact,10,5330.0,59.526529147682155,0.34768949176334857,3.476894917633486,2.1762159924917003e-10,4.3430148574124774e-13,17.709535749252602,0.29935443748414725,1.3753589165849423e-12,17.765170781739734,0.2844013720862952,1.613322159712409e-10,4.592033058320725e-11
hot_compact,10,5340.0,59.6382111911112,0.3479585252057246,3.4795852520572463,2.177899894058137e-10,4.346375373807305e-13,17.708695958565038,0.29958607046908003,1.3764231349539095e-12,17.764330991052155,0.28462143476279655,1.6145705080938563e-10,4.5955862587781765e-11
hot_compact,10,5350.0,59.74989323454025,0.3485054117286686,3.485054117286686,2.181322900003105e-10,4.3532065733423227e-13,17.70699084624433,0.3000569299897784,1.378586459625807e-12,17.762625878731463,0.28506877436087286,1.6171081290666353e-10,4.6028091431390824e-11
hot_compact,10,5360.0,59.861575277969294,0.3483711231596169,3.483711231596169,2.1804823772421293e-10,4.3515291650099213e-13,17.707409290418617,0.2999413099322232,1.3780552529450875e-12,17.76304432290575,0.28495892964540537,1.616485013529987e-10,4.6010355561798896e-11
hot_compact,10,5370.0,59.97325732139834,0.3482890067019948,3.482890067019948,2.1799684038475994e-10,4.3505034423351226e-13,17.707665245389016,0.2998706091300362,1.3777304240248456e-12,17.763300277876148,0.2848917604217968,1.616103983030368e-10,4.599951020992701e-11
hot_compact,10,5380.0,60.08493936482739,0.3487499605383489,3.487499605383489,2.1828535503194894e-10,4.3562612504003427e-13,17.706229244346524,0.30026748214362114,1.3795538238801256e-12,17.761864276833656,0.2852688092157154,1.618242865730052e-10,4.606038968155449e-11
hot_compact,10,5390.0,60.19662140825644,0.34791013533695025,3.4791013533695025,2.1775970180472249e-10,4.3457709324191874e-13,17.708846960142004,0.2995444076570306,1.3762317186497997e-12,17.764481992629136,0.28458185305152683,1.6143459731296176e-10,4.594947160150339e-11
hot_compact,10,5400.0,60.30830345168548,0.34816336105722073,3.4816336105722074,2.1791819778323713e-10,4.348933993401664e-13,17.708056996593534,0.29976243047579243,1.377233406249032e-12,17.76369202908068,0.28478898540380826,1.615520971729229e-10,4.5982915835690674e-11
hot_compact,10,5410.0,60.41998549511453,0.3464295776221951,3.464295776221951,2.1683300903632263e-10,4.327277177776712e-13,17.71347725139706,0.2982696739294867,1.3703750611932288e-12,17.76911228388419,0.28337079359904294,1.607476002576773e-10,4.5753930173534806e-11
hot_compact,10,5420.0,60.53166753854358,0.3448951256794804,3.4489512567948037,2.1587258344493934e-10,4.3081102263931735e-13,17.7182970206216,0.296948538235025,1.3643052137820214e-12,17.77393205310873,0.282115650006134,1.600355956153626e-10,4.555127078306504e-11
hot_compact,10,5430.0,60.64334958197263,0.3419231758529001,3.4192317585290013,2.1401241657343406e-10,4.270987383862437e-13,17.7276933155594,0.29438974255772393,1.3525490411323966e-12,17.78332834804653,0.27968466883335136,1.5865657421081615e-10,4.5158756997787455e-11
hot_compact,10,5440.0,60.75503162540167,0.33966342103010094,3.396634210301009,2.1259801818033191e-10,4.2427606211847595e-13,17.734892713628447,0.29244413404824515,1.3436101056210869e-12,17.79052774611558,0.27783624549181385,1.57608020079183e-10,4.486030481284031e-11
hot_compact,10,5450.0,60.86671366883072,0.33867966582786635,3.3867966582786635,2.1198227802869772e-10,4.230472463042006e-13,17.738041855734203,0.2915971384036731,1.3397186549986703e-12,17.79367688822132,0.2770315581603285,1.571515455221154e-10,4.473037749214259e-11
hot_compact,10,5460.0,60.97839571225977,0.3384764687252366,3.3847646872523662,2.1185509535713404e-10,4.2279343131795283e-13,17.73869345865527,0.2914221893304421,1.3389148661193784e-12,17.7943284911424,0.2768653479752039,1.5705725955828043e-10,4.4703540678412664e-11
hot_compact,10,5470.0,61.09007775568882,0.338230042458204,3.3823004245820396,2.1170085521010895e-10,4.2248561846644794e-13,17.739484211891202,0.29121002071937835,1.337940075187604e-12,17.795119244378334,0.27666377740685927,1.5694291472855242e-10,4.4670994467167865e-11
hot_compact,10,5480.0,61.201759799117866,0.3374023917134983,3.374023917134983,2.111828220714911e-10,4.2145179387118187e-13,17.74214427017872,0.29049742822238306,1.3346661285814642e-12,17.79777930266585,0.27598677964598717,1.56558874566693e-10,4.456168430190641e-11
hot_compact,10,5490.0,61.31344184254691,0.33691614706030754,3.3691614706030752,2.1087847770227514e-10,4.2084442212047557e-13,17.743710098449746,0.2900787802675732,1.332742685580596e-12,17.799345130936864,0.27558904359179776,1.563332510455288e-10,4.4497464600857655e-11
hot_compact,10,5500.0,61.42512388597596,0.33559401565157954,3.3559401565157954,2.100509452102067e-10,4.1919293811316897e-13,17.74797914259775,0.28894044875766006,1.327512716700407e-12,17.80361417508488,0.2745075729243536,1.557197657518161e-10,4.432284698139691e-11
hot_compact,10,5510.0,61.536805929405006,0.3324798315629492,3.324798315629492,2.0810175279059412e-10,4.1530298800364855e-13,17.758101397547925,0.2862591919231609,1.3151939065101352e-12,17.813736430035057,0.27196024765650045,1.5427474589397384e-10,4.3911547916470884e-11
hot_compact,10,5520.0,61.648487972834054,0.32783075638600867,3.2783075638600865,2.0519185991490134e-10,4.0949579421580095e-13,17.773390422865923,0.282256421297692,1.2968035117758849e-12,17.829025455353054,0.2681574195855441,1.5211751762483993e-10,4.3297531461879273e-11
hot_compact,10,5530.0,61.760170016263096,0.32478369796213763,3.2478369796213764,2.0328468197907866e-10,4.056896912648142e-13,17.783529106331933,0.2796329584606843,1.2847502312715702e-12,17.839164138819065,0.26566500144491806,1.5070364490402863e-10,4.28950978725842e-11
hot_compact,10,5540.0,61.871852059692145,0.3242688492209749,3.2426884922097488,2.02962434085261e-10,4.0504658993872865e-13,17.785251586392825,0.2791896828974265,1.2827136387842346e-12,17.840886618879956,0.26524386795692856,1.5046474873296362e-10,4.282710034906217e-11
hot_compact,10,5550.0,61.983534103121194,0.3229725882404782,3.229725882404782,2.0215109409856968e-10,4.034274208724363e-13,17.789600502508428,0.2780736253637886,1.277586005824419e-12,17.84523553499556,0.26418355865748583,1.498632676372884e-10,4.2655899509932306e-11
hot_compact,10,5560.0,62.09521614655024,0.3206460318584362,3.2064603185843623,2.006948840818806e-10,4.0052130228870494e-13,17.797449987964505,0.27607050190587473,1.2683828226946946e-12,17.853085020451637,0.26228049329898717,1.487837167575847e-10,4.234862465488275e-11
hot_compact,10,5570.0,62.206898189979285,0.31881728565840084,3.1881728565840084,1.9955025739024785e-10,3.982370020422666e-13,17.803660012268487,0.27449598411634807,1.2611488324477259e-12,17.85929504475562,0.2607846243101088,1.479351559471777e-10,4.210709699285157e-11
hot_compact,10,5580.0,62.31858023340833,0.3179478224927122,3.179478224927122,1.9900605352706585e-10,3.9715094924630555e-13,17.806625024679768,0.2737473918722803,1.2577094880156946e-12,17.8622600571669,0.26007342502696035,1.4753171430586e-10,4.199226454336955e-11
hot_compact,10,5590.0,62.43026227683738,0.3164463772282162,3.1644637722821622,1.9806628707629516e-10,3.952754829909906e-13,17.811764341929624,0.272454674337773,1.2517702054627025e-12,17.867399374416756,0.25884528007736907,1.4683502516966508e-10,4.17939644378686e-11
hot_compact,10,5600.0,62.54194432026643,0.3148737145424592,3.148737145424592,1.9708194507901995e-10,3.933110585341854e-13,17.817173643391705,0.271100639876566,1.2455492074202637e-12,17.872808675878836,0.2575588810453194,1.4610529027091482e-10,4.1586258446929446e-11
hot_compact,10,5610.0,62.65362636369548,0.312396684922566,3.12396684922566,1.95531552674191e-10,3.902169827291078e-13,17.825748620691307,0.26896796165056025,1.2357507957481504e-12,17.881383653178425,0.25553273231409596,1.449559179514437e-10,4.125911016748903e-11
hot_compact,10,5620.0,62.76530840712452,0.30953593940136176,3.0953593940136175,1.9374098945580905e-10,3.8664360458677306e-13,17.83573695952196,0.26650491089241923,1.2244345151188044e-12,17.89137199200909,0.2531927135022131,1.4362849671727014e-10,4.08812834480737e-11
hot_compact,10,5630.0,62.87699045055357,0.30555649356711967,3.055564935671197,1.9125022287502711e-10,3.8167284970582174e-13,17.849785868171715,0.2630786791614384,1.2086929800973293e-12,17.905420900658847,0.24993762560852478,1.417819847288872e-10,4.035570682705019e-11
hot_compact,10,5640.0,62.98867249398262,0.3028612022712364,3.0286120227123643,1.8956321876317519e-10,3.7830614164579134e-13,17.859405557098704,0.2607580815338167,1.1980311884573626e-12,17.915040589585836,0.2477329442451801,1.405313362975886e-10,3.999973211324077e-11
hot_compact,10,5650.0,63.10035453741167,0.29969639309965196,2.9969639309965195,1.8758233970426064e-10,3.7435295537508803e-13,17.87081087178681,0.2580332374078136,1.185512120103145e-12,17.92644590427394,0.2451442089163524,1.3906282577635213e-10,3.958174685100327e-11
hot_compact,10,5660.0,63.21203658084071,0.29696715101352755,2.9696715101352753,1.8587408552462385e-10,3.709438391347901e-13,17.880743630845437,0.25568340875666207,1.1747160289712765e-12,17.93637866333257,0.2429117566494954,1.3779642375930146e-10,3.9221288160690776e-11
hot_compact,10,5670.0,63.32371862426976,0.2948420894823445,2.948420894823445,1.845439927266692e-10,3.682894092421762e-13,17.88854096147275,0.2538537687636321,1.1663099011059181e-12,17.94417599395988,0.241173509076435,1.3681036897759885e-10,3.8940625298184706e-11
hot_compact,10,5680.0,63.43540066769881,0.29229369001980754,2.922936900198075,1.8294892937358834e-10,3.65106184844945e-13,17.897966062216405,0.2516596423788407,1.156229171009519e-12,17.953601094703536,0.23908898158584632,1.3562788017016937e-10,3.860405100258472e-11
hot_compact,10,5690.0,63.54708271112786,0.28914829288430777,2.891482928843078,1.8098020046139242e-10,3.6117724629041545e-13,17.90971308070693,0.2489515116689179,1.1437868910471013e-12,17.96534811319406,0.2365161248205884,1.341683770732936e-10,3.818862954263467e-11
hot_compact,10,5700.0,63.6587647545569,0.28643177424263,2.8643177424262998,1.7927990998613559e-10,3.57784022997583e-13,17.919961679323116,0.24661263767600428,1.1330411301759506e-12,17.975596711810248,0.23429408001540047,1.3290787889152121e-10,3.7829851273470885e-11
hot_compact,10,5710.0,63.77044679798595,0.2833484555531065,2.833484555531065,1.7735003646362585e-10,3.539326270837104e-13,17.931712537758138,0.24395795539841936,1.1208444145639774e-12,17.98734757024527,0.23177200187771366,1.3147718095985942e-10,3.74226286887496e-11
hot_compact,10,5720.0,63.882128841414996,0.2807110835564166,2.807110835564166,1.7569928449863613e-10,3.5063826644368744e-13,17.941865760711757,0.2416872252520999,1.1104117348945332e-12,17.99750079319889,0.2296146970631318,1.3025340779832803e-10,3.7074303539937444e-11
hot_compact,10,5730.0,63.993810884844045,0.2775335927995557,2.775335927995557,1.7371046793532686e-10,3.4666923951211405e-13,17.954225767564516,0.2389514625078562,1.0978425018623498e-12,18.009860800051648,0.22701558851239698,1.2877901286498496e-10,3.6654643385009745e-11
hot_compact,10,5740.0,64.1054929282731,0.2760969721244537,2.760969721244537,1.7281127570709892e-10,3.448747461252732e-13,17.959860552488898,0.23771455778608233,1.092159646607706e-12,18.01549558497603,0.22584046846751327,1.2811240313844753e-10,3.646490484563434e-11
hot_compact,10,5749.06,64.2066768596198,0.27527119993062177,2.752711999306218,1.722944183683114e-10,3.4384326804163557e-13,17.96311272221329,0.23700358268781033,1.088893131004676e-12,18.018747754700406,0.2251650073146167,1.277292346473819e-10,3.635584278587848e-11
hot_compact,10,5760.0,64.32885701513118,0.27595109739051377,2.7595109739051376,1.7271997155888018e-10,3.4469253292877726e-13,17.960434348476717,0.2375889622476601,1.0915826084147732e-12,18.01606938096385,0.22572114655681977,1.2804471546125777e-10,3.6445638758608564e-11
hot_compact,10,5770.0,64.44053905856023,0.27963676034552193,2.796367603455219,1.7502685711499651e-10,3.492963214677505e-13,17.946029006979508,0.24076225217096792,1.1061620234640712e-12,18.00166403946664,0.22873592734911763,1.29754908567293e-10,3.6932414647215095e-11
hot_compact,10,5780.0,64.55222110198928,0.28228417450895815,2.8228417450895815,1.7668389455147458e-10,3.5260322585166375e-13,17.935798333958395,0.24304162844335306,1.1166344270363185e-12,17.991433366445527,0.23090144640677857,1.3098334141815276e-10,3.728206609327721e-11
hot_compact,10,5790.0,64.66390314541833,0.2869817416439292,2.8698174164392922,1.7962413892673042e-10,3.584709912987593e-13,17.91787899488832,0.24708614977789606,1.1352166419102047e-12,17.97351402737545,0.23474393969548163,1.3316307055438558e-10,3.7902487017362845e-11
hot_compact,10,5800.0,64.77558518884737,0.2901183199280017,2.901183199280017,1.8158734805015903e-10,3.6238891416150597e-13,17.906076777691702,0.24978668761437628,1.1476240370508722e-12,17.961711810178834,0.23730958285921994,1.3461848159534134e-10,3.831674374676308e-11
hot_compact,10,5810.0,64.88726723227641,0.2919800934005694,2.919800934005694,1.827526467725479e-10,3.6471446901549087e-13,17.899131554304383,0.25138964129519314,1.154988673621195e-12,17.9547665867915,0.23883246733705316,1.354823674678838e-10,3.856263341371208e-11
hot_compact,10,5820.0,64.99894927570547,0.2920717629923192,2.9207176299231916,1.8281002349411037e-10,3.6482897417264216e-13,17.89879073184361,0.25146856717510246,1.155351291972855e-12,17.954425764330743,0.2389074507872,1.3552490329000245e-10,3.8574740474918406e-11
hot_compact,10,5830.0,65.11063131913451,0.292139613021617,2.92139613021617,1.8285249136338653e-10,3.6491372614021585e-13,17.898538538077254,0.2515269848375137,1.1556196870351046e-12,17.954173570564386,0.23896295042663557,1.3555638654112063e-10,3.858370161941442e-11
hot_compact,10,5840.0,65.22231336256357,0.29343977568704055,2.9343977568704056,1.8366627344549248e-10,3.665377688296713e-13,17.893717207187485,0.2526464016521313,1.1607627539303165e-12,17.949352239674617,0.24002645120748034,1.3615967806676336e-10,3.875541776506323e-11
hot_compact,10,5850.0,65.33399540599261,0.29505170335412645,2.9505170335412645,1.8467519170473045e-10,3.68551239461678e-13,17.88776934671106,0.25403424256040374,1.1671390728652745e-12,17.943404379198192,0.2413449680194153,1.3690763240152743e-10,3.896830959269195e-11
hot_compact,10,5860.0,65.44567744942165,0.29594454985989205,2.9594454985989205,1.8523403138516866e-10,3.696665005586594e-13,17.88448879625465,0.25480296744230235,1.1706709150173584e-12,17.940123828741797,0.2420752942942025,1.3732192420127902e-10,3.908623034576644e-11
hot_compact,10,5870.0,65.55735949285071,0.294996113092402,2.9499611309240197,1.8464039732081682e-10,3.6848180125939807e-13,17.887973927961205,0.2539863803387309,1.1669191738923425e-12,17.943608960448323,0.24129949656547833,1.3688183783389485e-10,3.8960967630233875e-11
hot_compact,10,5880.0,65.66904153627975,0.29484945533333357,2.9484945533333358,1.8454860307098515e-10,3.6829860998049036e-13,17.888513837559692,0.2538601106296696,1.166339038278815e-12,17.944148870046824,0.2411795341596701,1.3681378682338002e-10,3.894159812687368e-11
hot_compact,10,5890.0,65.78072357970879,0.2953308595677082,2.953308595677082,1.8484991778383028e-10,3.6889993552867046e-13,17.886742588640978,0.25427459107040096,1.168243333984938e-12,17.94237762112811,0.24157331087144232,1.3703716433046464e-10,3.900517854017443e-11
hot_compact,10,5900.0,65.89240562313785,0.2949381630270505,2.949381630270505,1.846041259171732e-10,3.6840941540915757e-13,17.88818723472017,0.25393648636831634,1.16668994021981e-12,17.943822267207302,0.24125209485076193,1.3685494828825048e-10,3.895331400186345e-11
hot_compact,10,5910.0,66.00408766656689,0.2945427985864248,2.945427985864248,1.8435666419085283e-10,3.6791556279629275e-13,17.889643639861568,0.25359608465204797,1.165125993015201e-12,17.9452786723487,0.2409286965541444,1.3667149430751936e-10,3.89010971064885e-11
hot_compact,10,5920.0,66.11576970999594,0.29475142956624983,2.9475142956624985,1.8448724796907455e-10,3.6817616527826633e-13,17.88887486186622,0.25377571219641387,1.1659512767386838e-12,17.944509894353352,0.2410993515159065,1.3676830165744737e-10,3.89286515876863e-11
hot_compact,10,5930.0,66.22745175342499,0.2972586486361693,2.972586486361693,1.8605653618913745e-10,3.713079509460539e-13,17.87967841439717,0.255934382999258,1.1758691091303297e-12,17.935313446884287,0.24315019446773015,1.3793168225438175e-10,3.925978707283229e-11
hot_compact,10,5940.0,66.33913379685403,0.2987823665311993,2.9878236653119927,1.8701024325528802e-10,3.7321123810697986e-13,17.874127255177505,0.25724627687053353,1.1818964957581544e-12,17.929762287664637,0.24439655787613,1.386387061660723e-10,3.946102878738762e-11
hot_compact,10,5950.0,66.45081584028308,0.3014455007159067,3.014455007159067,1.8867711997725016e-10,3.7653777848437495e-13,17.864492646942615,0.25953918780023894,1.1924310831810398e-12,17.920127679429747,0.24657493552090573,1.3987443330084592e-10,3.981275642094073e-11
hot_compact,10,5960.0,66.56249788371213,0.3057532404878198,3.057532404878198,1.913733683267719e-10,3.81918607722671e-13,17.849086990825406,0.2632480747433245,1.2094712539252877e-12,17.904722023312523,0.25009855970497125,1.4187327772868733e-10,4.0381691747083164e-11
hot_compact,10,5970.0,66.67417992714118,0.3082181202067079,3.082181202067079,1.929161560125912e-10,3.8499750699758836e-13,17.84036924371049,0.26537029212174346,1.2192216041084032e-12,17.896004276197623,0.25211477011882116,1.430170123441167e-10,4.0707235354872794e-11
hot_compact,10,5980.0,66.78586197057022,0.31077827925953855,3.1077827925953856,1.9451857978612439e-10,3.8819542038501703e-13,17.831388017887214,0.2675745433035759,1.2293488517376845e-12,17.887023050374346,0.2542089166623117,1.4420495774659995e-10,4.104536277268845e-11
hot_compact,10,5990.0,66.89754401399927,0.3115910349089735,3.115910349089735,1.9502728996695783e-10,3.8921063940789857e-13,17.828552278027438,0.26827431138979185,1.2325638776614932e-12,17.88418731051457,0.25487373060505664,1.4458208640039236e-10,4.1152705700759516e-11
hot_compact,10,6000.0,67.00922605742832,0.3131747007835953,3.1317470078359526,1.9601851894705627e-10,3.911888080283471e-13,17.823047984303436,0.26963781939993015,1.2388284011318627e-12,17.878683016790568,0.2561691299724187,1.4531692691459653e-10,4.136186491384691e-11
hot_compact,10,6010.0,67.12090810085736,0.31383359372980996,3.1383359372980997,1.9643092524660252e-10,3.9201183602391343e-13,17.82076608724926,0.27020511444895806,1.2414347907700867e-12,17.876401119736393,0.2567080880439183,1.4562266137485164e-10,4.144888676128806e-11
hot_compact,10,6020.0,67.2325901442864,0.31311293536592233,3.1311293536592233,1.9597985948425772e-10,3.911116563936321e-13,17.823262138141125,0.2695846404793661,1.2385840750307138e-12,17.878897170628257,0.25611860739422815,1.4528826699837928e-10,4.135370738114793e-11
hot_compact,10,6030.0,67.34427218771546,0.31219063400749514,3.1219063400749514,1.9540258377887855e-10,3.8995960302487874e-13,17.826464987930443,0.2687905554958292,1.2349357180134857e-12,17.882100020417575,0.25536418778124687,1.4486030778340932e-10,4.12318964427111e-11
hot_compact,10,6040.0,67.4559542311445,0.31069184015429596,3.1069184015429596,1.9446447686738169e-10,3.880874486667962e-13,17.831690043885708,0.26750012077905466,1.2290069236755676e-12,17.88732507637284,0.2541382116202691,1.4416484893478446e-10,4.1033946516568867e-11
hot_compact,10,6050.0,67.56763627457356,0.3086785767102888,3.086785767102888,1.932043593752691e-10,3.855726665821079e-13,17.83874843947539,0.26576673694070047,1.2210430366592914e-12,17.89438347196252,0.2524914121068787,1.432306698455394e-10,4.0768049142359984e-11
hot_compact,10,6060.0,67.6793183180026,0.30634256064539656,3.0634256064539658,1.917422284683632e-10,3.8265473183937875e-13,17.84699631669303,0.26375546886494367,1.2118024337643325e-12,17.90263134918016,0.2505806089626665,1.4214672955622518e-10,4.045952492034943e-11
hot_compact,10,6070.0,67.79100036143164,0.3036697581621754,3.036697581621754,1.9006930028199267e-10,3.7931611471963575e-13,17.85651080322244,0.261454233703038,1.2012296013530767e-12,17.912145835709588,0.24839432288974386,1.4090651621159809e-10,4.010652036737699e-11
hot_compact,10,6080.0,67.9026824048607,0.3004437983210636,3.004437983210636,1.880501465359997e-10,3.7528654470061983e-13,17.86810655256391,0.25867673994363566,1.188468638663304e-12,17.923741585051054,0.24575556783144614,1.3940963102487222e-10,3.9680458763959785e-11
hot_compact,10,6090.0,68.01436444828974,0.297221091099961,2.9722109109996095,1.8603302863056251e-10,3.7126103755303374e-13,17.87981560183737,0.25590204663192084,1.1757205423961235e-12,17.935450634324503,0.2431194733355623,1.3791425509398015e-10,3.925482674322949e-11
hot_compact,10,6100.0,68.1260464917188,0.29368551514912844,2.9368551514912844,1.8382008371587767e-10,3.6684472378809925e-13,17.892808344119693,0.2528579789364142,1.1617348280606716e-12,17.948443376606825,0.24022745998643166,1.3627370421051925e-10,3.878787326804431e-11
hot_compact,10,6110.0,68.23772853514784,0.29033319868655383,2.9033319868655383,1.8172184236243646e-10,3.6265732078955835e-13,17.905272915005604,0.2499716943845477,1.1484740351772481e-12,17.960907947492736,0.23748534834886562,1.3471818799171978e-10,3.834512338969673e-11
hot_compact,10,6120.0,68.34941057857688,0.28629615161351724,2.8629615161351722,1.7919502271130824e-10,3.5761461578016873e-13,17.92047588648753,0.24649586901658266,1.1325046463400575e-12,17.976110918974662,0.234183144071924,1.3284494831752071e-10,3.7811939210808774e-11
hot_compact,10,6130.0,68.46109262200594,0.2826331490789455,2.826331490789455,1.7690232049133484e-10,3.5303913253800845e-13,17.9344569186484,0.24334208931021742,1.118014869350118e-12,17.990091951135533,0.23118689894094713,1.3114526992628262e-10,3.73281561477614e-11
hot_compact,10,6140.0,68.57277466543498,0.27982315889822335,2.7982315889822336,1.7514352544147052e-10,3.4952915326248696e-13,17.945305524714875,0.24092273799298347,1.1068993621457677e-12,18.00094055720202,0.2288883967374628,1.2984139979660411e-10,3.695703282913619e-11
hot_compact,10,6150.0,68.68445670886402,0.2777033910963434,2.777033910963434,1.7381674603050112e-10,3.4688133580584217e-13,17.953561704580885,0.23909765580625833,1.0985141747401335e-12,18.009196737068017,0.22715447930354346,1.288578013706426e-10,3.667706912437107e-11
hot_compact,10,6160.0,68.79613875229307,0.27617794324087797,2.7617794324087797,1.7286195616844929e-10,3.449758877386905e-13,17.95954218469479,0.23778427246997086,1.0924799448899322e-12,18.01517721718192,0.22590670083045764,1.2814997473595582e-10,3.647559892906792e-11
hot_compact,10,6170.0,68.90782079572212,0.27376676730981314,2.7376676730981315,1.7135278210762785e-10,3.4196407025771313e-13,17.969062842786222,0.2357082930929165,1.0829420313354377e-12,18.024697875273368,0.22393441878172946,1.270311593409827e-10,3.6157148131814225e-11
hot_compact,10,6180.0,69.01950283915117,0.2711625536788275,2.7116255367882753,1.6972278422564607e-10,3.3871112797467605e-13,17.97944037411346,0.233466111706765,1.072640516555963e-12,18.035075406600605,0.22180423668706248,1.2582277207043674e-10,3.581320230176438e-11
hot_compact,10,6190.0,69.13118488258021,0.2684488564458728,2.6844885644587277,1.6802425969239496e-10,3.353214289241038e-13,17.990360766522308,0.23112966689632947,1.061905916360463e-12,18.045995799009454,0.2195844997241622,1.2456358305713863e-10,3.545479666399827e-11
hot_compact,10,6200.0,69.24286692600926,0.26641277711949046,2.6641277711949045,1.6674986155928404e-10,3.327781473539586e-13,17.998627037947024,0.22937663899108246,1.0538517763224308e-12,18.054262070434156,0.2179190373854447,1.2361881711683788e-10,3.5185885931934073e-11
hot_compact,10,6210.0,69.35454896943831,0.2637573611063095,2.637573611063095,1.6508781570184518e-10,3.294612478010364e-13,18.009503189601737,0.22709037326909964,1.0433477197504344e-12,18.06513822208887,0.21574697301335663,1.2238667130892376e-10,3.483517765903577e-11
hot_compact,10,6220.0,69.46623101286735,0.2604588418956154,2.604588418956154,1.6302324647329356e-10,3.253410433430727e-13,18.02316689924944,0.22425040718948033,1.0302997332123695e-12,18.078801931736557,0.2130488661921907,1.208561176790568e-10,3.4399532935285454e-11
hot_compact,10,6230.0,69.5779130562964,0.2565772274750636,2.5657722747506364,1.6059371334709814e-10,3.2049249039610104e-13,18.03946939239666,0.22090840655695765,1.0149451909252987e-12,18.095104424883793,0.20987380196601546,1.1905500067423294e-10,3.3886877184649194e-11
hot_compact,10,6240.0,69.68959509972545,0.25339639256014074,2.5339639256014075,1.586028036488428e-10,3.165192862522469e-13,18.053013592640347,0.21816976455239914,1.0023627293725013e-12,18.10864862512748,0.2072719579770122,1.1757905401026966e-10,3.346677535734609e-11
hot_compact,10,6250.0,69.8012771431545,0.2513163928864796,2.5131639288647962,1.5730091542344894e-10,3.139211434552619e-13,18.061962617915434,0.21637892201321815,9.941348531627403e-13,18.11759765040258,0.2055705698846424,1.1661390848668966e-10,3.319206394129763e-11
hot_compact,10,6260.0,69.91295918658355,0.24908343964267277,2.4908343964267274,1.559032923503403e-10,3.1113194523573065e-13,18.071652526324023,0.21445638918417548,9.853019369344944e-13,18.127287558811155,0.20374406956931085,1.1557779061854098e-10,3.289715151638532e-11
hot_compact,10,6262.94,69.94579370735168,0.2484549819831067,2.484549819831067,1.5550993573711182e-10,3.103469341791964e-13,18.074395388251382,0.21391529837292353,9.828159404742718e-13,18.130030420738528,0.20323000680666523,1.1528617850697649e-10,3.2814149342984966e-11
hot_compact,10,6280.0,70.13632327344163,0.244126599469154,2.44126599469154,1.5280076693229314e-10,3.04940319940922e-13,18.093476907906002,0.21018863839792937,9.656941130219567e-13,18.149111940393134,0.19968949737211392,1.1327775559201979e-10,3.224248767175285e-11
hot_compact,10,6290.0,70.24800531687069,0.24154442623508035,2.4154442623508037,1.511845643088328e-10,3.0171490847878105e-13,18.105022111287433,0.20796543339954862,9.554797836683752e-13,18.160657143774564,0.19757734377491834,1.1207959533770219e-10,3.190145277900873e-11
hot_compact,10,6300.0,70.35968736029973,0.23966704575417816,2.3966704575417817,1.5000949703664965e-10,2.993698587965997e-13,18.113493855701556,0.20634904236352986,9.480534102938563e-13,18.169128888188702,0.19604169315174674,1.1120846762064351e-10,3.165350185050564e-11
hot_compact,10,6310.0,70.47136940372879,0.23785180263853553,2.3785180263853554,1.4887332203219748e-10,2.9710242535158276e-13,18.121748544165946,0.20478615048829876,9.408728343373998e-13,18.177383576653078,0.19455686935065716,1.103661724080735e-10,3.141375757886704e-11
hot_compact,10,6320.0,70.58305144715783,0.23683255202318637,2.368325520231864,1.4823536502112118e-10,2.9582927195731764e-13,18.126411175174006,0.20390859392751295,9.368409741424149e-13,18.182046207661138,0.19372314765249782,1.0989322754117413e-10,3.12791422789723e-11
hot_compact,10,6330.0,70.69473349058687,0.2360223650759157,2.360223650759157,1.4772826261126218e-10,2.948172615190864e-13,18.130131767390644,0.203211037447945,9.336361092603096e-13,18.18576679987776,0.19306043484434943,1.0951729079689336e-10,3.117213860663184e-11
hot_compact,10,6340.0,70.80641553401593,0.2348285417513789,2.348285417513789,1.4698103916257799e-10,2.9332604807766383e-13,18.135637459168073,0.2021831769050229,9.289136899950579e-13,18.191272491655205,0.19208391700423594,1.0896334203804857e-10,3.101446699728108e-11
hot_compact,10,6350.0,70.91809757744497,0.2334545892156236,2.334545892156236,1.4612107141777472e-10,2.916098339217795e-13,18.142008623079953,0.20100022833103812,9.234787317470193e-13,18.197643655567084,0.19096005794145987,1.0832581110172801e-10,3.083300521559898e-11
hot_compact,10,6360.0,71.02977962087401,0.23233424855991933,2.323342485599193,1.4541984135194292e-10,2.9021040821914744e-13,18.147231576738925,0.20003563505248356,9.190469886344482e-13,18.202866609226056,0.19004364710007832,1.0780595920827339e-10,3.0685038669314153e-11
hot_compact,10,6370.0,71.14146166430307,0.23156901872223926,2.3156901872223927,1.4494087795208714e-10,2.8925455403513844e-13,18.150813523889973,0.19937678584066815,9.160199610554657e-13,18.206448556377104,0.18941770809141334,1.0745088311778212e-10,3.058397260907695e-11
hot_compact,10,6380.0,71.25314370773211,0.22999826618653132,2.299982661865313,1.4395773153281565e-10,2.872925155607225e-13,18.158203256810957,0.19802439598450963,9.098065190133209e-13,18.21383828929809,0.18813287151468003,1.0672203455223302e-10,3.037651889703547e-11
hot_compact,10,6390.0,71.36482575116116,0.22857494814143706,2.2857494814143706,1.4306686552578533e-10,2.855146385862654e-13,18.164943087427268,0.1967989445893889,9.041762851097061e-13,18.2205781199144,0.18696863269087485,1.0606159741022354e-10,3.0188537273477346e-11
hot_compact,10,6400.0,71.4765077945902,0.2273689436776636,2.2736894367766363,1.423120178058357e-10,2.840082095947793e-13,18.170686801891385,0.19576059630332107,8.994056807860615e-13,18.226321834378517,0.1859821509812901,1.0550199645241201e-10,3.0029256866754577e-11
hot_compact,10,6410.0,71.58818983801925,0.22674483424465408,2.267448342446541,1.4192138278195503e-10,2.832286299398219e-13,18.173671158089014,0.19522324923741005,8.969368846505754e-13,18.229306190576146,0.18547164496001314,1.0521240197164317e-10,2.9946828975884055e-11
hot_compact,10,6420.0,71.6998718814483,0.2269880439201194,2.269880439201194,1.4207360963891068e-10,2.8353242492328707e-13,18.1725072063985,0.19543264842063066,8.978989516778374e-13,18.22814223888563,0.18567058443631484,1.0532525426317914e-10,2.997895036281974e-11
hot_compact,10,6430.0,71.81155392487734,0.2266981008209551,2.2669810082095507,1.4189213196292055e-10,2.8317025487866227e-13,18.173894957673646,0.1951830125949617,8.967520207633726e-13,18.229529990160778,0.18543341817969003,1.0519071708618103e-10,2.994065676097282e-11
hot_compact,10,6440.0,71.9232359683064,0.2263394258374703,2.263394258374703,1.4166763445762992e-10,2.8272223133490875e-13,18.175614137537387,0.19487419984547025,8.953332064236296e-13,18.231249170024533,0.1851400309481152,1.0502428746644884e-10,2.989328554555294e-11
hot_compact,10,6450.0,72.03491801173544,0.22546571044584868,2.2546571044584867,1.4112076909264867e-10,2.8163086705245143e-13,18.179813406380013,0.19412194651088244,8.918770414175207e-13,18.23544843886716,0.18442535344972472,1.0461887273980983e-10,2.977789149261386e-11
hot_compact,10,6460.0,72.14660005516448,0.2245032465186326,2.245032465186326,1.4051835531822562e-10,2.8042864632543913e-13,18.184458098014964,0.19329328227352136,8.880698129117799e-13,18.240093130502096,0.18363808185260058,1.0417227759716504e-10,2.9650776170583207e-11
hot_compact,10,6470.0,72.25828209859354,0.2240494652875336,2.240494652875336,1.4023433006132127e-10,2.7986182487257236e-13,18.186654882770732,0.1929025847448512,8.862747858052497e-13,18.242289915257864,0.1832669000717045,1.0396171750457186e-10,2.9590844005136275e-11
hot_compact,10,6480.0,72.36996414202258,0.22373152353100223,2.2373152353100223,1.4003532780452733e-10,2.794646815003627e-13,18.18819671211454,0.1926288425756632,8.8501710031242e-13,18.24383174460167,0.18300683160848333,1.0381418860494695e-10,2.95488525417415e-11
hot_compact,10,6490.0,72.48164618545162,0.22337099501843763,2.2337099501843762,1.3980967016074488e-10,2.790143426998865e-13,18.18994771519568,0.19231843397076576,8.835909539485363e-13,18.24558274768281,0.18271192823613924,1.0364689892484223e-10,2.950123652551486e-11
hot_compact,10,6500.0,72.59332822888068,0.22307506289237017,2.2307506289237016,1.3962444390550952e-10,2.7864469171797776e-13,18.19138710194705,0.1920636416999866,8.824203321784431e-13,18.247022134434182,0.1824698631041988,1.0350958276543399e-10,2.946215193601435e-11
hot_compact,10,6510.0,72.70501027230972,0.2224955079906326,2.224955079906326,1.3926169591468251e-10,2.77920765453722e-13,18.194211543844425,0.19156465528909186,8.801277808628636e-13,18.249846576331556,0.1819958015833356,1.0324066213714548e-10,2.9385608487594517e-11
hot_compact,10,6520.0,72.81669231573878,0.22242657135750588,2.2242657135750585,1.3921854793148688e-10,2.778346562013626e-13,18.194547993764495,0.19150530208020697,8.798550875106159e-13,18.25018302625164,0.18193941312894532,1.0320867468843791e-10,2.937650383226996e-11
hot_compact,10,6530.0,72.92837435916782,0.22276505158426102,2.22765051584261,1.3943040537902465e-10,2.7825745432686325e-13,18.192897017921034,0.19179672750513402,8.811940172424132e-13,18.248532050408166,0.18221628155089573,1.0336573369176848e-10,2.942120786928198e-11
hot_compact,10,6540.0,73.04005640259686,0.2227111341285555,2.227111341285555,1.3939665801761153e-10,2.781901056388096e-13,18.19315983840793,0.19175030553954212,8.809807354055418e-13,18.24879487089506,0.18217217841075112,1.0334071532677739e-10,2.941408683902695e-11
hot_compact,10,6550.0,73.15173844602592,0.22300695725942887,2.2300695725942887,1.3958181605189396e-10,2.7855962047402464e-13,18.191718631794323,0.19200500396740738,8.821509260222191e-13,18.247353664281455,0.18241415438732886,1.0347798091107017e-10,2.945315703322514e-11
hot_compact,10,6560.0,73.26342048945496,0.2230347975182333,2.230347975182333,1.395992414897863e-10,2.785943959448071e-13,18.19158309660441,0.1920289739325954,8.822610540217527e-13,18.247218129091543,0.18243692702783365,1.0349089913480869e-10,2.945683397462863e-11
hot_compact,10,6570.0,73.37510253288401,0.22356670667044645,2.2356670667044645,1.3993216762963832e-10,2.792588075550457e-13,18.18899683886969,0.19248693820481394,8.843651325534311e-13,18.244631871356823,0.18287201550849913,1.0373771154719052e-10,2.952708471469553e-11
hot_compact,10,6580.0,73.48678457631306,0.22367252881753238,2.236725288175324,1.399984025473749e-10,2.7939099077252133e-13,18.18848304254154,0.1925780491818918,8.847837343145273e-13,18.244118075028673,0.18295857539754184,1.0378681432968079e-10,2.954106094375142e-11
hot_compact,10,6590.0,73.5984666197421,0.2231886109515386,2.231886109515386,1.3969551453264453e-10,2.787865254287114e-13,18.19083458894317,0.19216140454926744,8.828694954098257e-13,18.2464696214303,0.18256274259751182,1.0356227046649728e-10,2.947714854804209e-11
hot_compact,10,6600.0,73.71014866317115,0.22299431878545994,2.2299431878545994,1.3957390553120713e-10,2.7854383366380394e-13,18.191780165469247,0.19199412246723194,8.82100931880098e-13,18.24741519795638,0.1824038164294009,1.0347211650314238e-10,2.945148783436676e-11
hot_compact,10,6610.0,73.8218307066002,0.222275123643702,2.22275123643702,1.3912375561115108e-10,2.7764548175498074e-13,18.195287510947416,0.19137490830573858,8.792560042236286e-13,18.250922543434548,0.181815532659085,1.0313840107979983e-10,2.9356501706095044e-11
hot_compact,10,6620.0,73.93351275002924,0.22134794782793,2.2134794782793,1.385434289444171e-10,2.764873396659262e-13,18.199825912495278,0.19057662650155846,8.755883652650952e-13,18.25546094498241,0.18105712586101513,1.027081800564528e-10,2.923404698434584e-11
hot_compact,10,6630.0,74.0451947934583,0.21991126248928536,2.1991126248928534,1.3764419624276706e-10,2.7469276550738146e-13,18.206895982705554,0.18933966610563016,8.699052542202072e-13,18.262531015192685,0.17988195292295892,1.0204154032523337e-10,2.9044299904674205e-11
hot_compact,10,6640.0,74.15687683688734,0.21873525974273444,2.1873525974273447,1.3690812683460672e-10,2.7322381188018797e-13,18.212717671711438,0.18832714876181247,8.652533279995033e-13,18.26835270419857,0.17892001187320192,1.0149586053454687e-10,2.888898190925681e-11
hot_compact,100,0.0,0.0,0.0,0.0,0.0,0.0,,0.0,0.0,,0.0,0.0,0.0
hot_compact,100,10.0,0.1116820434290472,0.0,0.0,0.0,0.0,,0.0,0.0,,0.0,0.0,0.0
hot_compact,100,20.0,0.2233640868580944,0.0,0.0,0.0,0.0,,0.0,0.0,,0.0,0.0,0.0
hot_compact,100,30.0,0.3350461302871416,0.0,0.0,0.0,0.0,,0.0,0.0,,0.0,0.0,0.0
hot_compact,100,40.0,0.4467281737161888,0.0,0.0,0.0,0.0,,0.0,0.0,,0.0,0.0,0.0
hot_compact,100,50.0,0.558410217145236,0.0,0.0,0.0,0.0,,0.0,0.0,,0.0,0.0,0.0
hot_compact,100,60.0,0.6700922605742832,0.0,0.0,0.0,0.0,,0.0,0.0,,0.0,0.0,0.0
hot_compact,100,70.0,0.7817743040033304,0.0,0.0,0.0,0.0,,0.0,0.0,,0.0,0.0,0.0
hot_compact,100,80.0,0.8934563474323776,0.0,0.0,0.0,0.0,,0.0,0.0,,0.0,0.0,0.0
hot_compact,100,90.0,1.0051383908614246,0.0,0.0,0.0,0.0,,0.0,0.0,,0.0,0.0,0.0
hot_compact,100,100.0,1.116820434290472,0.0,0.0,0.0,0.0,,0.0,0.0,,0.0,0.0,0.0
hot_compact,100,110.0,1.2285024777195193,0.0,0.0,0.0,0.0,,0.0,0.0,,0.0,0.0,0.0
hot_compact,100,120.0,1.3401845211485663,0.0,0.0,0.0,0.0,,0.0,0.0,,0.0,0.0,0.0
hot_compact,100,130.0,1.4518665645776134,0.0,0.0,0.0,0.0,,0.0,0.0,,0.0,0.0,0.0
hot_compact,100,140.0,1.5635486080066607,0.0,0.0,0.0,0.0,,0.0,0.0,,0.0,0.0,0.0
hot_compact,100,150.0,1.675230651435708,0.0,0.0,0.0,0.0,,0.0,0.0,,0.0,0.0,0.0
hot_compact,100,160.0,1.7869126948647551,0.0,0.0,0.0,0.0,,0.0,0.0,,0.0,0.0,0.0
hot_compact,100,170.0,1.8985947382938022,0.0,0.0,0.0,0.0,,0.0,0.0,,0.0,0.0,0.0
hot_compact,100,180.0,2.0102767817228493,0.0,0.0,0.0,0.0,,0.0,0.0,,0.0,0.0,0.0
hot_compact,100,190.0,2.121958825151897,0.0,0.0,0.0,0.0,,0.0,0.0,,0.0,0.0,0.0
hot_compact,100,200.0,2.233640868580944,0.0,0.0,0.0,0.0,,0.0,0.0,,0.0,0.0,0.0
hot_compact,100,210.0,2.345322912009991,0.0,0.0,0.0,0.0,,0.0,0.0,,0.0,0.0,0.0
hot_compact,100,220.0,2.4570049554390385,0.0,0.0,0.0,0.0,,0.0,0.0,,0.0,0.0,0.0
hot_compact,100,230.0,2.5686869988680856,0.0,0.0,0.0,0.0,,0.0,0.0,,0.0,0.0,0.0
hot_compact,100,240.0,2.6803690422971327,0.0,0.0,0.0,0.0,,0.0,0.0,,0.0,0.0,0.0
hot_compact,100,250.0,2.7920510857261798,0.0,0.0,0.0,0.0,,0.0,0.0,,0.0,0.0,0.0
hot_compact,100,260.0,2.903733129155227,0.0,0.0,0.0,0.0,,0.0,0.0,,0.0,0.0,0.0
hot_compact,100,270.0,3.0154151725842744,0.0,0.0,0.0,0.0,,0.0,0.0,,0.0,0.0,0.0
hot_compact,100,280.0,3.1270972160133215,0.0,0.0,0.0,0.0,,0.0,0.0,,0.0,0.0,0.0
hot_compact,100,290.0,3.2387792594423686,0.0,0.0,0.0,0.0,,0.0,0.0,,0.0,0.0,0.0
hot_compact,100,300.0,3.350461302871416,0.0,0.0,0.0,0.0,,0.0,0.0,,0.0,0.0,0.0
hot_compact,100,310.0,3.462143346300463,0.0,0.0,0.0,0.0,,0.0,0.0,,0.0,0.0,0.0
hot_compact,100,320.0,3.5738253897295102,0.0,0.0,0.0,0.0,,0.0,0.0,,0.0,0.0,0.0
hot_compact,100,330.0,3.6855074331585573,0.0,0.0,0.0,0.0,,0.0,0.0,,0.0,0.0,0.0
hot_compact,100,340.0,3.7971894765876044,0.0,0.0,0.0,0.0,,0.0,0.0,,0.0,0.0,0.0
hot_compact,100,350.0,3.908871520016652,0.0,0.0,0.0,0.0,,0.0,0.0,,0.0,0.0,0.0
hot_compact,100,360.0,4.020553563445699,0.0,0.0,0.0,0.0,,0.0,0.0,,0.0,0.0,0.0
hot_compact,100,370.0,4.132235606874747,0.0,0.0,0.0,0.0,,0.0,0.0,,0.0,0.0,0.0
hot_compact,100,380.0,4.243917650303794,0.0,0.0,0.0,0.0,,0.0,0.0,,0.0,0.0,0.0
hot_compact,100,390.0,4.355599693732841,0.0,0.0,0.0,0.0,,0.0,0.0,,0.0,0.0,0.0
hot_compact,100,400.0,4.467281737161888,0.0,0.0,0.0,0.0,,0.0,0.0,,0.0,0.0,0.0
hot_compact,100,410.0,4.578963780590935,0.0,0.0,0.0,0.0,,0.0,0.0,,0.0,0.0,0.0
hot_compact,100,420.0,4.690645824019982,0.0,0.0,0.0,0.0,,0.0,0.0,,0.0,0.0,0.0
hot_compact,100,430.0,4.802327867449029,0.0,0.0,0.0,0.0,,0.0,0.0,,0.0,0.0,0.0
hot_compact,100,440.0,4.914009910878077,0.0,0.0,0.0,0.0,,0.0,0.0,,0.0,0.0,0.0
hot_compact,100,450.0,5.025691954307124,0.0,0.0,0.0,0.0,,0.0,0.0,,0.0,0.0,0.0
hot_compact,100,460.0,5.137373997736171,0.0,0.0,0.0,0.0,,0.0,0.0,,0.0,0.0,0.0
hot_compact,100,470.0,5.249056041165218,0.0,0.0,0.0,0.0,,0.0,0.0,,0.0,0.0,0.0
hot_compact,100,480.0,5.360738084594265,0.0,0.0,0.0,0.0,,0.0,0.0,,0.0,0.0,0.0
hot_compact,100,490.0,5.4724201280233125,0.0,0.0,0.0,0.0,,0.0,0.0,,0.0,0.0,0.0
hot_compact,100,500.0,5.5841021714523595,0.0,0.0,0.0,0.0,,0.0,0.0,,0.0,0.0,0.0
hot_compact,100,504.062,5.629467417493239,0.0,0.0,0.0,0.0,,0.0,0.0,,0.0,0.0,0.0
hot_compact,100,512.0,5.718120623567216,0.0,0.0,0.0,0.0,,0.0,0.0,,0.0,0.0,0.0
hot_compact,100,514.0,5.740457032253026,0.0,0.0,0.0,0.0,,0.0,0.0,,0.0,0.0,0.0
hot_compact,100,516.0,5.762793440938835,0.0,0.0,0.0,0.0,,0.0,0.0,,0.0,0.0,0.0
hot_compact,100,518.0,5.785129849624645,0.0,0.0,0.0,0.0,,0.0,0.0,,0.0,0.0,0.0
hot_compact,100,520.0,5.807466258310454,0.0,0.0,0.0,0.0,,0.0,0.0,,0.0,0.0,0.0
hot_compact,100,522.0,5.8298026669962635,0.0,0.0,0.0,0.0,,0.0,0.0,,0.0,0.0,0.0
hot_compact,100,524.0,5.852139075682073,0.0,0.0,0.0,0.0,,0.0,0.0,,0.0,0.0,0.0
hot_compact,100,526.0,5.874475484367882,0.0,0.0,0.0,0.0,,0.0,0.0,,0.0,0.0,0.0
hot_compact,100,528.0,5.896811893053692,0.0,0.0,0.0,0.0,,0.0,0.0,,0.0,0.0,0.0
hot_compact,100,530.0,5.919148301739502,0.0,0.0,0.0,0.0,,0.0,0.0,,0.0,0.0,0.0
hot_compact,100,540.0,6.030830345168549,0.0,0.0,0.0,0.0,,0.0,0.0,,0.0,0.0,0.0
hot_compact,100,550.0,6.142512388597596,0.0,0.0,0.0,0.0,,0.0,0.0,,0.0,0.0,0.0
hot_compact,100,560.0,6.254194432026643,0.0,0.0,0.0,0.0,,0.0,0.0,,0.0,0.0,0.0
hot_compact,100,570.0,6.36587647545569,0.0,0.0,0.0,0.0,,0.0,0.0,,0.0,0.0,0.0
hot_compact,100,580.0,6.477558518884737,0.0,0.0,0.0,0.0,,0.0,0.0,,0.0,0.0,0.0
hot_compact,100,590.0,6.589240562313784,0.0,0.0,0.0,0.0,,0.0,0.0,,0.0,0.0,0.0
hot_compact,100,600.0,6.700922605742832,0.0,0.0,0.0,0.0,,0.0,0.0,,0.0,0.0,0.0
hot_compact,100,610.0,6.812604649171879,0.0,0.0,0.0,0.0,,0.0,0.0,,0.0,0.0,0.0
hot_compact,100,620.0,6.924286692600926,0.0,0.0,0.0,0.0,,0.0,0.0,,0.0,0.0,0.0
hot_compact,100,630.0,7.035968736029973,0.0,0.0,0.0,0.0,,0.0,0.0,,0.0,0.0,0.0
hot_compact,100,640.0,7.1476507794590205,0.0,0.0,0.0,0.0,,0.0,0.0,,0.0,0.0,0.0
hot_compact,100,650.0,7.259332822888068,0.0,0.0,0.0,0.0,,0.0,0.0,,0.0,0.0,0.0
hot_compact,100,660.0,7.371014866317115,0.0,0.0,0.0,0.0,,0.0,0.0,,0.0,0.0,0.0
hot_compact,100,670.0,7.482696909746162,0.0,0.0,0.0,0.0,,0.0,0.0,,0.0,0.0,0.0
hot_compact,100,680.0,7.594378953175209,0.0,0.0,0.0,0.0,,0.0,0.0,,0.0,0.0,0.0
hot_compact,100,690.0,7.706060996604257,0.0,0.0,0.0,0.0,,0.0,0.0,,0.0,0.0,0.0
hot_compact,100,700.0,7.817743040033304,0.0,0.0,0.0,0.0,,0.0,0.0,,0.0,0.0,0.0
hot_compact,100,710.0,7.929425083462351,0.0,0.0,0.0,0.0,,0.0,0.0,,0.0,0.0,0.0
hot_compact,100,720.0,8.041107126891397,0.0,0.0,0.0,0.0,,0.0,0.0,,0.0,0.0,0.0
hot_compact,100,730.0,8.152789170320446,0.0,0.0,0.0,0.0,,0.0,0.0,,0.0,0.0,0.0
hot_compact,100,740.0,8.264471213749493,0.0,0.0,0.0,0.0,,0.0,0.0,,0.0,0.0,0.0
hot_compact,100,750.0,8.37615325717854,0.0,0.0,0.0,0.0,,0.0,0.0,,0.0,0.0,0.0
hot_compact,100,760.0,8.487835300607587,0.0,0.0,0.0,0.0,,0.0,0.0,,0.0,0.0,0.0
hot_compact,100,770.0,8.599517344036634,0.0,0.0,0.0,0.0,,0.0,0.0,,0.0,0.0,0.0
hot_compact,100,780.0,8.711199387465681,0.0,0.0,0.0,0.0,,0.0,0.0,,0.0,0.0,0.0
hot_compact,100,790.0,8.822881430894729,0.0,0.0,0.0,0.0,,0.0,0.0,,0.0,0.0,0.0
hot_compact,100,800.0,8.934563474323776,0.0,0.0,0.0,0.0,,0.0,0.0,,0.0,0.0,0.0
hot_compact,100,810.0,9.046245517752823,0.0,0.0,0.0,0.0,,0.0,0.0,,0.0,0.0,0.0
hot_compact,100,820.0,9.15792756118187,0.0,0.0,0.0,0.0,,0.0,0.0,,0.0,0.0,0.0
hot_compact,100,830.0,9.269609604610917,0.0,0.0,0.0,0.0,,0.0,0.0,,0.0,0.0,0.0
hot_compact,100,840.0,9.381291648039964,0.0,0.0,0.0,0.0,,0.0,0.0,,0.0,0.0,0.0
hot_compact,100,850.0,9.492973691469011,0.0,0.0,0.0,0.0,,0.0,0.0,,0.0,0.0,0.0
hot_compact,100,860.0,9.604655734898058,0.0,0.0,0.0,0.0,,0.0,0.0,,0.0,0.0,0.0
hot_compact,100,870.0,9.716337778327105,0.0,0.0,0.0,0.0,,0.0,0.0,,0.0,0.0,0.0
hot_compact,100,880.0,9.828019821756154,0.0,0.0,0.0,0.0,,0.0,0.0,,0.0,0.0,0.0
hot_compact,100,890.0,9.939701865185201,0.0,0.0,0.0,0.0,,0.0,0.0,,0.0,0.0,0.0
hot_compact,100,900.0,10.051383908614248,0.0,0.0,0.0,0.0,,0.0,0.0,,0.0,0.0,0.0
hot_compact,100,910.0,10.163065952043295,0.0,0.0,0.0,0.0,,0.0,0.0,,0.0,0.0,0.0
hot_compact,100,920.0,10.274747995472342,0.0,0.0,0.0,0.0,,0.0,0.0,,0.0,0.0,0.0
hot_compact,100,930.0,10.38643003890139,0.0,0.0,0.0,0.0,,0.0,0.0,,0.0,0.0,0.0
hot_compact,100,940.0,10.498112082330437,0.0,0.0,0.0,0.0,,0.0,0.0,,0.0,0.0,0.0
hot_compact,100,950.0,10.609794125759484,0.0,0.0,0.0,0.0,,0.0,0.0,,0.0,0.0,0.0
hot_compact,100,960.0,10.72147616918853,0.0,0.0,0.0,0.0,,0.0,0.0,,0.0,0.0,0.0
hot_compact,100,970.0,10.833158212617578,4.6350857894735735e-06,4.6350857894735735e-05,2.9011368075768566e-15,5.789719541701486e-18,29.897370220230478,3.990726012919128e-06,1.8335056769641037e-17,29.95300525271761,3.7913850993265275e-06,2.150737020667726e-15,6.121688367821691e-16
hot_compact,100,980.0,10.944840256046625,1.394543768458249e-05,0.0001394543768458249,8.728559599995362e-15,1.7419348151736707e-17,28.70143428878044,1.2006772572752471e-05,5.516411200090242e-17,28.757069321267572,1.1407021799032902e-05,6.470855224678119e-15,1.8418132378858662e-15
hot_compact,100,990.0,11.056522299475672,2.6988741874327923e-05,0.0002698874187432792,1.6892466719735986e-14,3.371183476055583e-17,27.9845580630492,2.323682433202011e-05,1.0675964521105268e-16,28.040193095536317,2.2076120796788584e-05,1.2523109372039225e-14,3.5644791638900775e-15
hot_compact,100,1000.0,11.168204342904719,4.2964216665428604e-05,0.000429642166654286,2.6891642579702584e-14,5.366691710143737e-17,27.479747417115853,3.6991422566720756e-05,1.6995399597841301e-16,27.535382449602984,3.514366254870183e-05,1.9935926872417475e-14,5.674405120842363e-15
hot_compact,100,1010.0,11.279886386333766,6.231944008797553e-05,0.0006231944008797553,3.900622980429029e-14,7.784366816352408e-17,27.07595580534214,5.3655923960338375e-05,2.465176533431646e-16,27.131590837829272,5.0975754771252604e-05,2.8916989456567534e-14,8.23070399995874e-15
hot_compact,100,1020.0,11.391568429762813,8.473260103485145e-05,0.0008473260103485145,5.303480427960996e-14,1.0584011134050488e-16,26.74238831684783,7.29532549019949e-05,3.351776257823682e-16,26.79802334933496,6.930916396850584e-05,3.931697279843033e-14,1.1190873301812996e-14
hot_compact,100,1030.0,11.50325047319186,0.00010916509465388087,0.0010916509465388087,6.832729502487907e-14,1.3635891771941713e-16,26.467305173018495,9.39891951789526e-05,4.3182549334636323e-16,26.52294020550564,8.929433715709086e-05,5.065395142631517e-14,1.4417741557933825e-14
hot_compact,100,1040.0,11.614932516620907,0.0001355801939938277,0.001355801939938277,8.486071435121747e-14,1.6935421139700099e-16,26.232024034746196,0.00011673212354268871,5.363159748545036e-16,26.287659067233328,0.00011090123260272594,6.291088358150007e-14,1.7906458136415372e-14
hot_compact,100,1048.56,11.710532345796173,0.00015943393738272123,0.0015943393738272122,9.979096075597102e-14,1.991500966328371e-16,26.05606273326665,0.00013726977021661716,6.306744741506914e-16,26.11169776575378,0.00013041300247184005,7.397931495865221e-14,2.105688921936147e-14
hot_compact,100,1060.0,11.838296603479003,0.00019446213935154184,0.0019446213935154185,1.2171538905150926e-13,2.4290407976517097e-16,25.840427013997818,0.00016742842598523752,7.692358947602807e-16,25.89606204648495,0.0001590652020281874,9.023283305164201e-14,2.5683162524274603e-14
hot_compact,100,1070.0,11.94997864690805,0.0002268864024035784,0.002268864024035784,1.420099914108544e-13,2.834054637619851e-16,25.67299349011487,0.00019534513689172347,8.974968872802021e-16,25.728628522601987,0.00018558744419926426,1.0527809134486639e-13,2.996552628141633e-14
hot_compact,100,1080.0,12.061660690337098,0.0002603516071208733,0.002603516071208733,1.6295612738074882e-13,3.2520709560206554e-16,25.52361400502165,0.00022415807996524107,1.0298755435054516e-15,25.57924903750878,0.00021296115080879694,1.2080635941989695e-13,3.438537013651578e-14
hot_compact,100,1090.0,12.173342733766145,0.00029484491806004796,0.0029484491806004796,1.8454576315579636e-13,3.6829294243926227e-16,25.38853054547517,0.00025385620411847413,1.1663210901399782e-15,25.444165577962302,0.0002411758227827706,1.3681168147256855e-13,3.894099887640982e-14
hot_compact,100,1100.0,12.285024777195192,0.0003307435055213578,0.0033074350552135777,2.0701497260614641e-13,4.1313413045270584e-16,25.26378634935299,0.00028476424623805096,1.3083255036392575e-15,25.319421381840122,0.00027053997606269034,1.5346906917789645e-13,4.3682226445103614e-14
hot_compact,100,1110.0,12.396706820624239,0.0003677663778100922,0.0036776637781009217,2.301878808105625e-13,4.593796708625089e-16,25.148584606325166,0.0003166402774975318,1.4547772622519524e-15,25.204219638812297,0.000300823766418536,1.7064813892104307e-13,4.8571941477951674e-14
hot_compact,100,1120.0,12.508388864053286,0.0004055562407337614,0.004055562407337614,2.5384085451174446e-13,5.065832648810432e-16,25.04238694032629,0.00034917667398379036,1.6042630136475313e-15,25.09802197281342,0.00033173493607148506,1.8818310178634203e-13,5.356295512449037e-14
hot_compact,100,1130.0,12.620070907482333,0.00044378030647664675,0.004437803064766467,2.7776559918718597e-13,5.543292248150449e-16,24.94459459782221,0.00038208691133605053,1.7554663456233764e-15,25.00022963030934,0.0003630012728504884,2.0591954011944947e-13,5.861131516046824e-14
hot_compact,100,1140.0,12.73175295091138,0.0004822138251506681,0.004822138251506681,3.0182144210666717e-13,6.023368139364111e-16,24.854415518410157,0.00041517748391806315,1.9074982127240013e-15,24.91005055089729,0.0003944389369270194,2.2375316719803915e-13,6.368733823506889e-14
hot_compact,100,1150.0,12.843434994340427,0.000521570005903269,0.00521570005903269,3.264547865091202e-13,6.514969070047097e-16,24.76923314137951,0.0004490624520572158,2.0631798637462895e-15,24.82486817386664,0.00042663131567666055,2.420149208702021e-13,6.8885219889433e-14
hot_compact,100,1160.0,12.955117037769474,0.0005610402979626898,0.005610402979626898,3.5115955407986227e-13,7.007995373405008e-16,24.690029520847553,0.00048304566799180925,2.219312906044517e-15,24.745664553334684,0.00045891703464220955,2.603296235972912e-13,7.409817254552879e-14
hot_compact,100,1170.0,13.066799081198521,0.0006005375630254578,0.006005375630254578,3.7588120426645563e-13,7.50135859851943e-16,24.61616421901001,0.0005170521072001441,2.3755526457309014e-15,24.67179925149714,0.000491224816854831,2.786568421308815e-13,7.931468760215685e-14
hot_compact,100,1180.0,13.178481124627568,0.0006400744084624856,0.0064007440846248565,4.0062762812193854e-13,7.995216224982023e-16,24.546938503385412,0.0005510926244032205,2.5319489539128825e-15,24.602573535872544,0.000523564974830925,2.9700242644669874e-13,8.453643015030733e-14
hot_compact,100,1190.0,13.290163168056615,0.0006797393976395172,0.006797393976395172,4.254542581564806e-13,8.490674504268197e-16,24.481658556387323,0.0005852434710758801,2.6888521616117993e-15,24.537293588874455,0.0005560099512048845,3.1540747103965226e-13,8.977509700316799e-14
hot_compact,100,1200.0,13.401845211485664,0.0007194328682495489,0.007194328682495489,4.502987149449087e-13,8.986488547215943e-16,24.42003897405268,0.0006194188397532493,2.8458680336096435e-15,24.475674006539798,0.0005884782246839222,3.3382573136908565e-13,9.50175254791143e-14
hot_compact,100,1210.0,13.513527254914711,0.0007595029200235545,0.007595029200235545,4.753788768584341e-13,9.487006493010642e-16,24.361191042416102,0.0006539184380814396,3.0043735516104853e-15,24.416826074903234,0.0006212545322056136,3.5241873000702764e-13,1.0030969009017758e-13
hot_compact,100,1220.0,13.625209298343758,0.0007994725285119311,0.007994725285119311,5.003961705260958e-13,9.986269794382231e-16,24.30550579943634,0.0006883315565361195,3.1624817450680966e-15,24.36114083192347,0.0006539486796133916,3.709651217205907e-13,1.0558858887356928e-13
hot_compact,100,1230.0,13.736891341772806,0.0008392153971148184,0.008392153971148184,5.252715459084405e-13,1.0482700871269687e-15,24.252831054010407,0.0007225494560023518,3.319693021216899e-15,24.30846608649754,0.0006864573594241685,3.8940630332846567e-13,1.1083754148158115e-13
hot_compact,100,1240.0,13.848573385201853,0.0008790911375181467,0.008790911375181468,5.502300868002185e-13,1.0980791659529265e-15,24.202429907762912,0.0007568817557136903,3.4774298997201837e-15,24.258064940250044,0.0007190747250688641,4.079091390918819e-13,1.1610404284256365e-13
hot_compact,100,1250.0,13.9602554286309,0.000918880343090512,0.00918880343090512,5.751344648577692e-13,1.147780153488966e-15,24.154367259464003,0.0007911395504823733,3.634824471498129e-15,24.210002291951135,0.0007516213073702542,4.263718216255667e-13,1.2135911530466102e-13
hot_compact,100,1260.0,14.071937472059947,0.0009585391604452547,0.009585391604452547,5.999572318999904e-13,1.197318272149247e-15,24.108490011265154,0.0008252850833263631,3.791703265255821e-15,24.164125043752286,0.0007840612353468108,4.447740024167949e-13,1.2659696702756662e-13
hot_compact,100,1270.0,14.183619515488994,0.0009981851549485375,0.009981851549485374,6.247719730181966e-13,1.2468403736920354e-15,24.06448689536679,0.0008594195759244535,3.948531335527445e-15,24.120121927853923,0.0008164906745492294,4.631702332466634e-13,1.318331252003592e-13
hot_compact,100,1280.0,14.295301558918041,0.0010376098992606736,0.010376098992606737,6.494482318941375e-13,1.2960861100037434e-15,24.02242939605123,0.0008933635760627976,4.104484204130919e-15,24.07806442853836,0.0008487391365883255,4.814638012567824e-13,1.3704006223716775e-13
hot_compact,100,1290.0,14.406983602347088,0.0010771393014349941,0.010771393014349942,6.741899969526985e-13,1.3454625752161452e-15,23.98183498163987,0.0009273976847497306,4.260851068921668e-15,24.037470014127003,0.0008810732061603205,4.998059318068256e-13,1.4226082173264553e-13
hot_compact,100,1300.0,14.518665645776135,0.001116649682127792,0.011166496821277919,6.989198563157262e-13,1.3948152805569318e-15,23.942722295615873,0.0009614154162810802,4.4171426902413356e-15,23.998357328103005,0.0009133917166326812,5.181392361546458e-13,1.4747906900747702e-13
hot_compact,100,1310.0,14.630347689205182,0.001155928852546984,0.01155928852546984,7.23504999342204e-13,1.4438791794548307e-15,23.905186902023566,0.000995234079899722,4.572519710691714e-15,23.960821934510697,0.0009455211028415492,5.363652560815106e-13,1.5266677969017756e-13
hot_compact,100,1320.0,14.74202973263423,0.0011951469885393173,0.011951469885393173,7.480519404388077e-13,1.492866839803984e-15,23.86896135843127,0.0010290001939678242,4.727655296628862e-15,23.924596390918403,0.000977600564404564,5.545629552809189e-13,1.5784642938419504e-13
hot_compact,100,1330.0,14.853711776063276,0.0012341647961734694,0.012341647961734694,7.724734944336578e-13,1.5416042685365505e-15,23.834081776548224,0.0010625938289003873,4.8819984416087875e-15,23.889716809035356,0.0010095161623441902,5.726676996493276e-13,1.6299962114764285e-13
hot_compact,100,1340.0,14.965393819492324,0.0012729504467875333,0.012729504467875333,7.967497395158566e-13,1.5900517082382773e-15,23.80048591760724,0.0010959875807884437,5.035423240664577e-15,23.856120950094372,0.0010412418616052063,5.906647202947266e-13,1.681221512794849e-13
hot_compact,100,1350.0,15.07707586292137,0.00131168525744856,0.0131168525744856,8.20994163469871e-13,1.6384356433830298e-15,23.767940568790145,0.0011293375603856958,5.18864693159261e-15,23.823575601277277,0.001072925975046854,6.086381505743605e-13,1.7323796683551828e-13
hot_compact,100,1360.0,15.188757906350418,0.0013502796463713462,0.013502796463713463,8.451506963487474e-13,1.6866441767080755e-15,23.736455358925234,0.001162566639376351,5.341315154799167e-15,23.79209039141238,0.0011044952269929076,6.265464234341196e-13,1.7833523649702846e-13
hot_compact,100,1370.0,15.300439949779467,0.0013887859921210307,0.013887859921210308,8.69252122310138e-13,1.7347427346620121e-15,23.705926343753,0.0011957199147687309,5.4936351047157955e-15,23.76156137624013,0.0011359924618092345,6.444138431747763e-13,1.8342087804865845e-13
hot_compact,100,1380.0,15.412121993208514,0.0014268691136466428,0.014268691136466428,8.930886488866878e-13,1.782312640143928e-15,23.676554319158946,0.0012285088016692862,5.644280902194452e-15,23.732189351646092,0.0011671435097177663,6.620848816512884e-13,1.8845062318483545e-13
hot_compact,100,1390.0,15.52380403663756,0.0014652693277608826,0.014652693277608826,9.171236462191334e-13,1.8302786282962175e-15,23.647721015472534,0.0012615706996206434,5.796181026103685e-15,23.703356047959666,0.001198553931491257,6.799030550030362e-13,1.9352224763241022e-13
hot_compact,100,1400.0,15.635486080066608,0.0015032111597924943,0.015032111597924943,9.40871738585361e-13,1.8776720480383637e-15,23.619964683965144,0.001294237938792404,5.946267923270435e-15,23.67559971645229,0.001229589408101527,6.975085334102896e-13,1.9853333226711642e-13
hot_compact,100,1410.0,15.747168123495655,0.0015410654499781417,0.015410654499781417,9.645650378187177e-13,1.9249561186207926e-15,23.592961952551725,0.001326829805999593,6.096008530252197e-15,23.648596985038857,0.0012605532776552224,7.150733913204206e-13,2.0353285500362966e-13
hot_compact,100,1420.0,15.858850166924702,0.0015786714148756378,0.01578671414875638,9.881029082927313e-13,1.9719300042705558e-15,23.566785299109277,0.0013592078695724805,6.244766834324716e-15,23.622420331596423,0.0012913140232884454,7.325230232315836e-13,2.0849958071982961e-13
hot_compact,100,1430.0,15.970532210353749,0.001616035421256052,0.01616035421256052,1.0114893350197038e-12,2.018601657767936e-15,23.541387473008136,0.0013913776111871504,6.392568020590122e-15,23.597022505495268,0.0013218768528618613,7.498603834041443e-13,2.134343502931059e-13
hot_compact,100,1440.0,16.082214253782794,0.0016531344560464015,0.016531344560464015,1.0347099139354785e-12,2.0649423333152475e-15,23.516744217403676,0.0014233192169991226,6.539321055997736e-15,23.572379249890794,0.001352222942253122,7.670747934881714e-13,2.1833412432208431e-13
hot_compact,100,1450.0,16.193896297211843,0.0016901334297590245,0.016901334297590245,1.0578678638323347e-12,2.1111580218389335e-15,23.49271218243782,0.001455174672011757,6.685678278765871e-15,23.548347214924952,0.0013824871841670446,7.842427739970043e-13,2.2322068300266546e-13
hot_compact,100,1460.0,16.305578340640892,0.001726777927761113,0.01726777927761113,1.0808039445820093e-12,2.156930932161404e-15,23.469423440382933,0.001486724929773848,6.8306332983016784e-15,23.52505847287005,0.0014124614737504092,8.012462734005885e-13,2.280604250776342e-13
hot_compact,100,1470.0,16.417260384069937,0.0017634388515306494,0.017634388515306493,1.1037503063492748e-12,2.202724360030065e-15,23.446613650194728,0.001518289329828103,6.975653293415573e-15,23.50224868268186,0.0014424491992037396,8.182573945630244e-13,2.3290233654997957e-13
hot_compact,100,1480.0,16.528942427498986,0.0017997213994588213,0.017997213994588212,1.1264598396886881e-12,2.248045155869384e-15,23.424501460609385,0.001549527955046383,7.119176543302563e-15,23.480136493096516,0.0014721274226128678,8.350929446644894e-13,2.376942748591095e-13
hot_compact,100,1490.0,16.64062447092803,0.0018358907950573708,0.018358907950573707,1.149098550091215e-12,2.293224612306637e-15,23.402897551345326,0.0015806691581314476,7.262252195349626e-15,23.458532583832458,0.0015017130902256265,8.518759906882851e-13,2.424712688213276e-13
hot_compact,100,1500.0,16.75230651435708,0.0018721025305860253,0.018721025305860253,1.1717637613904323e-12,2.338456955860086e-15,23.381690586384387,0.0016118468151395098,7.405495331895868e-15,23.43732561887152,0.0015313333908500268,8.686786829622832e-13,2.4725385473738194e-13
hot_compact,100,1510.0,16.863988557786126,0.0019080650613413385,0.019080650613413384,1.194272993453579e-12,2.383378015909489e-15,23.36103171413425,0.0016428099112922418,7.54775268654421e-15,23.41666674662138,0.0015607498481569051,8.853657411453289e-13,2.5200352747703657e-13
hot_compact,100,1520.0,16.975670601215175,0.0019435573988001015,0.019435573988001015,1.2164879278184186e-12,2.4277117540750995e-15,23.341021234415457,0.0016733681794213148,7.688150092709067e-15,23.39665626690259,0.0015897816990208145,9.018346238348256e-13,2.56691100463529e-13
hot_compact,100,1530.0,17.08735264464422,0.001978827970132851,0.01978827970132851,1.2385640570132844e-12,2.4717684825516158e-15,23.321494561307183,0.0017037355108799434,7.827670256316887e-15,23.377129593794315,0.0016186321506994892,9.18200604304426e-13,2.613493841730661e-13
hot_compact,100,1540.0,17.19903468807327,0.0020132399473435513,0.020132399473435512,1.260102785365235e-12,2.5147527348340323e-15,23.30277581415023,0.0017333636081467941,7.96379407028095e-15,23.358410846637362,0.0016467802937028637,9.341681865031218e-13,2.658942709383316e-13
hot_compact,100,1550.0,17.310716731502314,0.0020471159240021525,0.020471159240021526,1.2813060267378278e-12,2.5570674649087055e-15,23.284658570772386,0.0017625302185192582,8.097797621320517e-15,23.340293603259518,0.001674490001562045,9.498870578293859e-13,2.703683666008223e-13
hot_compact,100,1560.0,17.422398774931363,0.002079911900065542,0.020799119000655418,1.3018332872070916e-12,2.59803315834519e-15,23.267402312922734,0.0017907669676841761,8.227529002841791e-15,23.323037345409865,0.0017013162957477943,9.651047955482112e-13,2.746998235424512e-13
hot_compact,100,1561.62,17.440491265966866,0.0020849698393865792,0.020849698393865794,1.3049990913801401e-12,2.60435106732419e-15,23.264765219777907,0.0017951217630292962,8.247536745697218e-15,23.32040025226504,0.0017054535645376473,9.67451741827124e-13,2.7536783983628256e-13
hot_compact,100,1580.0,17.645762861789457,0.0021470338005578995,0.021470338005578994,1.3438454149125007e-12,2.6818756149053916e-15,23.23291745832625,0.0018485577242090612,8.493043798448918e-15,23.288552490813395,0.001756220343897916,9.96250185912795e-13,2.8356480201606044e-13
hot_compact,100,1590.0,17.757444905218502,0.002179369571515118,0.021793695715151176,1.3640846293707115e-12,2.7222664627796987e-15,23.216687454801395,0.0018763982450036981,8.620954741874637e-15,23.272322487288513,0.0017826702017324477,1.0112543827816992e-12,2.8783547837296625e-13
hot_compact,100,1600.0,17.86912694864755,0.002211896631711604,0.022118966317116042,1.3844435732747494e-12,2.762896251441084e-15,23.200602594004685,0.0019044034624140645,8.74962237012146e-15,23.25623762649183,0.0018092765294155137,1.0263473402188508e-12,2.921314188385446e-13
hot_compact,100,1610.0,17.9808089920766,0.0022446058085161397,0.022446058085161397,1.4049165054022805e-12,2.8037535232888384e-15,23.184664456107534,0.0019325654789686393,8.879010398917253e-15,23.240299488594665,0.0018360318239625075,1.0415248020101395e-12,2.96451411957552e-13
hot_compact,100,1620.0,18.092491035505645,0.002277656724461554,0.02277656724461554,1.425603334757441e-12,2.845037663995548e-15,23.168793986529714,0.001961021726814949,9.00975024876513e-15,23.22442901901683,0.0018630666526422955,1.0568608349811394e-12,3.0081653952753973e-13
hot_compact,100,1630.0,18.204173078934694,0.0023110044345431256,0.023110044345431256,1.4464759299067613e-12,2.886692532427271e-15,23.15301271509913,0.0019897335091073167,9.141664130245323e-15,23.208647747586262,0.0018903442515568758,1.0723345840948696e-12,3.0522086553512876e-13
hot_compact,100,1640.0,18.31585512236374,0.002344613159629554,0.023446131596295543,1.4675118964093454e-12,2.928673436609558e-15,23.137336666635015,0.0020186700206532428,9.274610511478304e-15,23.192971699122147,0.001917835354265143,1.087929447392758e-12,3.09659664529662e-13
hot_compact,100,1650.0,18.42753716579279,0.0023784310273042616,0.023784310273042616,1.4886787669099238e-12,2.970915582327678e-15,23.121788257877846,0.0020477866002292684,9.408384200209618e-15,23.177423290364978,0.0019454975304181855,1.1036213554332125e-12,3.1412608557496276e-13
hot_compact,100,1660.0,18.539219209221834,0.0024124756854053573,0.024124756854053575,1.5099875873297665e-12,3.0134410136252167e-15,23.10635729990171,0.0020770984423085516,9.543055006174894e-15,23.16199233238884,0.0019733452155094294,1.1194184970309558e-12,3.186224594707221e-13
hot_compact,100,1670.0,18.650901252650883,0.00244657521690242,0.024465752169024198,1.5313307534415832e-12,3.0560349876827786e-15,23.091118231839836,0.002106457529400905,9.677942875399818e-15,23.146753264326968,0.002001237785676219,1.1352411005617715e-12,3.231260806504597e-13
hot_compact,100,1680.0,18.762583296079928,0.0024805074161907384,0.024805074161907383,1.552569185002211e-12,3.0984199458552136e-15,23.07616333764158,0.00213567254645258,9.81216882687692e-15,23.1317983701287,0.0020289934822506545,1.1509860598822222e-12,3.2760760179403053e-13
hot_compact,100,1690.0,18.874265339508977,0.0025142502172696077,0.025142502172696077,1.573689070727513e-12,3.140568325339742e-15,23.061493421372653,0.0021647244950313985,9.945645573899124e-15,23.117128453859785,0.0020565942557919993,1.1666431360956042e-12,3.3206410858256395e-13
hot_compact,100,1700.0,18.985947382938022,0.0025476248929461823,0.025476248929461823,1.5945785438557432e-12,3.1822568766932993e-15,23.047175952839375,0.0021934594942190563,1.007766612346221e-14,23.10281098532652,0.0020838939118938103,1.1821293975782724e-12,3.3647199601224433e-13
hot_compact,100,1710.0,19.09762942636707,0.0025810104117866424,0.025810104117866425,1.6154748038058983e-12,3.2239589723221286e-15,23.033040270973352,0.002222203829176998,1.0209729565440762e-14,23.088675303460484,0.0021112024374344736,1.197620690422829e-12,3.408813155291232e-13
hot_compact,100,1720.0,19.209311469796116,0.0026145027903293487,0.026145027903293486,1.6364379480877602e-12,3.2657945471861688e-15,23.01904188803048,0.002251040168428465,1.0342215713448084e-14,23.07467692051761,0.0021385983715585415,1.2131615674882773e-12,3.4530474830789065e-13
hot_compact,100,1730.0,19.320993513225165,0.0026483711824334816,0.026483711824334816,1.6576364422278018e-12,3.308099803338413e-15,23.005067528268178,0.0022802002486351056,1.047618926218714e-14,23.06070256075531,0.0021663018754404712,1.2288769194876461e-12,3.4977784225690776e-13
hot_compact,100,1740.0,19.43267555665421,0.0026829070894957654,0.026829070894957653,1.6792527392527645e-12,3.3512388573043588e-15,22.991000579491065,0.0023099350472889323,1.0612803306746157e-14,23.046635611978196,0.0021945513899856027,1.2449020066672363e-12,3.543390967867697e-13
hot_compact,100,1750.0,19.54435760008326,0.0027175917025002655,0.027175917025002654,1.7009621125015696e-12,3.394563660949755e-15,22.977054142566992,0.0023397978791009004,1.0750005588937954e-14,23.032689175054124,0.0022229225422995074,1.2609960952396042e-12,3.589199913293098e-13
hot_compact,100,1760.0,19.656039643512308,0.0027529900733481247,0.027529900733481247,1.7231182324224144e-12,3.4387800247347982e-15,22.96300304862354,0.0023702752436576316,1.089003129040874e-14,23.018638081110673,0.0022518775308086308,1.277421376261741e-12,3.6359515388080575e-13
hot_compact,100,1770.0,19.767721686941353,0.002788245062948869,0.027882450629488693,1.7451846088881404e-12,3.4828172899559663e-15,22.949187307491194,0.002400629159523527,1.1029489817198204e-14,23.00482233997834,0.0022807152370173775,1.2937801266153541e-12,3.682513796671049e-13
hot_compact,100,1780.0,19.879403730370402,0.0028236677261274062,0.028236677261274063,1.7673559335706382e-12,3.527063997468833e-15,22.93548068726775,0.002431127439342747,1.1169611612092556e-14,22.99111571975488,0.0023096900960498834,1.3102166795787837e-12,3.729297505751424e-13
hot_compact,100,1790.0,19.991085773799448,0.002859916064563448,0.028599160645634482,1.790044054918711e-12,3.5723420619814636e-15,22.921631444088312,0.0024623366107997956,1.131299953913791e-14,22.977266476575444,0.0023393403369437768,1.3270363560536269e-12,3.777171707402821e-13
hot_compact,100,1800.0,20.102767817228496,0.0028967372103280314,0.028967372103280313,1.8130907008982488e-12,3.6183356243153456e-15,22.907741916836862,0.0024940389591278284,1.14586533260538e-14,22.963376949324008,0.0023694591200111824,1.3441218221995049e-12,3.825802431828423e-13
hot_compact,100,1810.0,20.214449860657542,0.002934260542283092,0.029342605422830917,1.8365768507608846e-12,3.665206292552673e-15,22.89376797819431,0.0025263458772143365,1.160708475814176e-14,22.949403010681458,0.0024001522739490423,1.3615331114053768e-12,3.8753605533356615e-13
hot_compact,100,1820.0,20.32613190408659,0.002972709971168448,0.029727099711684482,1.8606426520073137e-12,3.713233755235321e-15,22.87963331255022,0.0025594501482039153,1.1759179561429827e-14,22.935268345037336,0.002431602952183439,1.3793741210184182e-12,3.9261417971459533e-13
hot_compact,100,1830.0,20.437813947515636,0.003011371537362392,0.030113715373623923,1.884841231670832e-12,3.761526200180829e-15,22.86560380905855,0.0025927370656242486,1.1912113518462303e-14,22.92123884154568,0.002463227153469472,1.3973135649612138e-12,3.9772032166753885e-13
hot_compact,100,1840.0,20.549495990944685,0.003049935753429674,0.030499357534296737,1.9089788791211168e-12,3.809697044371503e-15,22.85178793450691,0.0026259401663256514,1.2064662386592447e-14,22.90742296699404,0.002494771724768832,1.4152078372435725e-12,4.028136063150287e-13
hot_compact,100,1850.0,20.66117803437373,0.0030881435017969102,0.030881435017969104,1.932893410622251e-12,3.8574226221523034e-15,22.83827097919258,0.0026588363547091504,1.2215801171756769e-14,22.89390601167971,0.0025260247143396707,1.4329367041129614e-12,4.0785981126924025e-13
hot_compact,100,1860.0,20.77286007780278,0.0031257034238635034,0.03125703423863503,1.9564024625247155e-12,3.904338995365416e-15,22.825145241017587,0.002691174776227642,1.2364377343727143e-14,22.88078027350472,0.0025567477980803317,1.4503649715822437e-12,4.128204559790648e-13
hot_compact,100,1870.0,20.884542121231824,0.003162496276364832,0.03162496276364832,1.9794313995272976e-12,3.950297216377346e-15,22.812439605121604,0.0027228527645617524,1.2509919210689116e-14,22.868074637608736,0.0025868434379608396,1.4674373093047266e-12,4.1767979165064774e-13
hot_compact,100,1880.0,20.996224164660873,0.0031979494790048478,0.031979494790048475,2.0016218390999627e-12,3.994582070954788e-15,22.800335665925765,0.002753377338311417,1.2650161810846925e-14,22.855970698412897,0.002615843277514624,1.4838880329552544e-12,4.2236219599138944e-13
hot_compact,100,1890.0,21.10790620808992,0.003232670532137894,0.03232670532137894,2.0233540205130607e-12,4.037952392231125e-15,22.788611051276483,0.0027832715444226983,1.2787508239631888e-14,22.84424608376363,0.002644244236948971,1.4999990301970757e-12,4.2694790328435476e-13
hot_compact,100,1900.0,21.219588251518967,0.0032663879018799066,0.032663879018799066,2.044457988563745e-12,4.0800690052468845e-15,22.777345266276846,0.0028123015970750666,1.2920884387652006e-14,22.832980298763992,0.002671824208288157,1.515644305956238e-12,4.3140105128459196e-13
hot_compact,100,1910.0,21.331270294948013,0.0032984104759649384,0.032984104759649385,2.0645011706257524e-12,4.120068636618702e-15,22.76675290934066,0.002839872460961122,1.3047556414972946e-14,22.822387941827778,0.002698017878857059,1.530503175610423e-12,4.356303628483443e-13
hot_compact,100,1920.0,21.44295233837706,0.0033297454340924146,0.03329745434092415,2.084113968428536e-12,4.159209361871524e-15,22.756487082031803,0.0028668512997988066,1.3171508432742794e-14,22.812122114518935,0.002723649096644298,1.5450429829725408e-12,4.3976885903563785e-13
hot_compact,100,1930.0,21.55463438180611,0.003360025998809177,0.03360025998809177,2.103066813067036e-12,4.1970330366075e-15,22.746658067610305,0.0028929223247570715,1.3291289575598767e-14,22.802293100097437,0.0027484178467992687,1.559093538776916e-12,4.437680985150592e-13
hot_compact,100,1940.0,21.666316425235156,0.0033892222623187855,0.033892222623187855,2.121340985015223e-12,4.233502302779474e-15,22.73726453611095,0.0029180597857577815,1.3406781536961335e-14,22.79289956859808,0.0027722996654870108,1.5726409654368262e-12,4.476241312796853e-13
hot_compact,100,1950.0,21.777998468664205,0.0034170999031109322,0.034170999031109324,2.13878982058892e-12,4.268324467676051e-15,22.728370471905897,0.002942061936169041,1.3517057408810025e-14,22.78400550439303,0.002795102883529654,1.5855765348790819e-12,4.5130600982758976e-13
hot_compact,100,1960.0,21.88968051209325,0.003443915298402119,0.03443915298402119,2.1555737883130257e-12,4.3018197739524576e-15,22.719883508124774,0.0029651495121915347,1.3623131345150289e-14,22.77551854061189,0.0028170372111251535,1.5980192092967962e-12,4.548475946199446e-13
hot_compact,100,1970.0,22.0013625555223,0.003469261761909785,0.03469261761909785,2.1714383400309228e-12,4.3334802268003055e-15,22.711921988793158,0.0029869723642054636,1.372339461285034e-14,22.76755702128029,0.0028377699889912786,1.6097802812348266e-12,4.581951734538181e-13
hot_compact,100,1980.0,22.113044598951344,0.003493572755397631,0.03493572755397631,2.1866547828843703e-12,4.363847266477201e-15,22.70434018198764,0.0030079036950412786,1.3819561861089483e-14,22.75997521447477,0.0028576557780890708,1.6210608823020749e-12,4.614059948453601e-13
hot_compact,100,1990.0,22.224726642380393,0.003516608797293954,0.03516608797293954,2.201073223466005e-12,4.392621754801341e-15,22.697204516658637,0.0030277373153464572,1.3910685770139045e-14,22.75283954914577,0.0028764986884385465,1.6317498900931693e-12,4.644484297888002e-13
hot_compact,100,2000.0,22.336408685809438,0.003538732061787419,0.03538732061787419,2.21492034946128e-12,4.420256086199248e-15,22.690395459964257,0.003046785050623605,1.3998198996180871e-14,22.74603049245139,0.0028945949695342427,1.642015357902239e-12,4.673703116494435e-13
hot_compact,100,2010.0,22.448090729238487,0.0035595333174992887,0.03559533317499289,2.2279400197177776e-12,4.446239086764297e-15,22.684032006395206,0.0030646945599706087,1.4080482738419927e-14,22.739667038882338,0.0029116098802684457,1.6516673973180998e-12,4.701175920863371e-13
hot_compact,100,2020.0,22.559772772667532,0.0035795320794510385,0.03579532079451039,2.2404574027910213e-12,4.471219686507421e-15,22.677949014997346,0.0030819131365346654,1.4159592047796813e-14,22.733584047484477,0.002927968371030588,1.6609470697234803e-12,4.72758884911788e-13
hot_compact,100,2030.0,22.67145481609658,0.003598225757729446,0.03598225757729446,2.2521579236844322e-12,4.494570096694126e-15,22.67229364192496,0.00309800805938425,1.4233538824196595e-14,22.72792867441209,0.0029432593357495837,1.6696211671948e-12,4.752278116602123e-13
hot_compact,100,2040.0,22.783136859525627,0.0036161784517958415,0.036161784517958415,2.2633946567066063e-12,4.516994938085078e-15,22.666890027270533,0.0031134650080723307,1.4304554481689472e-14,22.722525059757665,0.0029579441937797584,1.6779514388452208e-12,4.775988745364789e-13
hot_compact,100,2050.0,22.894818902954675,0.0036331703507528246,0.03633170350752825,2.2740300204806024e-12,4.538219643281535e-15,22.661800258748336,0.0031280947293453485,1.4371769512036446e-14,22.717435291235454,0.0029718431452643405,1.685835889705057e-12,4.798430424961831e-13
hot_compact,100,2060.0,23.00650094638372,0.0036493802714273435,0.03649380271427344,2.284175937870858e-12,4.558467573689173e-15,22.65696686239277,0.00314205118129497,1.4435891262808276e-14,22.712601894879903,0.0029851024579282417,1.6933574929892832e-12,4.819839323813687e-13
hot_compact,100,2070.0,23.11818298981277,0.003664756144232537,0.036647561442325366,2.2937998181116665e-12,4.57767368880642e-15,22.6524019580957,0.0031552895329376458,1.4496713761801982e-14,22.708036990582848,0.002997679540142154,1.7004920877668618e-12,4.840146672150241e-13
hot_compact,100,2070.44,23.123096999723646,0.0036653956774927534,0.03665395677492753,2.294200107030827e-12,4.5784725344766886e-15,22.652212503788782,0.003155840159643082,1.4499243570130188e-14,22.707847536275914,0.0029982026624711558,1.7007888390938427e-12,4.840991321742013e-13
hot_compact,100,2090.0,23.341547076670864,0.003692979947339676,0.036929799473396765,2.3114653194126088e-12,4.61292824758107e-15,22.644072288536996,0.0031795897229144883,1.4608358951498322e-14,22.69970732102413,0.003020765910364202,1.7135882807962159e-12,4.877422643949738e-13
hot_compact,100,2100.0,23.453229120099913,0.003705426838831129,0.03705426838831129,2.3192559271135006e-12,4.628475750728727e-15,22.64041905511268,0.003190306274001358,1.46575952488328e-14,22.696054087599812,0.003030947158582045,1.7193637920895981e-12,4.893861604158805e-13
hot_compact,100,2110.0,23.564911163528958,0.0037170707600768962,0.03717070760076896,2.3265439493950597e-12,4.643020257872856e-15,22.637012590627116,0.0032003314820597275,1.4703655228466233e-14,22.692647623114247,0.003040471597074465,1.7247667152773165e-12,4.909240058945536e-13
hot_compact,100,2120.0,23.676593206958007,0.003727758072684146,0.03727758072684146,2.3332332227736426e-12,4.656369858173888e-15,22.63389536376787,0.003209533067179643,1.4745931141419957e-14,22.689530396254987,0.0030492135534505456,1.7297257602486227e-12,4.923355093756685e-13
hot_compact,100,2130.0,23.788275250387052,0.0037377598969699534,0.037377598969699534,2.3394934435972506e-12,4.6688632100017474e-15,22.630986161946375,0.003218144459107849,1.4785495461134757e-14,22.686621194433506,0.0030573947973984816,1.7343667301772814e-12,4.936564784832193e-13
hot_compact,100,2140.0,23.8999572938161,0.0037466496082990634,0.03746649608299063,2.3450575841368245e-12,4.679967413405948e-15,22.628406964222897,0.003225798341659277,1.4820660584130994e-14,22.68404199671003,0.003064666360558552,1.738491665966385e-12,4.948305676998696e-13
hot_compact,100,2150.0,24.011639337245146,0.003754310652301507,0.03754310652301507,2.3498526920915536e-12,4.689536879470959e-15,22.62618914798525,0.003232394363604783,1.485096545508258e-14,22.681824180472383,0.003070932904349848,1.7420464849495504e-12,4.958423833616561e-13
hot_compact,100,2160.0,24.123321380674195,0.003761356467530478,0.03761356467530478,2.354262723497353e-12,4.698337858777757e-15,22.624153427454992,0.0032384606845734976,1.4878836659215405e-14,22.679788459942124,0.0030766962062788853,1.7453158301875924e-12,4.96772944026293e-13
hot_compact,100,2170.0,24.23500342410324,0.0037673507966885606,0.03767350796688561,2.3580146214658307e-12,4.705825419147138e-15,22.622424508707844,0.003243621694830414,1.490254848902856e-14,22.678059541194976,0.003081599418707451,1.7480972729094588e-12,4.97564631963618e-13
hot_compact,100,2180.0,24.34668546753229,0.003772546078868541,0.03772546078868541,2.3612663896191447e-12,4.712314884095208e-15,22.620928279530567,0.0032480947399220906,1.4923099520450798e-14,22.676563312017713,0.003085849030546073,1.7505079479702472e-12,4.982507875157107e-13
hot_compact,100,2190.0,24.458367510961335,0.0037770929975647735,0.03777092997564774,2.3641123419466417e-12,4.717994473476249e-15,22.619620467383392,0.0032520095556437096,1.4941085813738338e-14,22.675255499870524,0.0030895682971520755,1.7526177743713385e-12,4.988513118761309e-13
hot_compact,100,2200.0,24.570049554390383,0.003781037983921284,0.03781037983921284,2.3665815400681202e-12,4.722922184771669e-15,22.618487061541664,0.0032554061183803235,1.4956691037047546e-14,22.674122094028796,0.003092795198048513,1.7544482967366944e-12,4.993723373368615e-13
hot_compact,100,2210.0,24.68173159781943,0.00378422382146422,0.0378422382146422,2.3685755809507642e-12,4.726901637734744e-15,22.617572624088915,0.0032581490675581805,1.4969293287547685e-14,22.673207656576047,0.00309540113406303,1.7559265646818072e-12,4.997930998753382e-13
hot_compact,100,2220.0,24.793413641248478,0.003787132629349814,0.03787132629349814,2.370396226782656e-12,4.73053505092777e-15,22.61673837511122,0.00326065349915295,1.498079968896866e-14,22.67237340759835,0.003097780466695727,1.7572762874463274e-12,5.001772743266052e-13
hot_compact,100,2230.0,24.905095684677523,0.003789749516993128,0.03789749516993128,2.372034157429065e-12,4.733803824412252e-15,22.61598839650096,0.003262906592637169,1.4991151338469716e-14,22.67162342898809,0.003099921015817818,1.758490555615039e-12,5.005228940491648e-13
hot_compact,100,2240.0,25.01677772810657,0.003791584188504657,0.03791584188504657,2.3731824928199645e-12,4.73609552600859e-15,22.615462903388483,0.0032644862120139767,1.4998408767532607e-14,22.671097935875615,0.0031014217315643885,1.7593418658431192e-12,5.007652042837759e-13
hot_compact,100,2250.0,25.12845977153562,0.0037947729605640364,0.037947729605640364,2.3751783704396295e-12,4.740078644497604e-15,22.61455016874934,0.003267231687758036,1.5011022626129774e-14,22.670185201236457,0.0031040300679404994,1.7608214954400845e-12,5.011863543921054e-13
hot_compact,100,2260.0,25.240141814964666,0.003799735843418653,0.03799735843418653,2.378284678019506e-12,4.746277817749543e-15,22.61313114811184,0.0032715046411846945,1.5030654353138392e-14,22.668766180598972,0.003108089582900811,1.7631243343452242e-12,5.018418163106521e-13
hot_compact,100,2270.0,25.351823858393715,0.0038061020807179553,0.03806102080717955,2.3822693562312276e-12,4.754229931296738e-15,22.611313582182326,0.003276985857703371,1.505583734383013e-14,22.666948614669458,0.0031132970069554355,1.7660783470353586e-12,5.026826232038156e-13
hot_compact,100,2280.0,25.46350590182276,0.0038135555521119093,0.038135555521119094,2.386934542850713e-12,4.7635401168991464e-15,22.60918946933773,0.0032834031633433114,1.5085321117668662e-14,22.66482450182486,0.0031193937615064445,1.7695368497659593e-12,5.036670241664877e-13
hot_compact,100,2290.0,25.57518794525181,0.003821868748021183,0.03821868748021183,2.392137837835191e-12,4.773924190678153e-15,22.606825241499784,0.0032905606764234313,1.51182057126593e-14,22.662460273986916,0.0031261937493663856,1.7733942752838958e-12,5.04764971367655e-13
hot_compact,100,2300.0,25.686869988680854,0.0038314211742350108,0.038314211742350106,2.3981167768558092e-12,4.785856196089242e-15,22.604114924636114,0.0032987851446446208,1.51559923437754e-14,22.659749957123246,0.0031340073968487625,1.777826718959897e-12,5.060265872059306e-13
hot_compact,100,2310.0,25.798552032109903,0.0038426030230339103,0.0384260302303391,2.4051155843430232e-12,4.79982352516228e-15,22.600950861986043,0.0033084125165857487,1.5200224498654385e-14,22.656585894473174,0.0031431538715516365,1.783015234828561e-12,5.075034054749349e-13
hot_compact,100,2320.0,25.91023407553895,0.0038548645027754232,0.038548645027754236,2.412790141365085e-12,4.815139429137744e-15,22.597491868831575,0.0033189694314701428,1.5248727360813057e-14,22.65312690131872,0.0031531834575612943,1.7887047127812949e-12,5.091228136437409e-13
hot_compact,100,2330.0,26.021916118967997,0.0038664861402872576,0.03866486140287258,2.420064216081559e-12,4.829656101506926e-15,22.594223517809375,0.0033289754536319164,1.5294699192449828e-14,22.649858550296507,0.003162689668512602,1.7940972960414034e-12,5.106577160469026e-13
hot_compact,100,2340.0,26.133598162397043,0.0038766456298071363,0.038766456298071364,2.4264231208205495e-12,4.842346394131182e-15,22.591374403975117,0.0033377225925084034,1.5334887190160803e-14,22.64700943646225,0.0031709998787076117,1.7988114245848518e-12,5.119995084460441e-13
hot_compact,100,2350.0,26.24528020582609,0.003886968163280735,0.03886968163280735,2.4328840760580367e-12,4.855240346149868e-15,22.588487203447052,0.0033466101093146453,1.5375720142524876e-14,22.644122235934184,0.0031794434548088318,1.8036012075354003e-12,5.133628345194318e-13
hot_compact,100,2360.0,26.356962249255137,0.003897937781022023,0.03897937781022023,2.4397500464499056e-12,4.8689425758574525e-15,22.585427405653242,0.0033560547541087835,1.541911277281546e-14,22.641062438140374,0.0031884163297756936,1.8086912455736048e-12,5.148116228348239e-13
hot_compact,100,2370.0,26.468644292684186,0.003911435976436699,0.039114359764366995,2.448198673580458e-12,4.885803270420548e-15,22.58167409725474,0.00336767645908157,1.5472507723946216e-14,22.637309129741872,0.0031994575185017426,1.8149545748643988e-12,5.165943675262872e-13
hot_compact,100,2380.0,26.58032633611323,0.003926541913472049,0.039265419134720494,2.4576535988907332e-12,4.904672206794477e-15,22.57748906808444,0.0033806824008514925,1.5532262435224865e-14,22.63312410057157,0.003211813799957688,1.8219639161127496e-12,5.185894511824378e-13
hot_compact,100,2390.0,26.69200837954228,0.0039434478503528325,0.039434478503528325,2.4682351583222327e-12,4.925789536133177e-15,22.572824407384296,0.0033952381103134685,1.559913742449844e-14,22.628459439871428,0.0032256424365981412,1.8298084795081345e-12,5.208222658885918e-13
hot_compact,100,2400.0,26.80369042297133,0.003961756004407795,0.039617560044077946,2.4796943765589826e-12,4.948658385194228e-15,22.56779535016971,0.0034110011036978835,1.5671559178742427e-14,22.623430382656842,0.0032406180520738667,1.83830368898096e-12,5.23240275366843e-13
hot_compact,100,2410.0,26.915372466400374,0.003979697356669487,0.03979697356669487,2.490924010656005e-12,4.971069059454017e-15,22.562889545660504,0.0034264482872948475,1.57425299713412e-14,22.61852457814765,0.0032552936327893806,1.8466286978939976e-12,5.256098402990137e-13
hot_compact,100,2420.0,27.027054509829423,0.003998587027582377,0.03998587027582377,2.50274720488746e-12,4.994664285473144e-15,22.55774828046082,0.0034427119562993685,1.5817252037831155e-14,22.613383312947953,0.0032707449146174234,1.8553937383670024e-12,5.281046523467656e-13
hot_compact,100,2430.0,27.138736553258468,0.004018481591661182,0.04018481591661182,2.5151993696889815e-12,5.019514730891495e-15,22.5523597041963,0.0034598408203573494,1.589594917060495e-14,22.60799473668343,0.003287018174106444,1.864625061673143e-12,5.307321834656218e-13
hot_compact,100,2440.0,27.250418596687517,0.004039776129809727,0.04039776129809727,2.528527789318969e-12,5.046113894154047e-15,22.546621415437478,0.003478175037064944,1.5980184195277756e-14,22.602256447924596,0.0033044365776269983,1.8745059902285776e-12,5.335446131034537e-13
hot_compact,100,2450.0,27.362100640116562,0.004060394915392887,0.04060394915392887,2.5414332500805987e-12,5.0718689699474835e-15,22.541093974045957,0.003495927442892768,1.6061746138542505e-14,22.59672900653309,0.0033213022323261487,1.8840733612523507e-12,5.362677941964486e-13
hot_compact,100,2460.0,27.47378268354561,0.004082337145523744,0.04082337145523744,2.5551670652383505e-12,5.099277169999713e-15,22.535242490501552,0.003514819310819686,1.614854324508484e-14,22.590877522988684,0.003339250431807819,1.8942548268825277e-12,5.39165766338867e-13
hot_compact,100,2470.0,27.585464726974656,0.004102450937043524,0.04102450937043524,2.5677564462268277e-12,5.124401454017119e-15,22.52990617258859,0.0035321369257856725,1.6228107578113023e-14,22.585541205075707,0.0033557030139007415,1.9035878744273704e-12,5.418222514433941e-13
hot_compact,100,2480.0,27.697146770403705,0.004121978415418716,0.04121978415418716,2.579978849186896e-12,5.148793369999723e-15,22.52475037899074,0.003548949735614473,1.6305352626174527e-14,22.58038541147787,0.0033716760063979374,1.9126488654358204e-12,5.444013005193311e-13
hot_compact,100,2490.0,27.80882881383275,0.004140301400740809,0.04140301400740809,2.5914473504308936e-12,5.171680744904963e-15,22.519934768384637,0.0035647254984547795,1.6377833048615217e-14,22.57556980087177,0.003386663753481957,1.921150956799668e-12,5.468212688048105e-13
hot_compact,100,2500.0,27.9205108572618,0.004157105526463245,0.04157105526463245,2.60196518545419e-12,5.192670901181541e-15,22.515537039602556,0.0035791935503292852,1.6444305302437304e-14,22.571172072089688,0.0034004091111225735,1.9289482785608477e-12,5.490406370244899e-13
hot_compact,100,2510.0,28.032192900690845,0.004170846535039074,0.041708465350390744,2.6105657912602575e-12,5.209834895439175e-15,22.511954136163773,0.0035910243130935567,1.649866075209956e-14,22.567589168650905,0.0034116489149860598,1.9353242761556423e-12,5.508554507341267e-13
hot_compact,100,2520.0,28.143874944119894,0.004183974640983232,0.04183974640983232,2.6187827764679227e-12,5.226233308539324e-15,22.508542053163033,0.0036023273776475484,1.655059173648622e-14,22.56417708565015,0.0034223873797135304,1.9414158793638225e-12,5.52589316666714e-13
hot_compact,100,2530.0,28.25555698754894,0.004195876682371582,0.041958766823715826,2.6262323581855826e-12,5.24110023544039e-15,22.505457872922413,0.003612574822534804,1.6597672764635822e-14,22.561092905409545,0.0034321229540741688,1.9469385734838706e-12,5.541612527997165e-13
hot_compact,100,2540.0,28.367239030977988,0.004206097036857864,0.042060970368578636,2.632629358787809e-12,5.253866554939098e-15,22.502816442531135,0.0036213743650594073,1.663810152652355e-14,22.558451475018266,0.003440482950300587,1.951680944123032e-12,5.555110838064213e-13
hot_compact,100,2550.0,28.478921074407033,0.004216862653013802,0.04216862653013802,2.6393676429760255e-12,5.267313964775188e-15,22.50004102248348,0.003630643368135072,1.6680687185634235e-14,22.55567605497061,0.0034492889570354327,1.956676322907489e-12,5.569329290577845e-13
hot_compact,100,2560.0,28.590603117836082,0.0042266275617005985,0.04226627561700599,2.6454795764548466e-12,5.2795113835964904e-15,22.497529710370934,0.0036390507799673798,1.6719314335865063e-14,22.553164742858065,0.0034572764099053415,1.961207361073779e-12,5.582226080548067e-13
hot_compact,100,2570.0,28.70228516126513,0.004235669751457075,0.042356697514570746,2.651139154446517e-12,5.2908060489189186e-15,22.4952094334622,0.003646835943719229,1.6755082619352583e-14,22.550844465949332,0.0034646726966333767,1.965403048735337e-12,5.594168355268757e-13
hot_compact,100,2580.0,28.813967204694176,0.0042439375153816355,0.04243937515381636,2.6563140131929014e-12,5.3011333732737156e-15,22.49309220958913,0.003653954340672604,1.6787787498571664e-14,22.54872724207626,0.003471435522257773,1.969239393251565e-12,5.605087823978446e-13
hot_compact,100,2584.19,28.86076198089095,0.00424731317439076,0.0424731317439076,2.658426864830608e-12,5.305349933617784e-15,22.492228950328958,0.0036568607227398034,1.6801140627807762e-14,22.547863982816075,0.003474196727518886,1.970805740700098e-12,5.609546151920686e-13
hot_compact,100,2600.0,29.03733129155227,0.004255119365653387,0.04255119365653387,2.663312821601985e-12,5.315100704186504e-15,22.4902352933804,0.003663581713881831,1.683201965927682e-14,22.545870325867533,0.0034805819981654036,1.9744279098036506e-12,5.619856008613725e-13
hot_compact,100,2610.0,29.14901333498132,0.00425786713992474,0.0425786713992474,2.6650326752227397e-12,5.318532969114839e-15,22.4895343976112,0.0036659474984132023,1.6842889058365365e-14,22.545169430098333,0.0034828296092996747,1.9757029109834037e-12,5.623485071495914e-13
hot_compact,100,2620.0,29.260695378410364,0.004259573752974411,0.04259573752974411,2.6661008578108454e-12,5.320664711950375e-15,22.48909930645562,0.0036674168617433864,1.6849639925246964e-14,22.544734338942753,0.003484225576403786,1.9764948005044604e-12,5.625739043424173e-13
hot_compact,100,2630.0,29.372377421839413,0.004259015451706696,0.042590154517066964,2.665751412637433e-12,5.31996733375574e-15,22.48924162295564,0.0036669361743314785,1.6847431447151186e-14,22.54487665544277,0.003483768899827884,1.9762357418247083e-12,5.625001679213122e-13
hot_compact,100,2640.0,29.48405946526846,0.004258511730461843,0.04258511730461843,2.66543612953145e-12,5.319338131866635e-15,22.48937004247967,0.003666502479343639,1.6845438871816022e-14,22.545005074966802,0.00348335686835561,1.9760020089492856e-12,5.624336400375728e-13
hot_compact,100,2650.0,29.595741508697508,0.004255671927620926,0.042556719276209264,2.6636586745020833e-12,5.315790913379336e-15,22.490094310829257,0.0036640574598588768,1.683420543436357e-14,22.54572934331639,0.0034810339801362527,1.9746843053772765e-12,5.620585792769364e-13
hot_compact,100,2660.0,29.707423552126553,0.004251847017891863,0.04251847017891863,2.661264633290194e-12,5.31101319067701e-15,22.49107058682211,0.003660764280952134,1.6819075199410772e-14,22.546705619309243,0.0034779052989398944,1.9729095000492524e-12,5.615534126746364e-13
hot_compact,100,2670.0,29.8191055955556,0.004245794075425862,0.04245794075425863,2.657476048789312e-12,5.303452415996251e-15,22.492617345462527,0.0036555528056848095,1.679513151232961e-14,22.54825237794966,0.003472954142280659,1.9701008600290043e-12,5.607539835126269e-13
hot_compact,100,2680.0,29.930787638984647,0.004239894944291321,0.042398949442913204,2.653783736015725e-12,5.296083768173964e-15,22.49412692264979,0.0036504737592245036,1.6771796258322225e-14,22.549761955136923,0.0034681287994718446,1.9673635903651617e-12,5.599748686464341e-13
hot_compact,100,2690.0,30.042469682413696,0.004232596439290975,0.042325964392909754,2.6492155440860586e-12,5.2869671522266014e-15,22.495997506571534,0.003644189876879446,1.6742925486648753e-14,22.55163253905865,0.0034621588035834163,1.963976993954062e-12,5.590109345318904e-13
hot_compact,100,2700.0,30.15415172584274,0.004223074810752467,0.04223074810752467,2.6432558815736894e-12,5.275073616416883e-15,22.498442724909943,0.0036359919249062005,1.670526068221526e-14,22.55407775739709,0.0034543703478348287,1.9595588407795675e-12,5.57753386229348e-13
hot_compact,100,2710.0,30.26583376927179,0.004212832506352689,0.042128325063526886,2.6368451423472255e-12,5.2622798791207735e-15,22.501079180184583,0.003627173483898429,1.6664745092827818e-14,22.556714212671714,0.003445992397124126,1.954806285109599e-12,5.56400656235737e-13
hot_compact,100,2720.0,30.377515812700835,0.004202078175055501,0.042020781750555014,2.630113921441239e-12,5.24884656528424e-15,22.503854342903814,0.003617914196884432,1.6622204073349546e-14,22.559489375390946,0.0034371956211235667,1.9498161426389004e-12,5.549803014074574e-13
hot_compact,100,2730.0,30.489197856129884,0.004187882597652807,0.04187882597652807,2.621228797415856e-12,5.2311147657821105e-15,22.507528416587526,0.0036056920584856145,1.6566050481080052e-14,22.563163449074658,0.003425583991245401,1.9432292194973554e-12,5.531054515123823e-13
hot_compact,100,2740.0,30.600879899558933,0.004173930601357554,0.04173930601357554,2.6124961327296363e-12,5.213687225221842e-15,22.511151602421386,0.0035936796390663092,1.6510860425115123e-14,22.56678663490853,0.003414171604665672,1.9367553209963683e-12,5.512627720603102e-13
hot_compact,100,2750.0,30.71256194298798,0.004159606847794068,0.04159606847794068,2.603530782232767e-12,5.1957953199403114e-15,22.51488395095688,0.003581347143284189,1.6454199805081444e-14,22.57051898344401,0.003402455129870241,1.9301089225340416e-12,5.493709935786201e-13
hot_compact,100,2760.0,30.824243986417027,0.004148329221016816,0.04148329221016816,2.596472026552364e-12,5.181708353894384e-15,22.517831622945515,0.003571637308215724,1.640958878026345e-14,22.573466655432647,0.003393230311158979,1.9248759645011622e-12,5.47881525642218e-13
hot_compact,100,2770.0,30.935926029846073,0.004140747455962107,0.04140747455962107,2.5917265399172365e-12,5.17223791574251e-15,22.519817802934504,0.0035651095440271123,1.6379597513864914e-14,22.575452835421636,0.0033870286155786512,1.9213579319283455e-12,5.468801805743796e-13
hot_compact,100,2780.0,31.04760807327512,0.004135735663298222,0.04135735663298222,2.5885896193014067e-12,5.165977648890288e-15,22.521132729898675,0.0035607944801289335,1.6359772313818198e-14,22.576767762385806,0.003382929093608655,1.9190323982679746e-12,5.462182589995489e-13
hot_compact,100,2790.0,31.159290116704167,0.0041336383680021325,0.04133638368002132,2.5872769056093186e-12,5.163357902004897e-15,22.52168346311627,0.003558988746367999,1.6351476021136014e-14,22.5773184956034,0.0033812135581265407,1.9180592273620946e-12,5.459412633019263e-13
hot_compact,100,2800.0,31.270972160133216,0.004135516696824007,0.04135516696824007,2.5884525664556074e-12,5.165704136266719e-15,22.521190215710597,0.003560605953908643,1.635890614587272e-14,22.57682524819773,0.003382749984469083,1.9189307951210705e-12,5.46189339480493e-13
hot_compact,100,2810.0,31.38265420356226,0.004141133823403673,0.04141133823403673,2.59196837035078e-12,5.172720530138084e-15,22.519716499110935,0.0035654421994880123,1.6381125871547344e-14,22.575351531598066,0.0033873446545534098,1.9215372111904567e-12,5.469312092107452e-13
hot_compact,100,2820.0,31.49433624699131,0.0041496839318789,0.041496839318789,2.5973199507816296e-12,5.1834005331350315e-15,22.51747711431414,0.0035728036900526225,1.641494762402405e-14,22.573112146801257,0.0033943384310104107,1.925504567063385e-12,5.480604461218566e-13
hot_compact,100,2830.0,31.606018290420355,0.004160965293385698,0.041609652933856975,2.6043810440587547e-12,5.197492164258934e-15,22.514529428804046,0.0035825167406564676,1.6459573422350314e-14,22.570164461291178,0.0034035663046377176,1.930739258056874e-12,5.4955040731451e-13
hot_compact,100,2840.0,31.717700333849404,0.004173889911349923,0.04173889911349923,2.6124706645324547e-12,5.213636399035869e-15,22.51116218688818,0.0035936446056970693,1.6510699467231328e-14,22.56679721937531,0.0034141383212496507,1.93673644033056e-12,5.512573980163827e-13
hot_compact,100,2850.0,31.82938237727845,0.004187102734653089,0.04187102734653089,2.620740675004295e-12,5.230140633208432e-15,22.507730620045173,0.0036050206103828506,1.6562965568950732e-14,22.56336565253232,0.00342494608267349,1.94286735343905e-12,5.530024528092145e-13
hot_compact,100,2860.0,31.941064420707498,0.0041987647635552405,0.041987647635552405,2.6280400310110155e-12,5.244707758758517e-15,22.50471080243768,0.0036150614088096946,1.6609097177227703e-14,22.56034583492481,0.0034344853327792696,1.9482786788028477e-12,5.54542689817074e-13
hot_compact,100,2870.0,32.05274646413655,0.004207635435099539,0.042076354350995396,2.6335922543988835e-12,5.255788179428331e-15,22.50241940240833,0.0036226988984467347,1.6644186984350353e-14,22.55805443489546,0.0034417413218680703,1.9523947798967766e-12,5.557142643957112e-13
hot_compact,100,2880.0,32.16442850756559,0.0042126008619203705,0.04212600861920371,2.6367001542673084e-12,5.261990530367065e-15,22.501138881504595,0.003626974042182831,1.6663828774552423e-14,22.556773913991726,0.003445802917729586,1.9546987992336425e-12,5.56370062303042e-13
hot_compact,100,2890.0,32.27611055099464,0.0042144844485688575,0.04214484448568857,2.6378791060288045e-12,5.264343332218543e-15,22.500653523120825,0.003628595776618205,1.667127969772821e-14,22.556288555607942,0.00344734364484376,1.955572806689068e-12,5.566188328975801e-13
hot_compact,100,2900.0,32.387792594423686,0.004215250368058619,0.04215250368058619,2.6383585010873455e-12,5.265300047852008e-15,22.50045622473828,0.003629255219608135,1.667430945337106e-14,22.55609125722541,0.003447970147970705,1.9559282027866377e-12,5.567199900421104e-13
hot_compact,100,2910.0,32.499474637852735,0.004214279175303189,0.04214279175303189,2.6377506238703957e-12,5.2640869238818674e-15,22.500706406942548,0.0036284190400057096,1.6670467696149325e-14,22.55634143942968,0.0034471757364088152,1.9554775573599553e-12,5.565917218791494e-13
hot_compact,100,2920.0,32.611156681281784,0.00420745941587669,0.0420745941587669,2.633482082576949e-12,5.2555683125303856e-15,22.502464823273193,0.0036225473490421926,1.6643490703291044e-14,22.558099855760325,0.0034415973425138543,1.952313104804637e-12,5.556910170411212e-13
hot_compact,100,2930.0,32.722838724710826,0.0041914541668505185,0.04191454166850518,2.623464270788068e-12,5.235576038974828e-15,22.50660285831733,0.0036087671157233065,1.6580178574274236e-14,22.56223789080446,0.003428505446176864,1.9448864716916594e-12,5.53577158717072e-13
hot_compact,100,2940.0,32.834520768139875,0.004163943801524135,0.04163943801524135,2.6062453158294543e-12,5.201212640547288e-15,22.51375251359135,0.0035850811829230477,1.647135553778194e-14,22.56938754607848,0.003406002650346774,1.932121322599076e-12,5.499437872745086e-13
hot_compact,100,2950.0,32.946202811568924,0.004123662025569092,0.04123662025569092,2.581032634078636e-12,5.1508963797456e-15,22.52430700372269,0.0035503992938595392,1.631201250024961e-14,22.57994203620982,0.0033730531577015254,1.9134300813276618e-12,5.446236596544503e-13
hot_compact,100,2960.0,33.05788485499797,0.004075204518027661,0.040752045180276614,2.5507026973488465e-12,5.090367752855474e-15,22.53714113943291,0.00350867824604075,1.612032863676963e-14,22.592776171920043,0.0033334161195995933,1.890945199680956e-12,5.382237401335713e-13
hot_compact,100,2970.0,33.169566898427014,0.004023286382424102,0.040232863824241016,2.518206726179916e-12,5.025516430156057e-15,22.551062293993674,0.0034639776593189415,1.591495553109227e-14,22.606697326480806,0.003290948373660741,1.866854543896286e-12,5.313667657162887e-13
hot_compact,100,2980.0,33.28124894185606,0.003967407680056682,0.039674076800566824,2.4832318049894795e-12,4.955717934560507e-15,22.566247587971098,0.0034158670954082897,1.5693915570527298e-14,22.62188262045823,0.003245240982439057,1.8409261362449296e-12,5.239867080899886e-13
hot_compact,100,2990.0,33.39293098528511,0.0039040496462286575,0.03904049646228658,2.4435755111595742e-12,4.876576951364258e-15,22.58372633275284,0.0033613169608025556,1.5443289541190826e-14,22.63936136523997,0.0031934156837738776,1.8115272264728351e-12,5.156188340891683e-13
hot_compact,100,3000.0,33.50461302871416,0.003832567279678919,0.038325672796789195,2.3988341333060915e-12,4.787287804777159e-15,22.6037901934099,0.003299771920945276,1.5160526004927003e-14,22.65942522589703,0.003134944882647227,1.7783585260331131e-12,5.061779565803705e-13
hot_compact,100,3010.0,33.6162950721432,0.003755998618456043,0.037559986184560426,2.3509092034407043e-12,4.691645330333473e-15,22.625701102571632,0.0032338476722915664,1.485764256024834e-14,22.681336135058764,0.0030723136187566892,1.7428297220810913e-12,4.960653178065149e-13
hot_compact,100,3020.0,33.72797711557225,0.0036722710045264816,0.03672271004526482,2.2985034285285597e-12,4.587060555732555e-15,22.650177853268907,0.003161759693323157,1.452644037234678e-14,22.705812885756025,0.0030038265092892395,1.7039790757048282e-12,4.850071759826445e-13
hot_compact,100,3030.0,33.8396591590013,0.0035832781758141376,0.03583278175814138,2.2428021140946177e-12,4.475898962858204e-15,22.676813351012463,0.0030851384585420974,1.417441051990319e-14,22.732448383499595,0.0029310325848503093,1.662685304676845e-12,4.732536424108359e-13
hot_compact,100,3040.0,33.95134120243035,0.003492369932685743,0.034923699326857426,2.1859019266480577e-12,4.362344811835252e-15,22.70471406085766,0.0030068680861867095,1.381480384285466e-14,22.760349093344793,0.0028566718989735335,1.6205027577164127e-12,4.612471346615714e-13
hot_compact,100,3050.0,34.0630232458594,0.0034002322832415127,0.034002322832415124,2.1282322440774944e-12,4.247255000396339e-15,22.73374319614785,0.0029275392169689353,1.3450333990534383e-14,22.78937822863498,0.0027813055892531905,1.5777497510499455e-12,4.490782557570617e-13
hot_compact,100,3060.0,34.17470528928844,0.0033047339077090974,0.033047339077090974,2.0684590565023942e-12,4.127967281434062e-15,22.76467342099911,0.002845316822661966,1.3072570079287729e-14,22.82030845348624,0.002703190289030321,1.5334373259945894e-12,4.3646551629126106e-13
hot_compact,100,3070.0,34.28638733271749,0.003217637682121081,0.032176376821210814,2.0139448409449925e-12,4.0191747493863105e-15,22.793671813811393,0.002770328529269311,1.2728042639427956e-14,22.849306846298525,0.0026319477388596383,1.493023602227494e-12,4.24962472436621e-13
hot_compact,100,3078.81,34.38477921297848,0.00313877769646755,0.0313877769646755,1.9645857530195826e-12,3.920670164846915e-15,22.820613267353743,0.002702431491238064,1.241609537901386e-14,22.876248299840874,0.0025674422284721245,1.456431595456107e-12,4.145472119907806e-13
hot_compact,100,3090.0,34.509751419575586,0.0030273833945525324,0.030273833945525325,1.8948631795617376e-12,3.781526728042303e-15,22.859846101056128,0.002606522988454189,1.1975451787461624e-14,22.91548113354326,0.0024763244551205244,1.404743264343842e-12,3.9983505275041786e-13
hot_compact,100,3100.0,34.62143346300463,0.002925624814021197,0.029256248140211973,1.8311716802292605e-12,3.654419341254326e-15,22.896968085038047,0.0025189106695438536,1.1572924318589894e-14,22.95260311752518,0.0023930884626322518,1.3575260268945654e-12,3.8639551037604746e-13
hot_compact,100,3110.0,34.73311550643368,0.0028210937673096475,0.028210937673096473,1.7657448724152338e-12,3.5238488466941574e-15,22.936470858588514,0.0024289113068099812,1.1159429776590502e-14,22.992105891075646,0.0023075846616412918,1.3090223309150328e-12,3.7258980058350016e-13
hot_compact,100,3120.0,34.844797549862726,0.002711934611985807,0.02711934611985807,1.6974212948639413e-12,3.3874973478353105e-15,22.97931662730395,0.0023349272252880288,1.0727627777513375e-14,23.034951659791084,0.002218295182708717,1.2583711354111701e-12,3.581728434496153e-13
hot_compact,100,3130.0,34.956479593291775,0.002595215850503146,0.025952158505031457,1.6243661001054874e-12,3.241703089663422e-15,23.027080949622977,0.0022344344579907347,1.0265922166211226e-14,23.08271598211011,0.0021228221336225053,1.2042121893357067e-12,3.4275746783569133e-13
hot_compact,100,3140.0,35.068161636720816,0.0024843541734728756,0.024843541734728757,1.5549769007701408e-12,3.1032249584957892e-15,23.07448088812614,0.002138984535711997,9.827385484421251e-15,23.13011592061327,0.0020321400342030137,1.1527710027445539e-12,3.281156538642074e-13
hot_compact,100,3150.0,35.179843680149865,0.0023584988030456587,0.023584988030456586,1.476203030304393e-12,2.9460180953034476e-15,23.13092551176191,0.0020306253114296536,9.329538094673303e-15,23.18656054424904,0.0019291934658370884,1.0943725573387767e-12,3.114935805700756e-13
hot_compact,100,3160.0,35.291525723578914,0.002216184571364506,0.02216184571364506,1.3871274285733832e-12,2.768252348205985e-15,23.198499844499146,0.0019080953018086066,8.766584217330263e-15,23.254134876986264,0.0018127839575938103,1.0283369971470633e-12,2.926977391071943e-13
hot_compact,100,3170.0,35.40320776700796,0.002077342151823631,0.020773421518236312,1.3002248614843697e-12,2.5948232670315855e-15,23.268744578285343,0.001788554460381952,8.217363823158145e-15,23.324379610772475,0.0016992143054857095,9.639124006436284e-13,2.74360429653422e-13
hot_compact,100,3180.0,35.514889810437005,0.001939290442527423,0.01939290442527423,1.2138172061832116e-12,2.4223818678038217e-15,23.343407519412246,0.0016696944063420685,7.671271249674314e-15,23.399042551899363,0.0015862914347265803,8.998547034540506e-13,2.5612755152901346e-13
hot_compact,100,3190.0,35.626571853866054,0.0018009256833081283,0.018009256833081282,1.127213610462452e-12,2.2495494356287617e-15,23.42377518302944,0.0015505648219141506,7.123940341373776e-15,23.479410215516587,0.0014731124969025364,8.356517472359495e-13,2.3785332801943284e-13
hot_compact,100,3200.0,35.7382538972951,0.0016537615830048067,0.016537615830048067,1.0351024376523393e-12,2.0657256821832342e-15,23.516332414647344,0.0014238591621004613,6.5418017885896204e-15,23.571967447134476,0.0013527359165352556,7.673657881379713e-13,2.1841695074603386e-13
hot_compact,100,3210.0,35.84993594072415,0.0014843943255664642,0.014843943255664642,9.290941334115399e-13,1.8541678028572233e-15,23.63364144847055,0.0012780369808733196,5.871833977615597e-15,23.68927648095768,0.0012141977048750004,6.887772900590663e-13,1.9604813996577173e-13
hot_compact,100,3220.0,35.9616179841532,0.0013275362544166388,0.013275362544166388,8.309154276771739e-13,1.6582352395652528e-15,23.75489868644282,0.0011429849854398065,5.251348884148734e-15,23.810533718929968,0.001085891697029978,6.159932088283332e-13,1.753314526557427e-13
hot_compact,100,3230.0,36.07330002758224,0.0011872535999610631,0.01187253599961063,7.431114061788191e-13,1.4830071504309093e-15,23.87615592441511,0.0010222041274956875,4.6964313378370304e-15,23.931790956902255,0.0009711439685187334,5.509003255465737e-13,1.5680392731979023e-13
hot_compact,100,3240.0,36.18498207101129,0.0010617948142138793,0.010617948142138792,6.645857611968755e-13,1.3262956640613966e-15,23.997413162387396,0.0009141863555339313,4.200152722207329e-15,24.053048194874528,0.0008685217965749655,4.926859003276751e-13,1.4023423208148923e-13
hot_compact,100,3250.0,36.29666411444034,0.0009495934377697069,0.009495934377697069,5.943580334162543e-13,1.186144104562773e-15,24.118670400359683,0.0008175829760068514,3.756316577597497e-15,24.174305432846815,0.0007767438562959622,4.406230766715536e-13,1.2541548023461386e-13
hot_compact,100,3260.0,36.40834615786939,0.0008492485412286573,0.008492485412286574,5.315513700598047e-13,1.0608025607809673e-15,24.23992763833197,0.0007311878137426541,3.359381233099191e-15,24.295562670819102,0.0006946642222138485,3.940618060439351e-13,1.1216264708704486e-13
hot_compact,100,3270.0,36.52002820129843,0.0007595072334039357,0.0075950723340393565,4.753815766372855e-13,9.487060371760287e-16,24.361184876304257,0.0006539221518248463,3.004390614093846e-15,24.41681990879139,0.0006212580604436761,3.524207314687678e-13,1.0031025977047487e-13
hot_compact,100,3280.0,36.63171024472748,0.0006792490179121606,0.006792490179121606,4.251473256116819e-13,8.48454913524746e-16,24.482442114276544,0.0005848212628961277,2.68691236145531e-15,24.538077146763676,0.00055560883276269,3.1517992879303284e-13,8.971033117122608e-14
hot_compact,100,3290.0,36.74339228815653,0.0006074718028251551,0.006074718028251552,3.802213997297528e-13,7.587974694744288e-16,24.60369935224883,0.000523022363718657,2.4029824897848116e-15,24.659334384735963,0.0004968968528528347,2.8187441499248124e-13,8.023051218555286e-14
hot_compact,100,3300.0,36.85507433158558,0.0005432793887018405,0.005432793887018405,3.400428606823632e-13,6.78614255752087e-16,24.72495659022112,0.00046775384259316484,2.149055893689391e-15,24.78059162270825,0.0004443890518214812,2.5208834246398834e-13,7.175243922876905e-14
hot_compact,100,3310.0,36.96675637501462,0.0004858702787776924,0.004858702787776924,3.0411004531367764e-13,6.069041168902819e-16,24.846213828193406,0.00041832562513209126,1.9219620841326602e-15,24.901848860680538,0.00039742982521421384,2.2544980681533713e-13,6.417025636544886e-14
hot_compact,100,3320.0,37.07843841844367,0.000434527671597479,0.00434527671597479,2.719743019309443e-13,5.427716909515281e-16,24.967471066165693,0.0003741205580952552,1.718865602188686e-15,25.023106098652825,0.00035543284723686674,2.0162620332328033e-13,5.738929360824287e-14
hot_compact,100,3330.0,37.190120461872716,0.0003886105111408094,0.0038861051114080936,2.432343885073815e-13,4.854162301746919e-16,25.08872830413798,0.00033458670370792906,1.5372306159311024e-15,25.144363336625112,0.00031787374998042215,1.8032007408131963e-13,5.132488488274825e-14
hot_compact,100,3340.0,37.301802505301765,0.00034754548269371317,0.003475454826937132,2.1753146283497618e-13,4.3412160295967255e-16,25.209985542110267,0.00029923044824934275,1.3747892584195846e-15,25.2656205745974,0.00028428357624268354,1.6126539398531778e-13,4.5901310899721576e-14
hot_compact,100,3350.0,37.41348454873081,0.0003108198545279176,0.003108198545279176,1.945446020750005e-13,3.8824735235666075e-16,25.331242780082555,0.0002676103388664953,1.2295133114565689e-15,25.386877812569686,0.0002542429241996459,1.4422424918432264e-13,4.1050853735496576e-14
hot_compact,100,3360.0,37.525166592159856,0.0002779750760101117,0.0027797507601011167,1.7398679576403282e-13,3.47220699417623e-16,25.45250001805484,0.00023933157166066498,1.099588881561895e-15,25.50813505054196,0.00022737671081781498,1.2898386652424242e-13,3.671295131624128e-14
hot_compact,100,3370.0,37.636848635588905,0.00024860105220815944,0.0024860105220815944,1.5560136224476222e-13,3.1052939156507026e-16,25.57375725602713,0.00021404106222569938,9.8339375197342e-16,25.629392288514246,0.00020334948862423547,1.1535395689445568e-13,3.2833441249072686e-14
hot_compact,100,3380.0,37.748530679017954,0.00022233102350786252,0.002223310235078625,1.3915874377767495e-13,2.7771530668392666e-16,25.695014493999416,0.0001914230370895748,8.79477127894117e-16,25.750649526486548,0.00018186125736012799,1.0316433930678438e-13,2.9363884558618965e-14
hot_compact,100,3390.0,37.860212722447,0.0001988369863079418,0.001988369863079418,1.2445364031787234e-13,2.483687330781572e-16,25.816271731971703,0.00017119509101463028,7.865415220878807e-16,25.871906764458835,0.00016264371822307592,9.226281604143982e-14,2.6260960885306352e-14
hot_compact,100,3400.0,37.971894765876044,0.0001778255976167288,0.0017782559761672881,1.113024461697905e-13,2.2212325387255704e-16,25.93752896994399,0.00015310466092852354,7.034265546503227e-16,25.993164002431122,0.0001454569239287959,8.251327232933447e-14,2.348592759390772e-14
hot_compact,100,3410.0,38.08357680930509,0.00015903451241598164,0.0015903451241598165,9.954095751428239e-14,1.986511719871213e-16,26.058786207916263,0.0001369258724599463,6.290944646809608e-16,26.114421240403395,0.00013008628276567311,7.37939768436821e-14,2.100413603886457e-14
hot_compact,100,3420.0,38.19525885273414,0.00014222910806070417,0.0014222910806070417,8.902232218459085e-14,1.7765941856091427e-16,26.18004344588855,0.00012245671970541937,5.626171529577228e-16,26.235678478375682,0.00011633987923513724,6.599606178108066e-14,1.8784598946544076e-14
hot_compact,100,3430.0,38.30694089616319,0.00012719955481632053,0.0012719955481632053,7.961520609242684e-14,1.588858937386404e-16,26.301300683860838,0.00010951654301416399,5.031645938305671e-16,26.35693571634797,0.00010404607782380186,5.90221635546006e-14,1.6799603512831735e-14
hot_compact,100,3440.0,38.41862293959223,0.00011375819595637578,0.0011375819595637578,7.120215341042591e-14,1.4209619413153063e-16,26.422557921833125,9.79437732990527e-05,4.499944716468751e-16,26.478192954320257,9.305137998842845e-05,5.278520712677866e-14,1.5024365385254677e-14
hot_compact,100,3450.0,38.53030498302128,0.00010173720470905914,0.0010173720470905915,6.367812003646968e-14,1.2708068609211717e-16,26.543815159805412,8.759391470944759e-05,4.0244291231059347e-16,26.599450192292544,8.321850759635408e-05,4.720731880388251e-14,1.3436719209308877e-14
hot_compact,100,3460.0,38.64198702645033,9.098648879753878e-05,0.0009098648879753878,5.69491620289295e-14,1.1365188826024795e-16,26.6650723977777,7.833774047788487e-05,3.59916194250776e-16,26.72070743026483,7.442468889150975e-05,4.2218853916760224e-14,1.2016841875198424e-14
hot_compact,100,3470.0,38.75366906987938,8.137181641051605e-05,0.0008137181641051604,5.0931262636833775e-14,1.0164213069920708e-16,26.786329635749986,7.005967941422013e-05,3.2188333530393357e-16,26.841964668237118,6.656012558486072e-05,3.7757527248044966e-14,1.0747005009487718e-14
hot_compact,100,3480.0,38.86535111330842,7.277314020415128e-05,0.0007277314020415128,4.554928327943479e-14,9.090146139426897e-17,26.907586873722273,6.26563729012449e-05,2.878694629511275e-16,26.963221906209405,5.952662192959234e-05,3.376763534836045e-14,9.61135362131467e-15
hot_compact,100,3490.0,38.97703315673747,6.508309840910277e-05,0.0006508309840910277,4.073602537726477e-14,8.129577397454373e-17,27.02884411169456,5.603538437463969e-05,2.5744988513158934e-16,27.084479144181692,5.323635866388123e-05,3.0199361031485e-14,8.595708139375106e-15
hot_compact,100,3500.0,39.08871520016652,5.8205674327728485e-05,0.0005820567432772848,3.6431391320846054e-14,7.270513328113309e-17,27.150101349666848,5.011404517402612e-05,2.302447876019457e-16,27.20573638215398,4.7610796512887405e-05,2.7008151364506357e-14,7.687387367942149e-15
hot_compact,100,3510.0,39.20039724359557,5.205499748413556e-05,0.0005205499748413556,3.2581634101037463e-14,6.502227787489361e-17,27.271358587639135,4.481842235458886e-05,2.0591449163307626e-16,27.326993620126267,4.257969555925879e-05,2.4154161386646325e-14,6.8750501513762084e-15
hot_compact,100,3520.0,39.312079287024616,4.655427145841827e-05,0.00046554271458418273,2.9138686232015e-14,5.815128078634601e-17,27.392615825611422,4.008239557151946e-05,1.841552128329264e-16,27.448250858098554,3.808023823815692e-05,2.1601756611112655e-14,6.1485537701726156e-15
hot_compact,100,3530.0,39.42376133045366,4.163481501818555e-05,0.00041634815018185554,2.6059559587920863e-14,5.2006351786056787e-17,27.513873063583695,3.584683151140117e-05,1.6469526814057856e-16,27.56950809607084,3.405624500665243e-05,1.9319068098291738e-14,5.498827300501414e-15
hot_compact,100,3540.0,39.53544337388271,3.72352045750911e-05,0.000372352045750911,2.3305808659632114e-14,4.6510766220821564e-17,27.635130301555982,3.2058845562609965e-05,1.4729168363268444e-16,27.690765334043128,3.0457472894457246e-05,1.727759454499333e-14,4.917758356025695e-15
hot_compact,100,3550.0,39.647125417311756,3.3300507259208355e-05,0.00033300507259208354,2.0843050529954054e-14,4.159590704126061e-17,27.75638753952827,2.8671141506060085e-05,1.3172716078784238e-16,27.8120225720154,2.723898817780388e-05,1.5451846421493748e-14,4.3980917978739356e-15
hot_compact,100,3560.0,39.758807460740805,2.9781595035532994e-05,0.00029781595035532996,1.8640535573721457e-14,3.720040805972841e-17,27.87764477750057,2.5641420981772812e-05,1.178073633301562e-16,27.93327980998769,2.4360605343773094e-05,1.381902771312668e-14,3.933339148074424e-15
hot_compact,100,3570.0,39.870489504169846,2.6634531298775434e-05,0.00026634531298775434,1.6670763522633992e-14,3.326938774138502e-17,27.998902015472858,2.293185535795741e-05,1.0535849077591551e-16,28.05453704795999,2.1786385340063387e-05,1.2358751292695178e-14,3.5176975754016067e-15
hot_compact,100,3580.0,39.982171547598895,2.382002228755886e-05,0.00023820022287558858,1.4909140101069553e-14,2.97537639616607e-17,28.12015925344513,2.050861340844153e-05,9.422510838706807e-17,28.175794285932277,1.94841868454248e-05,1.1052784369887931e-14,3.145977442103909e-15
hot_compact,100,3590.0,40.093853591027944,2.130292646846343e-05,0.0002130292646846343,1.3333669945682218e-14,2.6609641174279232e-17,28.241416491417418,1.8341438901103025e-05,8.426820643661198e-17,28.297051523904564,1.742526495798777e-05,9.884820839419742e-15,2.813537506872437e-15
hot_compact,100,3592.81,40.125236245231505,2.064476552825924e-05,0.0002064476552825924,1.2921721814479963e-14,2.5787527532771507e-17,28.27548977528763,1.7774774096165623e-05,8.166471240213053e-17,28.331124807774763,1.688690564923109e-05,9.57942603898922e-15,2.726612337527078e-15
hot_compact,100,3610.0,40.317217677886035,0.00021488709368643999,0.0021488709368644,1.3449952930380423e-13,2.6841703952951465e-16,25.731988831811215,0.00018501394657302817,8.500310977526758e-16,25.787623864298347,0.00017577230757855796,9.971026398361671e-14,2.8380743778308654e-14
hot_compact,100,3620.0,40.428899721315084,0.0005138312136917995,0.005138312136917995,3.2161101533623905e-13,6.418303250834718e-16,24.785463455178693,0.0004423994902934823,2.0325674434005887e-15,24.84109848766581,0.0004203011757806561,2.384240257583443e-13,6.786313580267175e-14
hot_compact,100,3630.0,40.54058176474413,0.0011350286809977117,0.011350286809977118,7.104234168817526e-13,1.417772622394216e-15,23.924997572600326,0.0009772394057848278,4.489844686052166e-15,23.980632605087457,0.0009284252814081601,5.266673184961025e-13,1.499064351600024e-13
hot_compact,100,3640.0,40.65226380817318,0.0023021629089781752,0.023021629089781753,1.4409419492175877e-12,2.875648518213316e-15,23.157174530810714,0.0019821211136375138,9.10668961617446e-15,23.212809563297846,0.0018831121031555674,1.068232007095129e-12,3.040531403480853e-13
hot_compact,100,3650.0,40.76394585160222,0.003614397470994464,0.03614397470994464,2.2622799267552864e-12,4.514770301947265e-15,22.6674248879499,0.003111931615437246,1.429750943752372e-14,22.72305992043703,0.002956487395701099,1.6771250417693955e-12,4.773636553851988e-13
hot_compact,100,3660.0,40.87562789503127,0.004650327027149111,0.046503270271491114,2.9106764186265486e-12,5.80875748309411e-15,22.393805924546918,0.0040038484461217645,1.8395346691060664e-14,22.44944095703405,0.003803852053347004,2.157809143083242e-12,6.141817899749976e-13
hot_compact,100,3670.0,40.98730993846032,0.005600791942833545,0.05600791942833545,3.5055799169533215e-12,6.9959901570905945e-15,22.191891062501277,0.004822181749035591,2.2155110582853787e-14,22.24752609498841,0.004581308756940806,2.5988365962645363e-12,7.397123687526742e-13
hot_compact,100,3680.0,41.09899198188937,0.006774790065167591,0.06774790065167591,4.240394614982081e-12,8.462439793521218e-15,21.985275057225344,0.005832973147235103,2.679910709082164e-14,22.040910089712476,0.005541610073857779,3.1435862165698382e-12,8.947656078029286e-13
hot_compact,100,3690.0,41.21067402531842,0.007995581288313687,0.07995581288313687,5.004497484421777e-12,9.987339034229635e-15,21.805389554803234,0.006884052568810558,3.162820355136534e-14,21.861024587290366,0.006540186985494706,3.710048413254389e-12,1.0559989434888482e-12
hot_compact,100,3700.0,41.32235606874746,0.008852303114761475,0.08852303114761476,5.5407264427307525e-12,1.1057476530206878e-14,21.69487397135567,0.007621674747542461,3.501714693605613e-14,21.7505090038428,0.007240964169476635,4.107577915888384e-12,1.16914860840627e-12
hot_compact,100,3710.0,41.43403811217651,0.010287412542538316,0.10287412542538316,6.43897276932071e-12,1.2850082206966807e-14,21.53174927189105,0.008857278312382838,4.0694024134034356e-14,21.587384304378183,0.008414848051568512,4.773486405012483e-12,1.3586875530904093e-12
hot_compact,100,3720.0,41.54572015560556,0.011818702146887648,0.11818702146887648,7.39741902814221e-12,1.476282724535208e-14,21.38109019278732,0.010175691290038548,4.675136225068115e-14,21.43672522527445,0.009667404930206793,5.484023683290517e-12,1.5609292846242768e-12
hot_compact,100,3730.0,41.65740219903461,0.0138820057044239,0.138820057044239,8.688857022573063e-12,1.734011480163841e-14,21.20638411587874,0.011952158771677907,5.4913193461301765e-14,21.262019148365873,0.011355136014105207,6.4414220028958674e-12,1.833435597584869e-12
hot_compact,100,3740.0,41.76908424246365,0.018047536048489472,0.1804753604848947,1.1296095367911097e-11,2.254330920407169e-14,20.921469867312148,0.0155386059393698,7.139082490181472e-14,20.97710489979928,0.014762436416861374,8.374279500818058e-12,2.3835889240019546e-12
hot_compact,100,3750.0,41.8807662858927,0.022452716148179844,0.22452716148179844,1.4053332388257231e-11,2.804585186807458e-14,20.684342447311117,0.01933138726293289,8.881644135787804e-14,20.73997747979825,0.01836576436987273,1.0418337443527436e-11,2.965393468713454e-12
hot_compact,100,3760.0,41.992448329321746,0.02722094651518417,0.2722094651518417,1.7037805438602445e-11,3.40018832748449e-14,20.475256606615197,0.023436748377156463,1.0767817950915397e-13,20.53089163910233,0.02226605842800486,1.2630855191673148e-11,3.5951470849048755e-12
hot_compact,100,3770.0,42.104130372750795,0.03448528707682609,0.3448528707682609,2.1584613576224095e-11,4.3075824172083335e-14,20.218430048009076,0.029691215751176843,1.3641380655929274e-13,20.274065080496207,0.028208108653782992,1.600159888149726e-11,4.554569005791248e-12
hot_compact,100,3780.0,42.21581241617984,0.04366720844674432,0.4366720844674432,2.733165068846958e-11,5.454502927428701e-14,19.962126089019428,0.0375966859245072,1.7273482783448933e-13,20.01776112150656,0.035718692372460954,2.0262123736504554e-11,5.767251225657252e-12
hot_compact,100,3790.0,42.327494459608886,0.05397109970703297,0.5397109970703297,3.378093761739349e-11,6.741569516805374e-14,19.732111494011285,0.0464681521183172,2.1349403700266684e-13,19.787746526498402,0.04414701960602789,2.5043256469962404e-11,7.128115169419824e-12
hot_compact,100,3800.0,42.439176503037935,0.06972587481754138,0.6972587481754138,4.364197580399905e-11,8.709509992461219e-14,19.454029732548953,0.06003273187301846,2.758153637621672e-13,19.50966476503607,0.057034034498584185,3.2353666594283594e-11,9.20889269786768e-12
hot_compact,100,3810.0,42.55085854646698,0.08627711932141266,0.8627711932141267,5.400153047511954e-11,1.0776938042254153e-13,19.22277557180822,0.07428305753857332,3.412872927339836e-13,19.278410604295352,0.07057254158076157,4.0033648348546266e-11,1.1394862182670444e-11
hot_compact,100,3820.0,42.662540589896025,0.10346647245445868,1.0346647245445868,6.476048237757832e-11,1.2924072707369108e-13,19.02551555551566,0.08908278332770284,4.0928339460626435e-13,19.081150588002792,0.0846330056791174,4.800972038340102e-11,1.366510847161558e-11
hot_compact,100,3830.0,42.774222633325074,0.12501274452472752,1.2501274452472753,7.82464642575861e-11,1.5615433301802043e-13,18.82012893778512,0.10763373844217558,4.945142057553668e-13,18.875763970272253,0.10225732129777837,5.800745658585636e-11,1.651078531759833e-11
hot_compact,100,3840.0,42.88590467675412,0.1449680690815615,1.4496806908156152,9.073665952224562e-11,1.810806747936317e-13,18.659333776417206,0.12481491618565071,5.734516893801775e-13,18.714968808904338,0.11858028134931131,6.726697350381553e-11,1.914634124394401e-11
hot_compact,100,3850.0,42.99758672018317,0.16178079021125213,1.6178079021125213,1.0125987447883659e-10,2.0208156765624315e-13,18.540197281252766,0.13929036855216057,6.39957944143594e-13,18.595832313739898,0.1323326698196617,7.506828364006113e-11,2.1366844683271856e-11
hot_compact,100,3860.0,43.10926876361222,0.17910594371604677,1.7910594371604676,1.1210382490664245e-10,2.2372254354443263e-13,18.429739666304265,0.15420701603394393,7.084912329501496e-13,18.485374698791396,0.1465042152505572,8.310736872369341e-11,2.36550265098497e-11
hot_compact,100,3870.0,43.22095080704126,0.20964569270197517,2.0964569270197515,1.3121889502647676e-10,2.618699672456388e-13,18.258799802229085,0.18050119401506112,8.292976336988142e-13,18.314434834716216,0.17148497170287133,9.727818922826832e-11,2.76884971857956e-11
hot_compact,100,3880.0,43.33263285047031,0.24293198073694866,2.4293198073694864,1.520530456316664e-10,3.034481129499663e-13,18.098802934228452,0.20916009302322255,9.609685473543687e-13,18.154437966715584,0.19871232890827545,1.127234377541985e-10,3.2084711010670726e-11
hot_compact,100,3890.0,43.44431489389936,0.2856861656773314,2.8568616567733143,1.7881322769564924e-10,3.5685267788833544e-13,17.922791636630016,0.24597068202898045,1.1300917186669498e-12,17.978426669117134,0.2336841907204012,1.3256190731361506e-10,3.7731376649948224e-11
hot_compact,100,3900.0,43.55599693732841,0.34695920652785506,3.4695920652785506,2.1716450795184567e-10,4.3338928111527187e-13,17.71181862234814,0.2987256749501822,1.3724701197300464e-12,17.767453654835272,0.28380401689464024,1.6099335460751167e-10,4.582387975501621e-11
hot_compact,100,3910.0,43.66767898075745,0.38737520134542364,3.8737520134542365,2.4246119834889665e-10,4.838731956792693e-13,17.592185124747807,0.3335231240551736,1.5323440882042739e-12,17.64782015723494,0.31686329723714945,1.797468750879022e-10,5.1161734038329294e-11
hot_compact,100,3920.0,43.7793610241865,0.4244597634687723,4.2445976346877226,2.656727187080779e-10,5.301957933124363e-13,17.492923342895672,0.3654522691595561,1.6790398739334312e-12,17.548558375382804,0.3471975483461202,1.969545696757939e-10,5.605959662140886e-11
hot_compact,100,3930.0,43.89104306761555,0.4610690689281855,4.610690689281855,2.8858677216731073e-10,5.75924744372597e-13,17.40309969141604,0.39697222677146804,1.8238556819643985e-12,17.458734723903156,0.3771430513033106,2.1394173930516886e-10,6.089469071813267e-11
hot_compact,100,3940.0,44.0027251110446,0.49812294181638334,4.981229418163833,3.1177908389180074e-10,6.222090078578016e-13,17.31917330146843,0.4288749489929535,1.9704300699688397e-12,17.374808333955563,0.4074521993798575,2.3113519370913026e-10,6.578850008747741e-11
hot_compact,100,3950.0,44.11440715447364,0.5311146521467757,5.311146521467757,3.324288559848617e-10,6.634191943979996e-13,17.249543955445652,0.45728022186302536,2.100935719553375e-12,17.305178987932784,0.43443859933647033,2.464437545439405e-10,7.0145808205113e-11
hot_compact,100,3960.0,44.22608919790269,0.5727609586703333,5.727609586703332,3.584956081967648e-10,7.154399003074185e-13,17.167581143888462,0.493136947355142,2.2656764447605395e-12,17.223216176375594,0.46850424410921454,2.6576815484257316e-10,7.564615322109929e-11
hot_compact,100,3970.0,44.33777124133174,0.6255976854086853,6.255976854086853,3.915665328127951e-10,7.814386419081262e-13,17.07177682907635,0.5386284246242584,2.474683230885144e-12,17.12741186156348,0.5117233747902299,2.9028504825264843e-10,8.262444855713188e-11
hot_compact,100,3980.0,44.449453284760786,0.6827879174739925,6.827879174739925,4.2736235080074406e-10,8.528753788364751e-13,16.97680009396742,0.5878681921612955,2.700911223033148e-12,17.03243512645455,0.558503564743102,3.168220218730233e-10,9.017772360507823e-11
hot_compact,100,3990.0,44.56113532818983,0.7251939183421627,7.251939183421627,4.53904601703668e-10,9.058450245050486e-13,16.911379278856664,0.6243790009046432,2.868657079012149e-12,16.967014311343796,0.5931906206286132,3.364989297250352e-10,9.57784035931394e-11
hot_compact,100,4000.0,44.672817371618876,0.7591718167700169,7.591718167700169,4.751716367167029e-10,9.482870658067344e-13,16.861664469394064,0.6536333640985899,3.003063803047899e-12,16.917299501881196,0.6209836979646051,3.522650940103295e-10,1.0026596035079857e-10
hot_compact,100,4010.0,44.784499415047925,0.7887708820964946,7.887708820964946,4.936979255037481e-10,9.852594746726058e-13,16.820137487164025,0.6791176302635712,3.1201491317211616e-12,16.875772519651157,0.6451949985380828,3.65999425685353e-10,1.041751922860304e-10
hot_compact,100,4020.0,44.896181458476974,0.8149542179850154,8.149542179850155,5.100862822551693e-10,1.017965270928843e-12,16.784681632479582,0.7016610144383842,3.2237228241487907e-12,16.840316664966714,0.666612317234502,3.781488167382456e-10,1.07633299212628e-10
hot_compact,100,4030.0,45.00786350190602,0.837517240402482,8.37517240402482,5.242086562086681e-10,1.0461489071642128e-12,16.755030272673032,0.7210873734274565,3.3129756051563065e-12,16.810665305160164,0.6850683093940494,3.8861833765231537e-10,1.1061326114104772e-10
hot_compact,100,4040.0,45.119545545335065,0.8638163407932411,8.63816340793241,5.406694708764491e-10,1.0789993057064241e-12,16.72146112387876,0.7437304287694146,3.41700722842208e-12,16.77709615636588,0.7065803205791844,4.0082144486321477e-10,1.1408665741155276e-10
hot_compact,100,4050.0,45.23122758876411,0.8885970591406686,8.885970591406686,5.561799182298048e-10,1.1099530821390706e-12,16.69075248323154,0.7650661843130317,3.5150325721437487e-12,16.746387515718673,0.7268503329501345,4.123200040634762e-10,1.1735951668846684e-10
hot_compact,100,4060.0,45.34290963219316,0.9058359030529236,9.058359030529235,5.669698468018919e-10,1.1314862480843033e-12,16.66989083702716,0.7799085207784161,3.583224445202926e-12,16.725525869514293,0.7409512792771631,4.203190404307859e-10,1.1963629936403263e-10
hot_compact,100,4070.0,45.45459167562221,0.9228536225855607,9.228536225855606,5.77621371878143e-10,1.1527432059505556e-12,16.64968260883318,0.7945604731055316,3.6505416142679164e-12,16.705317641320327,0.7548713513515757,4.2821547235644817e-10,1.2188387751989732e-10
hot_compact,100,4080.0,45.56627371905125,0.9398687922640825,9.398687922640825,5.882713009805624e-10,1.1739969787753932e-12,16.629846588764927,0.8092102300538321,3.717848696848627e-12,16.68548162125206,0.768789337708628,4.361107211183263e-10,1.2413111890934633e-10
hot_compact,100,4090.0,45.6779557624803,0.9524093426836618,9.524093426836618,5.961205305443688e-10,1.1896614719748117e-12,16.61545554475652,0.8200074198036733,3.767455481773237e-12,16.671090577243653,0.7790471966043845,4.4192969131046213e-10,1.2578738472871833e-10
hot_compact,100,4100.0,45.78963780590935,0.9654957529339265,9.654957529339265,6.043114180878777e-10,1.2060078026789272e-12,16.60063874288391,0.8312745851105304,3.819221530072565e-12,16.65627377537104,0.7897515552894399,4.480019472019948e-10,1.2751574379356073e-10
hot_compact,100,4102.88,45.821802234416914,0.9688969730036907,9.688969730036908,6.064402685953422e-10,1.2102562915306896e-12,16.59682066444912,0.8342029747940388,3.8326757714604576e-12,16.65245569693625,0.7925336688635446,4.4958015529818427e-10,1.2796495250906634e-10
hot_compact,100,4120.0,46.01300189276744,0.9774692285023971,9.77469228502397,6.118057110231239e-10,1.2209639585365584e-12,16.587256926316904,0.8415835335499883,3.866585131146871e-12,16.642891958804036,0.7995455610359019,4.535577876633845e-10,1.2909711443995447e-10
hot_compact,100,4130.0,46.12468393619649,0.9771066045269967,9.771066045269967,6.115787418126008e-10,1.2205110022781366e-12,16.587659790177874,0.8412713207890455,3.865150695738988e-12,16.643294822665005,0.7992489436269828,4.533895256626582e-10,1.2904922167004842e-10
hot_compact,100,4140.0,46.23636597962554,0.977210697184124,9.77210697184124,6.116438942289113e-10,1.2206410251770624e-12,16.587544131204275,0.8413609427061836,3.865562456138778e-12,16.643179163691407,0.799334088836178,4.5343782594045924e-10,1.2906296948049368e-10
hot_compact,100,4150.0,46.34804802305459,0.977242622104893,9.77242622104893,6.116638762889914e-10,1.2206809028289635e-12,16.58750866139595,0.8413884294923101,3.865688741877867e-12,16.643143693883083,0.7993602026287588,4.5345263949776943e-10,1.290671858947089e-10
hot_compact,100,4160.0,46.45973006648363,0.9731826259084987,9.731826259084986,6.091226926002814e-10,1.2156095319018315e-12,16.592028794872384,0.8378928453393478,3.849628572956188e-12,16.647663827359516,0.7960392265386742,4.5156875114705403e-10,1.2853097076045373e-10
hot_compact,100,4170.0,46.57141210991268,0.973306317711551,9.73306317711551,6.092001122768374e-10,1.2157640362372001e-12,16.591890806244784,0.8379993417707938,3.850117861900106e-12,16.647525838731916,0.7961404033626429,4.5162614567049127e-10,1.285473070853101e-10
hot_compact,100,4180.0,46.68309415334173,0.9653089614579471,9.653089614579471,6.041945038276204e-10,1.205774480080852e-12,16.600848817229924,0.8311137609885961,3.818482637100196e-12,16.656483849717056,0.7895987644996085,4.4791527365143264e-10,1.2749107371715552e-10
hot_compact,100,4190.0,46.794776196770776,0.9549903087515439,9.549903087515439,5.977359775929747e-10,1.1928853755568387e-12,16.612517251241236,0.8222295854535412,3.7776650359270365e-12,16.668152283728368,0.781158362769606,4.4312729142476595e-10,1.2612826018762308e-10
hot_compact,100,4200.0,46.906458240199825,0.9425654014851695,9.425654014851695,5.899591299922095e-10,1.1773653330654294e-12,16.626735926757355,0.8115319623914964,3.728515701818945e-12,16.682370959244487,0.7709950971020689,4.3736198108318754e-10,1.2448726768524984e-10
hot_compact,100,4210.0,47.01814028362887,0.9331392187276973,9.331392187276974,5.840592077481048e-10,1.165591019278503e-12,16.63764855547162,0.8034161875296367,3.691228453248107e-12,16.693283587958753,0.763284713632712,4.3298811592925315e-10,1.2324232517587007e-10
hot_compact,100,4220.0,47.129822327057916,0.9233543618563836,9.233543618563836,5.77934788543026e-10,1.1533686830341006e-12,16.649093649438164,0.7949916006670323,3.652522393777581e-12,16.704728681925296,0.7552809436431267,4.284478215591117e-10,1.2195001156592662e-10
hot_compact,100,4230.0,47.241504370486965,0.9131952931847152,9.131952931847152,5.715761472162546e-10,1.14067891609442e-12,16.66110550126806,0.7862448241333315,3.61233606082022e-12,16.716740533755193,0.7469710776915037,4.2373388829442787e-10,1.206082747493937e-10
hot_compact,100,4240.0,47.35318641391601,0.9007700128357197,9.007700128357197,5.637990661001299e-10,1.1251584075827813e-12,16.675979862625717,0.7755468798538186,3.5631852509053475e-12,16.73161489511285,0.736807506851645,4.17968404837908e-10,1.1896723297294773e-10
hot_compact,100,4250.0,47.464868457345055,0.8902230378540174,8.902230378540173,5.571976311498862e-10,1.111984104035676e-12,16.68876758947875,0.766466122920975,3.5214644729476526e-12,16.744402621965882,0.7281803431690635,4.1307447825714896e-10,1.175742642773559e-10
hot_compact,100,4260.0,47.576550500774104,0.8800673797570658,8.800673797570658,5.508411245287697e-10,1.0992985972698053e-12,16.701224852457422,0.7577222828311415,3.481291631235953e-12,16.756859884944554,0.7198732669828837,4.0836212754123303e-10,1.1623297790503304e-10
hot_compact,100,4270.0,47.68823254420315,0.8687382260311646,8.687382260311646,5.437501177242026e-10,1.085147268535663e-12,16.715292333034988,0.74796808398093,3.436476780734559e-12,16.77092736552212,0.7106063005068994,4.031052603681447e-10,1.1473670465937665e-10
hot_compact,100,4280.0,47.7999145876322,0.8557090355329778,8.557090355329779,5.355950444754909e-10,1.06887241144214e-12,16.731699367746934,0.7367501838578134,3.3849370771999994e-12,16.78733440023405,0.6999487461584347,3.970595551478828e-10,1.1301590276837345e-10
hot_compact,100,4290.0,47.911596631061244,0.8447264159784933,8.447264159784933,5.287209361460423e-10,1.0551539410746488e-12,16.74572447346096,0.727294344734919,3.3414930155025528e-12,16.801359505948092,0.6909652360311767,3.9196348410786386e-10,1.1156539726688766e-10
hot_compact,100,4300.0,48.02327867449029,0.8320736087712877,8.320736087712877,5.208014441721589e-10,1.039349227101219e-12,16.76211029337859,0.7164005038975134,3.291442175242748e-12,16.817745325865722,0.6806155538701701,3.8609242538059945e-10,1.098943053773579e-10
hot_compact,100,4310.0,48.13496071791934,0.823338385508888,8.233383855088881,5.153339989338201e-10,1.0284379958704408e-12,16.77356875352418,0.7088796328100607,3.2568881622889175e-12,16.829203786011313,0.673470358113154,3.8203917396141167e-10,1.0874061983485512e-10
hot_compact,100,4320.0,48.24664276134839,0.8146579476802378,8.146579476802378,5.09900844331208e-10,1.0175951975254354e-12,16.785076415246444,0.7014059310017806,3.222550864641678e-12,16.840711447733575,0.6663699754807727,3.7801134365974145e-10,1.0759416995891262e-10
hot_compact,100,4330.0,48.35832480477744,0.8035903809025514,8.035903809025514,5.029735668637704e-10,1.0037706189604862e-12,16.799927838354755,0.6918769538381349,3.1787707763353254e-12,16.855562870841887,0.6573169806339424,3.7287585605958947e-10,1.0613244523837088e-10
hot_compact,100,4340.0,48.47000684820648,0.7906816317938345,7.906816317938345,4.948938788320787e-10,9.876462060869656e-13,16.817510537485667,0.6807627515984707,3.127707504050076e-12,16.8731455699728,0.6467579443518344,3.6688603713074015e-10,1.0442755038094612e-10
hot_compact,100,4350.0,48.58168889163553,0.7720469877469196,7.7204698774691956,4.832303079304628e-10,9.64369535990353e-13,16.843405330081843,0.6647186561669689,3.053994249970039e-12,16.899040362568975,0.6315152681685419,3.582393322715369e-10,1.0196642044976846e-10
hot_compact,100,4360.0,48.69337093506458,0.7539556356841893,7.539556356841893,4.719067877731412e-10,9.417714958826017e-13,16.869150182617496,0.6491423254225457,2.9824301016077712e-12,16.924785215104627,0.6167169913398628,3.49844721599257e-10,9.957704462134043e-11
hot_compact,100,4370.0,48.80505297849363,0.7389616241712311,7.389616241712311,4.62521917531416e-10,9.230423664968584e-13,16.89095994930755,0.6362327495267418,2.9231181352750052e-12,16.946594981794682,0.6044522621824298,3.428873151748767e-10,9.759674328421491e-11
hot_compact,100,4380.0,48.91673502192267,0.7301043282647289,7.3010432826472895,4.5697806606089736e-10,9.119786534339914e-13,16.904052354525753,0.6286067760747565,2.8880812383010508e-12,16.959687387012885,0.5972072140332666,3.387774205419909e-10,9.642693526373927e-11
hot_compact,100,4390.0,49.02841706535172,0.7242549826180484,7.242549826180484,4.5331691441741256e-10,9.046721930285198e-13,16.912785933001608,0.6235705940295878,2.8649429212626253e-12,16.96842096548874,0.5924225945174855,3.3606325195905597e-10,9.565439570716897e-11
hot_compact,100,4400.0,49.14009910878077,0.7144061049597459,7.144061049597459,4.4715242409606556e-10,8.923698879511033e-13,16.92765176929455,0.6150908864137532,2.8259836141032353e-12,16.98328680178168,0.5843664571136039,3.3149325115349495e-10,9.435362669154785e-11
hot_compact,100,4410.0,49.251781152209816,0.7039784525557906,7.039784525557906,4.406256740897473e-10,8.793446311080995e-13,16.943616246158307,0.6061128640874675,2.784734841699754e-12,16.99925127864544,0.5758368963371673,3.266546917216988e-10,9.297641726491863e-11
hot_compact,100,4420.0,49.36346319563886,0.6988415065389648,6.988415065389648,4.374104190017415e-10,8.729280342878581e-13,16.951567933993836,0.6016900453895128,2.764414571241118e-12,17.007202966480968,0.571635002031679,3.2427108536070124e-10,9.229796633422072e-11
hot_compact,100,4430.0,49.475145239067906,0.6907177457304687,6.907177457304687,4.32325692943164e-10,8.627805852779876e-13,16.96426312738793,0.5946956325450247,2.732279326636794e-12,17.019898159875048,0.564989967381021,3.2050156006786593e-10,9.122503836043268e-11
hot_compact,100,4440.0,49.586827282496955,0.6821228559000947,6.8212285590009465,4.269460835084057e-10,8.520446455629775e-13,16.977858157982162,0.5872955860340962,2.6982804320906333e-12,17.033493190469294,0.5579595608873077,3.1651342509337916e-10,9.008988704960255e-11
hot_compact,100,4450.0,49.698509325926004,0.6767917249103058,6.767917249103058,4.2360928651198014e-10,8.45385490873533e-13,16.986377062267216,0.5827055775454624,2.6771920221271854e-12,17.042012094754362,0.5535988280950158,3.1403971450795544e-10,8.938578956252603e-11
hot_compact,100,4460.0,49.810191369355046,0.6717181015739178,6.717181015739177,4.20433665589838e-10,8.390479908763097e-13,16.994547032452452,0.5783372785434763,2.6571222378501147e-12,17.050182064939584,0.5494487301699974,3.116854906523205e-10,8.87157018366071e-11
hot_compact,100,4470.0,49.921873412784095,0.6685581124199199,6.685581124199199,4.1845580341800363e-10,8.351008253248079e-13,16.999666754719577,0.5756165843664579,2.6446222360892885e-12,17.05530178720671,0.5468639374958877,3.1021921667874135e-10,8.829835316766978e-11
hot_compact,100,4480.0,50.03355545621314,0.6626020911956235,6.626020911956235,4.147278826878724e-10,8.276611156755471e-13,17.00938265670566,0.5704885565557801,2.621061941365798e-12,17.065017689192793,0.5419920600060788,3.074555493110157e-10,8.751172466706946e-11
hot_compact,100,4490.0,50.14523749964219,0.6555130586986234,6.555130586986234,4.1029080125264585e-10,8.188061533633393e-13,17.021061292596805,0.5643850262917975,2.593019782239097e-12,17.076696325083937,0.5361934074247594,3.041661507271447e-10,8.657545617610536e-11
hot_compact,100,4500.0,50.25691954307124,0.6478152905481517,6.478152905481517,4.05472707363587e-10,8.091908148965761e-13,17.03388667580368,0.5577573855112811,2.5625696411955456e-12,17.08952170829081,0.5298968241921364,3.005942912859807e-10,8.55587902526407e-11
hot_compact,100,4510.0,50.36860158650028,0.6383698453235838,6.383698453235837,3.9956072858917523e-10,7.973924402211931e-13,17.049833752050965,0.5496250260095666,2.525206195884502e-12,17.105468784538097,0.5221706845029291,2.962114881095427e-10,8.431130369497113e-11
hot_compact,100,4520.0,50.48028362992933,0.6315714030644894,6.3157140306448945,3.9530552987918877e-10,7.889004562993425e-13,17.06145851881778,0.5437716887461419,2.498313527565675e-12,17.11709355130491,0.5166097275216583,2.9305692698303397e-10,8.341341427529047e-11
hot_compact,100,4530.0,50.59196567335838,0.6278875179906998,6.278875179906997,3.929997571129703e-10,7.842988885247954e-13,17.067810038090848,0.5405999295467837,2.4837411452994904e-12,17.12344507057798,0.5135964009920572,2.913475588358298e-10,8.292687319646456e-11
hot_compact,100,4540.0,50.70364771678743,0.6238288649243655,6.238288649243655,3.9045941409997424e-10,7.792291953112399e-13,17.07485099733706,0.5371055018047951,2.467686289411275e-12,17.13048602982419,0.5102765235490158,2.894642937140417e-10,8.239083545317993e-11
hot_compact,100,4550.0,50.81532976021647,0.616785826305931,6.16785826305931,3.860511205966416e-10,7.704316842889596e-13,17.08717869944399,0.5310415714481204,2.439826068745448e-12,17.142813731931135,0.5045154928184612,2.861962368575622e-10,8.146064150331806e-11
hot_compact,100,4560.0,50.92701180364552,0.6115946864515811,6.115946864515811,3.8280194515765927e-10,7.639473935501147e-13,17.096355403206708,0.5265720928247681,2.4192914231635244e-12,17.151990435693826,0.5002692692993627,2.837874838869981e-10,8.07750330398398e-11
hot_compact,100,4570.0,51.03869384707457,0.6111828596844844,6.111828596844844,3.8254417953116686e-10,7.634329777249167e-13,17.09708674677683,0.5262175173396711,2.4176623557639255e-12,17.152721779263963,0.4999324052284063,2.835963911835775e-10,8.072064191863512e-11
hot_compact,100,4580.0,51.15037589050362,0.6107500707715061,6.107500707715062,3.822732935319899e-10,7.628923779300666e-13,17.097855847272903,0.5258448938216669,2.41595036818718e-12,17.153490879760035,0.49957839464255127,2.8339557178571636e-10,8.066348226777562e-11
hot_compact,100,4590.0,51.26205793393266,0.6101013394047652,6.101013394047651,3.818672474453013e-10,7.620820428377013e-13,17.09900971610977,0.5252863477109284,2.4133841748139194e-12,17.1546447485969,0.4990477484907771,2.830945524237691e-10,8.057780248875972e-11
hot_compact,100,4600.0,51.37373997736171,0.6067928857580579,6.067928857580579,3.797964601747782e-10,7.579494292030936e-13,17.104913461369385,0.522437828259479,2.4002968905246263e-12,17.160548493856517,0.49634151554759726,2.8155938909296387e-10,8.014084569606084e-11
hot_compact,100,4610.0,51.48542202079076,0.5980519979612173,5.980519979612174,3.7432546945958944e-10,7.47031122360938e-13,17.1206672981888,0.5149120801091259,2.365720470313354e-12,17.17630233067593,0.4891916863420433,2.775035092598739e-10,7.898641202253804e-11
hot_compact,100,4620.0,51.597104064219806,0.5906165761525315,5.906165761525315,3.696715802180942e-10,7.37743482627428e-13,17.134250583094847,0.5085103148394653,2.336308095405841e-12,17.18988561558198,0.4831096959036611,2.7405338175963677e-10,7.800439491943605e-11
hot_compact,100,4630.0,51.70878610764885,0.5852193770331654,5.852193770331654,3.6629343065750267e-10,7.310018017543763e-13,17.144217918465223,0.5038634228722285,2.3149583390592875e-12,17.199852950952355,0.47869492102166544,2.715490147465606e-10,7.729157162837904e-11
hot_compact,100,4640.0,51.8204681510779,0.5801473935503051,5.801473935503051,3.6311883613263646e-10,7.246663501101816e-13,17.15366879866398,0.4994965357548175,2.2948950415677675e-12,17.20930383115111,0.4745461644561196,2.691955518032044e-10,7.66217004825348e-11
hot_compact,100,4650.0,51.932150194506946,0.5726382058748771,5.726382058748771,3.5841877625248034e-10,7.152865688933022e-13,17.16781386128323,0.4930312593924515,2.265190870258676e-12,17.223448893770374,0.4684038353701466,2.657111960302514e-10,7.562994091362124e-11
hot_compact,100,4660.0,52.043832237935995,0.5719847930311348,5.719847930311348,3.580097999923581e-10,7.14470386133793e-13,17.16905345555812,0.4924686826136958,2.2626061583184485e-12,17.22468848804524,0.4678693598864134,2.6540800440518845e-10,7.554364283875049e-11
hot_compact,100,4670.0,52.15551428136504,0.571969710304424,5.71969710304424,3.580003595945733e-10,7.144515461896052e-13,17.169082085826908,0.49245569665560046,2.2625464954204905e-12,17.22471711831404,0.46785702259042666,2.654010058338172e-10,7.554165082054728e-11
hot_compact,100,4680.0,52.267196324794085,0.5709051014120765,5.7090510141207655,3.573340124796446e-10,7.131217354399764e-13,17.171104852871572,0.49153908742909497,2.2583352110203216e-12,17.226739885358704,0.4669861989478043,2.6490701416649927e-10,7.540104492523973e-11
hot_compact,100,4690.0,52.378878368223134,0.5685337584687434,5.685337584687434,3.558497702004801e-10,7.101596736351505e-13,17.175624018743882,0.48949740354246596,2.2489548652271454e-12,17.231259051231014,0.4650464992940969,2.638066817695223e-10,7.508785498288126e-11
hot_compact,100,4700.0,52.49056041165218,0.5643036924147118,5.643036924147118,3.5320213844451514e-10,7.048758672056484e-13,17.183732432189466,0.4858553922820645,2.2322219492116236e-12,17.239367464676597,0.46158641028283315,2.6184387890556303e-10,7.452917824345843e-11
hot_compact,100,4710.0,52.60224245508123,0.5624559208628261,5.624559208628261,3.520456036348804e-10,7.0256780225314e-13,17.18729343002213,0.4842644940046713,2.224912700183678e-12,17.242928462509262,0.46007497902848854,2.6098649009705323e-10,7.428513784961587e-11
hot_compact,100,4715.31,52.66154562014206,0.5614096545491032,5.614096545491032,3.5139073728479846e-10,7.012609033525538e-13,17.189314969910264,0.4833636774104893,2.2207739737113785e-12,17.244950002397395,0.459219159159785,2.605010096126333e-10,7.414695451033643e-11
hot_compact,100,4730.0,52.82560654193932,0.5571085396683269,5.5710853966832685,3.4869863550696836e-10,6.958883493142041e-13,17.197665123155566,0.4796604943802531,2.203760009117481e-12,17.253300155642698,0.45570095397219157,2.5850523921605536e-10,7.357889415222807e-11
hot_compact,100,4740.0,52.93728858536837,0.5540798305884649,5.540798305884649,3.468029425705001e-10,6.921051666629512e-13,17.203583808651295,0.4770528300004441,2.1917793133029377e-12,17.259218841138413,0.4532235451394011,2.5709988081736405e-10,7.317888401248452e-11
hot_compact,100,4750.0,53.04897062879742,0.5507890787164306,5.507890787164306,3.447432349805688e-10,6.879946644444859e-13,17.21005136146818,0.47421955146057015,2.1787620521066984e-12,17.265686393955313,0.45053179180841707,2.555729313285133e-10,7.27442651430308e-11
hot_compact,100,4760.0,53.16065267222646,0.5469197106133544,5.469197106133544,3.423213669212134e-10,6.831614084621925e-13,17.217705723863737,0.4708880946884919,2.1634559527042544e-12,17.27334075635087,0.4473667447658944,2.537774967661636e-10,7.223322679804017e-11
hot_compact,100,4770.0,53.27233471565551,0.5450299419043751,5.450299419043752,3.4113854575922385e-10,6.808008845537633e-13,17.22146375858572,0.4692610376095375,2.155980575087876e-12,17.277098791072852,0.4458209608797215,2.5290062075836e-10,7.198363972135858e-11
hot_compact,100,4780.0,53.38401675908456,0.5411903715651273,5.411903715651273,3.3873532835561725e-10,6.760048491760867e-13,17.22913950877946,0.4659552361794825,2.1407923470078223e-12,17.284774541266593,0.4426802876682136,2.5111901272624284e-10,7.147653685097402e-11
hot_compact,100,4790.0,53.49569880251361,0.5400051800693697,5.4000518006936975,3.379935076367477e-10,6.745244178150902e-13,17.231519847525753,0.464934807486846,2.1361040727568987e-12,17.287154880012885,0.4417108304497369,2.5056906924250076e-10,7.132000527156512e-11
hot_compact,100,4800.0,53.60738084594266,0.5372521754877853,5.3725217548778526,3.3627038032350553e-10,6.710856196680113e-13,17.237069205323614,0.46256451975185625,2.1252139840761095e-12,17.292704237810746,0.4394589410515512,2.4929164113423827e-10,7.095640820154067e-11
hot_compact,100,4810.0,53.7190628893717,0.5403853113134043,5.403853113134042,3.382314347849966e-10,6.749992425307397e-13,17.230755823268716,0.46526209369314175,2.1376077618482884e-12,17.286390855755847,0.44202176836974133,2.507454548319788e-10,7.137021027575591e-11
hot_compact,100,4820.0,53.83074493280075,0.5434912173661518,5.434912173661518,3.40175445916563e-10,6.788788524851272e-13,17.224533336129262,0.46793622328671514,2.14989382652645e-12,17.280168368616394,0.4445623224097633,2.521866335789894e-10,7.17804160371645e-11
hot_compact,100,4830.0,53.9424269762298,0.5477698553840208,5.477698553840208,3.4285347924835747e-10,6.842233305097154e-13,17.21601934048889,0.4716200541397604,2.1668188791614043e-12,17.271654372976023,0.44806214208153733,2.541719744337295e-10,7.234550781267363e-11
hot_compact,100,4840.0,54.054109019658846,0.5520775380647954,5.5207753806479545,3.455496918640848e-10,6.896040884350532e-13,17.207514467925385,0.4753288919283963,2.1838588240696465e-12,17.26314950041253,0.4515857195664692,2.56170792370578e-10,7.291443559862862e-11
hot_compact,100,4850.0,54.16579106308789,0.5565271285680289,5.565271285680289,3.483347257068006e-10,6.951621044587579e-13,17.19879881374542,0.4791599098155772,2.2014601152180693e-12,17.25443384623255,0.45522537412699027,2.582354572887224e-10,7.350210555043565e-11
hot_compact,100,4860.0,54.277473106516936,0.5603384777771065,5.6033847777710655,3.507202792821185e-10,6.999228886164448e-13,17.191388547254483,0.48244141335700624,2.2165367086817903e-12,17.24702357974163,0.4583429631546721,2.600039703680859e-10,7.400548117666256e-11
hot_compact,100,4870.0,54.389155149945985,0.5642081557849901,5.642081557849901,3.5314234131334073e-10,7.047565317030985e-13,17.183916262918736,0.48577313695158425,2.2318440339778846e-12,17.239551295405867,0.46150826369163317,2.617995487300916e-10,7.451656045165407e-11
hot_compact,100,4880.0,54.500837193375034,0.5670892576308334,5.670892576308334,3.549456457161062e-10,7.083553370793428e-13,17.178386110883842,0.48825371414137164,2.2432408383310254e-12,17.234021143370974,0.46386493347167895,2.631364155501711e-10,7.489707568820617e-11
hot_compact,100,4890.0,54.612519236804076,0.5690953013359231,5.690953013359231,3.562012443166026e-10,7.108611009353736e-13,17.174552162384934,0.4899808819135702,2.2511761661514365e-12,17.230187194872066,0.4655058274178812,2.640672445914398e-10,7.516201953115896e-11
hot_compact,100,4900.0,54.724201280233125,0.5645956722482912,5.645956722482913,3.5338489092866357e-10,7.052405813501193e-13,17.183170800048707,0.4861067816996582,2.233376936857468e-12,17.23880583253584,0.46182524253764307,2.619793611524707e-10,7.456774084255682e-11
hot_compact,100,4910.0,54.83588332366217,0.5629155671188069,5.629155671188069,3.5233329985718533e-10,7.031419497514594e-13,17.186406514697573,0.4846602412149278,2.226730927629759e-12,17.24204154718472,0.46045095825412535,2.611997716335879e-10,7.434584462542012e-11
hot_compact,100,4920.0,54.94756536709122,0.5606109700582477,5.6061097005824765,3.5089083435326616e-10,7.002632607167129e-13,17.190860682699046,0.48267602434028933,2.2176146092150143e-12,17.246495715186178,0.45856585507540987,2.601304101501127e-10,7.404146999981597e-11
hot_compact,100,4930.0,55.059247410520264,0.5593126275200854,5.593126275200854,3.5007819150319e-10,6.986414915615243e-13,17.19337810109159,0.48155817462270895,2.212478742216024e-12,17.24901313357872,0.457503843113476,2.5952796318598637e-10,7.386999424350168e-11
hot_compact,100,4940.0,55.17092945394931,0.5565920269611765,5.565920269611765,3.483753461236957e-10,6.952431695160401e-13,17.198672209985524,0.4792157861720233,2.2017168344626883e-12,17.254307242472656,0.45527845940133593,2.582655709442326e-10,7.351067686403084e-11
hot_compact,100,4950.0,55.28261149737836,0.5519919749032433,5.519919749032432,3.454961372054168e-10,6.89497210864499e-13,17.20768275265997,0.47525522357573496,2.1835203609870396e-12,17.263317785147102,0.45151573102461784,2.5613109000744723e-10,7.290313503085966e-11
hot_compact,100,4960.0,55.39429354080741,0.5452647913299103,5.452647913299104,3.4128553986971166e-10,6.81094236687928e-13,17.220996023540984,0.46946323876700713,2.1569095713880707e-12,17.276631056028116,0.44601306187914247,2.530095937907315e-10,7.201465694653601e-11
hot_compact,100,4970.0,55.50597558423646,0.537600914545095,5.37600914545095,3.364886588541205e-10,6.715212321737487e-13,17.23636466507093,0.4628647778465148,2.126593494769975e-12,17.29199969755806,0.4397442009421965,2.494534603615786e-10,7.10024671512021e-11
hot_compact,100,4980.0,55.6176576276655,0.5284635753315413,5.284635753315413,3.3076952606569244e-10,6.601077149689519e-13,17.254977015528475,0.4549976921129118,2.09044882759155e-12,17.310612048015606,0.4322700843205723,2.4521362217743563e-10,6.97956730223106e-11
hot_compact,100,4990.0,55.72933967109455,0.5157733008513113,5.157733008513113,3.2282658302967367e-10,6.442562003509046e-13,17.28136751967562,0.44407159262315676,2.0402497776525475e-12,17.33700255216275,0.42188975486044117,2.3932517817300104e-10,6.811963272449095e-11
hot_compact,100,5000.0,55.8410217145236,0.5030469703213944,5.030469703213944,3.148610722273538e-10,6.283596478576268e-13,17.308493317853056,0.4331144495191206,1.989908100425092e-12,17.364128350340188,0.41147993244683884,2.3342000371644474e-10,6.643883040262293e-11
hot_compact,100,5010.0,55.95270375795265,0.4941267483474441,4.941267483474441,3.0927783483417444e-10,6.172173333839263e-13,17.327918752199643,0.4254342978478612,1.9546222861556753e-12,17.383553784686775,0.40418341233678473,2.2928091061151917e-10,6.526071155916306e-11
hot_compact,100,5020.0,56.06438580138169,0.48995812396839705,4.899581239683971,3.0666865990790214e-10,6.120102741997806e-13,17.337117254507184,0.4218451867713559,1.9381324156090037e-12,17.392752286994316,0.4007735810902301,2.273466174431736e-10,6.471014959483039e-11
hot_compact,100,5030.0,56.17606784481074,0.4886480216874565,4.886480216874565,3.058486565419323e-10,6.103738158639251e-13,17.340024300072834,0.420717212125448,1.9329500304739466e-12,17.395659332559966,0.3997019499506658,2.267387138132388e-10,6.453712069616136e-11
hot_compact,100,5040.0,56.28774988823979,0.4834651004566771,4.834651004566771,3.0260462520436065e-10,6.038997910678596e-13,17.351601838570723,0.4162548095900828,1.9124478953862357e-12,17.407236871057854,0.3954624490616021,2.243337743854601e-10,6.385259768944909e-11
hot_compact,100,5050.0,56.399431931668836,0.47914476027085373,4.791447602708537,2.9990049015624333e-10,5.985032225604402e-13,17.361347804084765,0.4125350739158519,1.8953578810544335e-12,17.416982836571897,0.39192851805179146,2.2232908321002784e-10,6.328199819114742e-11
hot_compact,100,5060.0,56.51111397509788,0.47420620851468437,4.742062085146844,2.9680941160307307e-10,5.923344414614294e-13,17.37259657306695,0.4082830691300396,1.87582240082345e-12,17.428231605554082,0.3878889053259353,2.2003753423490452e-10,6.262974974931091e-11
hot_compact,100,5070.0,56.62279601852693,0.4668585299378455,4.668585299378455,2.9221044154346336e-10,5.831564024402149e-13,17.389551416753058,0.40195684921459546,1.846757112725143e-12,17.44518644924019,0.38187868667278024,2.1662812067732514e-10,6.165932114200273e-11
hot_compact,100,5080.0,56.734478061955976,0.4607309255255126,4.607309255255126,2.883751255406266e-10,5.755023669765198e-13,17.403896251523115,0.39668109134605517,1.8225180846111055e-12,17.459531284010247,0.37686645839509714,2.1378483659237018e-10,6.085003116642601e-11
hot_compact,100,5090.0,56.846160105385025,0.4508502626283117,4.508502626283117,2.821907405871856e-10,5.631603587248481e-13,17.427433844709277,0.38817401720768774,1.7834330442536453e-12,17.48306887719641,0.3687843214549369,2.092000870436112e-10,5.954506418476778e-11
hot_compact,100,5100.0,56.957842148814066,0.44049333353982634,4.404933335398264,2.757082568626544e-10,5.50223442892179e-13,17.452666311818952,0.3792568863918477,1.7424640328002257e-12,17.508301344306084,0.3603126105946889,2.0439434410318425e-10,5.81771953856331e-11
hot_compact,100,5110.0,57.069524192243115,0.43004545527698196,4.3004545527698195,2.6916884733149607e-10,5.371729217809876e-13,17.478728756198628,0.3702614499625943,1.7011352527576651e-12,17.53436378868576,0.35176650556783345,1.995463996232006e-10,5.679731467284621e-11
hot_compact,100,5120.0,57.181206235672164,0.4184222788263108,4.184222788263108,2.6189380938104807e-10,5.226543271120552e-13,17.508477661162665,0.3602541028019907,1.655157333524629e-12,17.564112693649797,0.3422590358027653,1.9415310227647537e-10,5.52622090176973e-11
hot_compact,100,5130.0,57.29288827910121,0.4071210803064309,4.071210803064309,2.548202999607445e-10,5.085379174301046e-13,17.538205686501435,0.35052397288446663,1.6104530657206637e-12,17.59384071898858,0.33301493599125565,1.8890920666405317e-10,5.376962789484715e-11
hot_compact,100,5140.0,57.40457032253026,0.39591748597041043,3.9591748597041043,2.478078817700814e-10,4.945434258476908e-13,17.568502954465664,0.34087787842457784,1.5661348917957116e-12,17.624137986952796,0.323850673978899,1.8371060059774363e-10,5.22899376315004e-11
hot_compact,100,5150.0,57.5162523659593,0.3880362464856186,3.880362464856186,2.4287495172365506e-10,4.846989119960688e-13,17.59033392480081,0.33409227210474823,1.5349589912984723e-12,17.64596895728794,0.3174040157498918,1.8005360819273027e-10,5.1249040132091935e-11
hot_compact,100,5160.0,57.62793440938835,0.3811761913146133,3.8117619131461327,2.3858118900543106e-10,4.761299669355652e-13,17.60970024644522,0.3281858872254943,1.5078226001471152e-12,17.665335278932353,0.31179266093635744,1.7687045791456036e-10,5.034301332157786e-11
hot_compact,100,5170.0,57.7396164528174,0.37344714378043725,3.7344714378043724,2.337435171030398e-10,4.664755571619672e-13,17.63194180671818,0.32153131545472496,1.4772487269221134e-12,17.687576839205313,0.3054704919444455,1.7328408445325256e-10,4.9322216241796516e-11
hot_compact,100,5180.0,57.85129849624645,0.3667580883359311,3.667580883359311,2.2955678446433648e-10,4.581202091098268e-13,17.65156541125419,0.3157721582833794,1.4507887611564689e-12,17.70720044374132,0.2999990106617334,1.701802801589566e-10,4.8438773846850075e-11
hot_compact,100,5190.0,57.96298053967549,0.35995109908014494,3.5995109908014493,2.2529623612160895e-10,4.4961754907193067e-13,17.671905902239168,0.30991146220857985,1.423862283394479e-12,17.7275409347263,0.2944310624493672,1.6702175312048085e-10,4.75397556012403e-11
hot_compact,100,5200.0,58.07466258310454,0.353788775761949,3.5378877576194903,2.2143918928135238e-10,4.4192014596912993e-13,17.69065453608554,0.3046058119826893,1.3994859173456347e-12,17.74628956857267,0.28939043496866335,1.6416235903464388e-10,4.6725880201966605e-11
hot_compact,100,5210.0,58.18634462653359,0.35020321509914015,3.5020321509914014,2.1919495854061868e-10,4.374413959350818e-13,17.70171434000077,0.30151870834364397,1.3853024779683326e-12,17.7573493724879,0.2864575353661192,1.62498614627827e-10,4.625232510506884e-11
hot_compact,100,5220.0,58.29802666996264,0.3470113409352975,3.470113409352975,2.1719713928926686e-10,4.3345440258470617e-13,17.711655490889648,0.29877056174309147,1.3726763483444724e-12,17.76729052337678,0.28384666154557386,1.610175456160992e-10,4.583076529306447e-11
hot_compact,100,5229.38,58.402784426699085,0.34156141806333257,3.415614180633326,2.1378598951546556e-10,4.266468640868772e-13,17.728842642317183,0.2940782755673002,1.3511180321047656e-12,17.784477674804315,0.2793887599429385,1.5848871413100817e-10,4.511097862748428e-11
hot_compact,100,5240.0,58.52139075682073,0.3337645271175908,3.337645271175908,2.08905853885889e-10,4.1690771061196316e-13,17.753914218515597,0.2873652918318688,1.320275789995346e-12,17.80954925100273,0.27301109672473156,1.548708604892916e-10,4.4081221277229445e-11
hot_compact,100,5250.0,58.63307280024978,0.3272259534287584,3.272259534287584,2.0481330896669777e-10,4.087403304208431e-13,17.77539530776881,0.2817356967623079,1.294411086466128e-12,17.831030340255943,0.26766270578211143,1.5183688158713775e-10,4.321765343164666e-11
hot_compact,100,5260.0,58.74475484367883,0.32000391455263427,3.200039145526343,2.0029297778817728e-10,3.997192288682066e-13,17.79962643469323,0.27551765038337883,1.2658427926306586e-12,17.855261467180377,0.26175525728485205,1.4848576640155544e-10,4.2263818413526185e-11
hot_compact,100,5270.0,58.85643688710787,0.31307468474424927,3.1307468474424924,1.959559181180158e-10,3.910638772624915e-13,17.823394782363145,0.2695517073778326,1.2384327666511703e-12,17.879029814850277,0.25608731933535755,1.4527051823776674e-10,4.134865551379544e-11
hot_compact,100,5280.0,58.96811893053692,0.30555936011473267,3.0555936011473266,1.9125201706982056e-10,3.816764303313993e-13,17.849775682494133,0.2630811472076939,1.2087043193293531e-12,17.905410714981265,0.24993997037330368,1.4178331484236355e-10,4.035608542006821e-11
hot_compact,100,5290.0,59.079800973965966,0.29852042553369706,2.9852042553369706,1.868462923159132e-10,3.7288404569223415e-13,17.875079532134883,0.2570207503538602,1.1808603330466883e-12,17.930714564622015,0.24418229664344948,1.3851716230989642e-10,3.9426433501986286e-11
hot_compact,100,5300.0,59.191483017395015,0.2909277462030886,2.909277462030886,1.8209397434928975e-10,3.63399974438552e-13,17.90305180589808,0.25048358916879093,1.1508258929341573e-12,17.958686838385212,0.2379716734564074,1.349940653783393e-10,3.84236469549855e-11
hot_compact,100,5310.0,59.303165060824064,0.28268371489031485,2.8268371489031487,1.7693397003208373e-10,3.531022946626215e-13,17.93426268728623,0.24338562556994622,1.118214893052843e-12,17.98989771977336,0.23122826051923687,1.3116873308692984e-10,3.733483451690771e-11
hot_compact,100,5320.0,59.414847104253106,0.2734564545223601,2.734564545223601,1.711585548828403e-10,3.415764562865463e-13,17.970294215472215,0.23544111932973769,1.0817145238344506e-12,18.025929247959347,0.22368059062580795,1.2688717037718024e-10,3.6116164247855665e-11
hot_compact,100,5330.0,59.526529147682155,0.2650326941564253,2.650326941564253,1.658860567316041e-10,3.3105427563650875e-13,18.004266033809436,0.22818841222876493,1.0483925678797135e-12,18.059901066296554,0.2167901637853309,1.2297844158657308e-10,3.500361448744838e-11
hot_compact,100,5340.0,59.6382111911112,0.2589464723893351,2.589464723893351,1.620766424533009e-10,3.2345193153748975e-13,18.02948966462474,0.22294828407806672,1.0243172375232288e-12,18.085124697111873,0.2118117854840388,1.2015435955982783e-10,3.419979003439956e-11
hot_compact,100,5350.0,59.74989323454025,0.251871129130367,2.51871129130367,1.5764812922028817e-10,3.146140685525749e-13,18.05956868944252,0.21685654000333562,9.963292290569152e-13,18.115203721929653,0.2060243303595634,1.1687131295138032e-10,3.326532951966355e-11
hot_compact,100,5360.0,59.861575277969294,0.24401702697759323,2.4401702697759324,1.5273218464432626e-10,3.0480345214074817e-13,18.093964333395895,0.21009429844129576,9.652606759844546e-13,18.149599365883027,0.1995998697944016,1.1322691260339987e-10,3.2228016124137825e-11
hot_compact,100,5370.0,59.97325732139834,0.23706935021781295,2.3706935021781295,1.4838357888157636e-10,2.961250583131997e-13,18.125326138826573,0.2041124729403361,9.377776792086484e-13,18.180961171313704,0.19391684269665288,1.1000310482645917e-10,3.131041688357312e-11
hot_compact,100,5380.0,60.08493936482739,0.23150124531328545,2.3150124531328546,1.4489845804008953e-10,2.891698977745966e-13,18.151131333302764,0.19931843414700362,9.157518690811032e-13,18.206766365789896,0.18936227112551696,1.0741943541944937e-10,3.05750215840456e-11
hot_compact,100,5390.0,60.19662140825644,0.22730803716566755,2.2730803716566754,1.4227389593888466e-10,2.839321308254237e-13,18.170977682707267,0.19570815688519183,8.991647522669766e-13,18.2266127151944,0.18593233096661888,1.0547373507903092e-10,3.002121277214779e-11
hot_compact,100,5400.0,60.30830345168548,0.2239884488638458,2.239884488638458,1.401961393997742e-10,2.7978560881171924e-13,18.18695060658606,0.19285005069472008,8.860334225073498e-13,18.24258563907319,0.18321699015199827,1.0393340513080909e-10,2.958278539418275e-11
hot_compact,100,5410.0,60.41998549511453,0.22027275479651226,2.2027275479651225,1.3787045713324154e-10,2.751443081908156e-13,18.20511270408334,0.1896509045205041,8.713352130765991e-13,18.260747736570487,0.18017764465540836,1.0220927721795824e-10,2.9092043211976816e-11
hot_compact,100,5420.0,60.53166753854358,0.21685421934272064,2.168542193427206,1.3573076879014234e-10,2.7087419056629055e-13,18.222094970560015,0.18670760660085936,8.578124770451223e-13,18.277730003047147,0.17738136752706268,1.0062303456984324e-10,2.8640547604927027e-11
hot_compact,100,5430.0,60.64334958197263,0.21281914093273963,2.128191409327396,1.3320518134077086e-10,2.658339446283145e-13,18.242487947740464,0.18323347621659555,8.418508756687308e-13,18.298122980227596,0.17408077356762408,9.875070837960269e-11,2.8107623432914352e-11
hot_compact,100,5440.0,60.75503162540167,0.2088863965058118,2.088863965058118,1.3074364553971533e-10,2.609215248166226e-13,18.26273926730719,0.17984745356252815,8.262940778869145e-13,18.31837429979432,0.170863886265651,9.692586642068418e-11,2.7588214798307965e-11
hot_compact,100,5450.0,60.86671366883072,0.20657676008820822,2.065767600882082,1.2929802586241677e-10,2.5803654108415456e-13,18.27481100782976,0.17785889789155254,8.171578252354177e-13,18.330446040316893,0.1689746610179865,9.58541666133357e-11,2.72831746106236e-11
hot_compact,100,5460.0,60.97839571225977,0.20411812037928595,2.0411812037928594,1.2775914384812409e-10,2.549654362512994e-13,18.28781076099778,0.1757420530501744,8.074321587242259e-13,18.343445793484925,0.1669635547773663,9.47133274395556e-11,2.6958455138527624e-11
hot_compact,100,5470.0,61.09007775568882,0.201740421589159,2.01740421589159,1.2627092339424732e-10,2.519954353117825e-13,18.30053235203622,0.17369489689306616,7.980266710421878e-13,18.356167384523353,0.16501865619877973,9.361004585121124e-11,2.6644425761579312e-11
hot_compact,100,5480.0,61.201759799117866,0.19975055698063188,1.9975055698063189,1.2502545141808608e-10,2.4950988088353576e-13,18.311294664782416,0.17198165903380785,7.901553430412907e-13,18.366929697269548,0.16339099635188317,9.268672411045834e-11,2.6381618737484427e-11
hot_compact,100,5490.0,61.31344184254691,0.1997327605403083,1.997327605403083,1.2501431248551578e-10,2.494876512198372e-13,18.311391400935044,0.17196633661679933,7.900849454783434e-13,18.367026433422176,0.1633764393055353,9.267846634247335e-11,2.6379268311480127e-11
hot_compact,100,5500.0,61.42512388597596,0.20000475438716145,2.0000475438716143,1.2518455558270547e-10,2.498274007221925e-13,18.309913863293225,0.17220051845706982,7.911608743499018e-13,18.365548895780357,0.16359892351940017,9.280467484483792e-11,2.6415191305013083e-11
hot_compact,100,5510.0,61.536805929405006,0.20302154972908573,2.0302154972908575,1.2707279161649354e-10,2.535957018362992e-13,18.293659315792716,0.1747979253214718,8.030944428681348e-13,18.349294348279834,0.16606658721034312,9.420450512206597e-11,2.6813627963827424e-11
hot_compact,100,5520.0,61.648487972834054,0.20408303284936477,2.0408303284936475,1.2773718228599457e-10,2.5492160816118814e-13,18.287997413099895,0.17571184331409934,8.072933626194222e-13,18.343632445587026,0.1669348540490179,9.469704639256041e-11,2.6953821029612927e-11
hot_compact,100,5530.0,61.760170016263096,0.20456309753974647,2.0456309753974646,1.280376585676736e-10,2.5552126047517463e-13,18.285446434069435,0.17612517043139694,8.091923594775251e-13,18.341081466556567,0.167327535047061,9.491980233469725e-11,2.7017224525565162e-11
hot_compact,100,5540.0,61.871852059692145,0.2033312881410627,2.0333128814106267,1.272666593351337e-10,2.539825983508602e-13,18.29200413220999,0.17506460455763262,8.043196783061137e-13,18.34763916469712,0.1663199455413853,9.434822756855757e-11,2.6854535988398896e-11
hot_compact,100,5550.0,61.983534103121194,0.20153420627585336,2.0153420627585334,1.261418516007811e-10,2.517378502565166e-13,18.30164273903147,0.17351734919439354,7.972109429957262e-13,18.357277771518604,0.1648499771922561,9.351435940036661e-11,2.6617190324263415e-11
hot_compact,100,5560.0,62.09521614655024,0.20132620664029022,2.013262066402902,1.2601166298591983e-10,2.514780363912756e-13,18.302763885452087,0.1733382652261519,7.963881566872667e-13,18.35839891793922,0.16467983865442576,9.341784500196929e-11,2.6589719226480725e-11
hot_compact,100,5570.0,62.206898189979285,0.19863969143847984,1.9863969143847984,1.2433015190066934e-10,2.481222906145041e-13,18.31734958238342,0.17102522365865483,7.857610807333411e-13,18.372984614870553,0.16248233591814631,9.217126878665043e-11,2.623490359613688e-11
hot_compact,100,5580.0,62.31858023340833,0.1946446394541748,1.9464463945417478,1.21829617307292e-10,2.431320419774295e-13,18.33940854300669,0.1675855553114286,7.699578123027432e-13,18.395043575493837,0.1592144825811643,9.031751535199979e-11,2.5707265826913607e-11
hot_compact,100,5590.0,62.43026227683738,0.19105470275007094,1.9105470275007095,1.19582647567746e-10,2.3864782579821137e-13,18.359620331760247,0.16449468397904976,7.557570625736563e-13,18.41525536424738,0.15627800348548604,8.865174040800531e-11,2.5233132773915152e-11
hot_compact,100,5600.0,62.54194432026643,0.1877419447462893,1.8774194474628931,1.1750916616613053e-10,2.345098355597177e-13,18.378611381592954,0.16164245855309947,7.426527514945906e-13,18.434246414080086,0.1535682496850847,8.711457980238561e-11,2.4795607492652528e-11
hot_compact,100,5610.0,62.65362636369548,0.18473336348970495,1.8473336348970495,1.1562607139323874e-10,2.307517947196534e-13,18.396151318142877,0.15905212386934905,7.307516755186446e-13,18.45178635063001,0.15110730491201663,8.571856096214795e-11,2.4398255691227283e-11
hot_compact,100,5620.0,62.76530840712452,0.18167655583016332,1.816765558301633,1.1371279133380182e-10,2.269335139271244e-13,18.414267442035886,0.1564202671146958,7.186598298620111e-13,18.469902474523018,0.14860691213865876,8.43001644756433e-11,2.399453449291458e-11
hot_compact,100,5630.0,62.87699045055357,0.18057250926887228,1.8057250926887227,1.1302175987036824e-10,2.2555444129693235e-13,18.420885579391374,0.1554697027601753,7.142925414671404e-13,18.47652061187852,0.1477038294619696,8.37878732431267e-11,2.3848719953577727e-11
hot_compact,100,5640.0,62.98867249398262,0.17745895165857822,1.7745895165857823,1.1107295956849489e-10,2.2166527372608143e-13,18.43976988322445,0.15278898531232546,7.019762094436995e-13,18.495404915711582,0.14515701663784192,8.234314407896562e-11,2.343750362941031e-11
hot_compact,100,5650.0,63.10035453741167,0.17410039946267536,1.7410039946267535,1.0897081522030827e-10,2.1747008162745753e-13,18.460515243246526,0.1498973319055266,6.886907498054917e-13,18.516150275733672,0.1424098043252295,8.078473440292948e-11,2.2993930180196634e-11
hot_compact,100,5660.0,63.21203658084071,0.17086532722604555,1.7086532722604555,1.0694595795398297e-10,2.134291292485893e-13,18.48087980560272,0.14711199253646662,6.758937411185751e-13,18.53651483808985,0.13976359555363388,7.928362095220212e-11,2.2566665077034674e-11
hot_compact,100,5670.0,63.32371862426976,0.17010252673865825,1.7010252673865824,1.0646851510366451e-10,2.1247630958378925e-13,18.485737750292948,0.14645523495182877,6.728763233456573e-13,18.54137278278008,0.13913964369319426,7.892967211023395e-11,2.2465919867933857e-11
hot_compact,100,5680.0,63.43540066769881,0.16745116076790317,1.6745116076790318,1.0480900419977078e-10,2.091644689684667e-13,18.502794256181566,0.1441724562439804,6.623882875683498e-13,18.558429288668712,0.13697089215525912,7.769940557199817e-11,2.21157464955473e-11
hot_compact,100,5690.0,63.54708271112786,0.16505342544317653,1.6505342544317654,1.0330824272062203e-10,2.06169440247116e-13,18.518453307426334,0.14210804898873336,6.529035411592806e-13,18.57408833991345,0.13500960418882216,7.65868267842735e-11,2.1799070837033517e-11
hot_compact,100,5700.0,63.6587647545569,0.1625930858572062,1.625930858572062,1.0176829673985786e-10,2.0309621208541416e-13,18.53475947814716,0.13998974058360206,6.431711504268785e-13,18.59039451063429,0.1329971074909799,7.544519884656024e-11,2.1474126857387428e-11
hot_compact,100,5710.0,63.77044679798595,0.15955859509042383,1.5955859509042383,9.986898499987724e-11,1.993058074867653e-13,18.555214152942234,0.13737709827470176,6.311675839336195e-13,18.610849185429366,0.13051496938183194,7.403715767377011e-11,2.1073353113965867e-11
hot_compact,100,5720.0,63.882128841414996,0.15679282560938265,1.5679282560938266,9.813786803523687e-11,1.958510646104648e-13,18.57419919536914,0.1349958201894514,6.202270010081005e-13,18.629834227856257,0.128252638612808,7.275380649459296e-11,2.0708070147712747e-11
hot_compact,100,5730.0,63.993810884844045,0.1538114027547865,1.538114027547865,9.627177192067021e-11,1.921269475288495e-13,18.595043329875033,0.13242886840435836,6.084333558036318e-13,18.650678362362164,0.1258139087382977,7.137038948811441e-11,2.0314305232940548e-11
hot_compact,100,5740.0,64.1054929282731,0.1506614275971164,1.506614275971164,9.430017758823665e-11,1.8819229053336204e-13,18.61750946647991,0.12971679609917872,5.959729665115925e-13,18.67314449896704,0.12323730726456414,6.990876213244164e-11,1.9898279140706633e-11
hot_compact,100,5746.75,64.18087830758769,0.14841730333709183,1.4841730333709182,9.289556248783892e-11,1.8538913851581408e-13,18.633803321131616,0.12778464522485367,5.870958609790211e-13,18.689438353618748,0.12140166933531221,6.886746077487569e-11,1.9601891328214835e-11
hot_compact,100,5760.0,64.32885701513118,0.14503850624891834,1.4503850624891834,9.078074670166836e-11,1.8116865837426664e-13,18.65880636641503,0.12487556132768576,5.737303184111899e-13,18.71444139890216,0.11863789720344758,6.729965721892806e-11,1.915564407905118e-11
hot_compact,100,5770.0,64.44053905856023,0.14531410546657378,1.4531410546657377,9.095324642892159e-11,1.8151291137164607e-13,18.656745230221297,0.1251128473277713,5.748205090852991e-13,18.71238026270843,0.1188633305211173,6.742753865784871e-11,1.9192043244061963e-11
hot_compact,100,5780.0,64.55222110198928,0.14621739921349805,1.4621739921349806,9.15186251201224e-11,1.8264122219392717e-13,18.65001702522583,0.12589056709756385,5.783936774972262e-13,18.70565205771296,0.11960220237979602,6.784667810645606e-11,1.931134379370509e-11
hot_compact,100,5790.0,64.66390314541833,0.14707739913502596,1.4707739913502595,9.205690586403528e-11,1.8371545438243158e-13,18.64364980881296,0.12663101165756402,5.817955880765105e-13,18.69928484130009,0.12030566096416737,6.824572868567123e-11,1.9424926405873806e-11
hot_compact,100,5800.0,64.77558518884737,0.148297089955381,1.48297089955381,9.28203199826761e-11,1.8523897910196982e-13,18.634683089898566,0.12768114365200597,5.866203316623589e-13,18.690318122385698,0.12130333777364118,6.881168028187762e-11,1.9586014408263386e-11
hot_compact,100,5810.0,64.88726723227641,0.15076541353374306,1.5076541353374306,9.436526320734278e-11,1.8832218012693043e-13,18.616760354023718,0.12980632613187326,5.963843047559944e-13,18.67239538651085,0.12332236517903924,6.995701289061307e-11,1.9912012856274746e-11
hot_compact,100,5820.0,64.99894927570547,0.1521622847518642,1.521622847518642,9.523957593647055e-11,1.900670221764915e-13,18.60674711051204,0.13100900728170528,6.019099226727747e-13,18.66238214299917,0.1244649711549826,7.060517837845392e-11,2.0096501572896503e-11
hot_compact,100,5830.0,65.11063131913451,0.15372745672560836,1.5372745672560837,9.621922943792874e-11,1.92022089930165e-13,18.595636056566825,0.1323565923737651,6.081012896282738e-13,18.651271089053942,0.12574524297057957,7.133143749436674e-11,2.0303218244399543e-11
hot_compact,100,5840.0,65.22231336256357,0.15559445315277032,1.5559445315277032,9.738779724885359e-11,1.9435416881491289e-13,18.5825293857063,0.13396404292512767,6.154865866940739e-13,18.638164418193433,0.12727239969559925,7.219774688231177e-11,2.054979772167433e-11
hot_compact,100,5850.0,65.33399540599261,0.1586919621454242,1.5869196214542418,9.932655259418001e-11,1.9822328994015554e-13,18.56112733718671,0.1366309428000572,6.277394350348232e-13,18.616762369673843,0.12980608514894043,7.363502928978765e-11,2.0958894459702684e-11
hot_compact,100,5860.0,65.44567744942165,0.1617116835164477,1.6171168351644771,1.0121662005269362e-10,2.0199524597859906e-13,18.54066116618224,0.13923086892321104,6.3968457807661e-13,18.59629619866937,0.13227614225904127,7.503621728063593e-11,2.1357717567422485e-11
hot_compact,100,5870.0,65.55735949285071,0.16403743659580647,1.6403743659580647,1.0267232727588814e-10,2.0490036115107685e-13,18.52515722726782,0.14123330075187368,6.488845835736073e-13,18.58079225975495,0.13417855053588898,7.611539541797888e-11,2.1664886328023854e-11
hot_compact,100,5880.0,65.66904153627975,0.1652388555447993,1.6523885554479931,1.0342430488591621e-10,2.0640106234253078e-13,18.517234216290852,0.14226770099168115,6.536370489290344e-13,18.572869248777984,0.13516128140822894,7.667286864032976e-11,2.182356111289262e-11
hot_compact,100,5890.0,65.78072357970879,0.16716797212411205,1.6716797212411205,1.0463175419075131e-10,2.088107359634231e-13,18.504631976781035,0.14392863588365243,6.612680753228247e-13,18.560267009268166,0.136739250875435,7.756800254566854e-11,2.207834497364813e-11
hot_compact,100,5900.0,65.89240562313785,0.16847473145118877,1.6847473145118876,1.0544966517549215e-10,2.1044301859117053e-13,18.496177730251127,0.1450537323060386,6.664372367007267e-13,18.55181276273826,0.13780814756173504,7.81743550037459e-11,2.2250932358983593e-11
hot_compact,100,5910.0,66.00408766656689,0.16912327592068013,1.6912327592068013,1.0585559428171599e-10,2.1125312022881533e-13,18.49200620635728,0.14561211750158598,6.690026907626053e-13,18.547641238844413,0.1383386408361992,7.847528764306234e-11,2.2336587453953287e-11
hot_compact,100,5920.0,66.11576970999594,0.1700808076669428,1.700808076669428,1.0645492096512167e-10,2.12449180132545e-13,18.485876388375083,0.1464365352193086,6.727904089891656e-13,18.5415114208622,0.139121878031756,7.891959419286314e-11,2.2463051368951976e-11
hot_compact,100,5930.0,66.22745175342499,0.17068819922218362,1.7068819922218361,1.068350921372545e-10,2.132078773641752e-13,18.482005920773652,0.14695948849129153,6.751930740427515e-13,18.537640953260784,0.13961870924407718,7.920143137198593e-11,2.2543271282613014e-11
hot_compact,100,5940.0,66.33913379685403,0.1702472184746643,1.702472184746643,1.0655907880413209e-10,2.1265704508891833e-13,18.48481459951652,0.1465798119501759,6.734486819414344e-13,18.54044963200365,0.13925799794094842,7.899681086177976e-11,2.248502971309012e-11
hot_compact,100,5950.0,66.45081584028308,0.1703727216182391,1.703727216182391,1.066376322130287e-10,2.1281381198297454e-13,18.48401450946354,0.1466878679134343,6.739451360237813e-13,18.539649541950673,0.1393606563964939,7.90550458695782e-11,2.2501605266791664e-11
hot_compact,100,5960.0,66.56249788371213,0.1700389212270349,1.700389212270349,1.0642870391152772e-10,2.1239685947426984e-13,18.48614380964272,0.14640047174326493,6.726247183658478e-13,18.54177884212985,0.13908761596383673,7.890015836771003e-11,2.245751930884349e-11
hot_compact,100,5970.0,66.67417992714118,0.17010426700499584,1.7010426700499583,1.0646960435011134e-10,2.1247848336319272e-13,18.48572664251848,0.1464567332900383,6.728832073351977e-13,18.54136167500561,0.13914106718785235,7.893047961529602e-11,2.2466149709811213e-11
hot_compact,100,5980.0,66.78586197057022,0.16930838554768246,1.6930838554768246,1.0597145585941384e-10,2.1148434201703905e-13,18.49081849098186,0.14577149358161404,6.697349308275902e-13,18.54645352346899,0.13849005591532296,7.856118079493885e-11,2.2361035403826522e-11
hot_compact,100,5990.0,66.89754401399927,0.16741171115174422,1.6741171115174422,1.0478431237340946e-10,2.0911519216454935e-13,18.503050073594117,0.14413849082962657,6.622322363139248e-13,18.55868510608125,0.13693862334866683,7.768110046314411e-11,2.211053627361562e-11
hot_compact,100,6000.0,67.00922605742832,0.16552477993774953,1.6552477993774952,1.0360326722194369e-10,2.0675821259184714e-13,18.5153571142804,0.14251387678313382,6.547680830057873e-13,18.57099214676753,0.13539516046294406,7.680554108803861e-11,2.1861323952889564e-11
hot_compact,100,6010.0,67.12090810085736,0.16380712311474702,1.63807123114747,1.025281722488765e-10,2.0461267489831414e-13,18.526682704623234,0.14103500496151802,6.479735301558627e-13,18.582317737110365,0.13399015982643417,7.600852711983466e-11,2.163446817781062e-11
hot_compact,100,6020.0,67.2325901442864,0.16274572204094606,1.6274572204094606,1.0186383293291419e-10,2.0328687105828074e-13,18.533740708550788,0.14012115760944155,6.437749349566768e-13,18.58937574103792,0.13312196009974148,7.551602391991883e-11,2.1494285948134594e-11
hot_compact,100,6030.0,67.34427218771546,0.16166422952736215,1.6166422952736215,1.0118691822609202e-10,2.019359708539478e-13,18.540979820184,0.13919001188684496,6.394968638414591e-13,18.59661485267113,0.13223732607412164,7.501419804393993e-11,2.1351450185410883e-11
hot_compact,100,6040.0,67.4559542311445,0.1603926808921468,1.603926808921468,1.0039104589151191e-10,2.0034767015879142e-13,18.54955329597886,0.13809523124076284,6.34466985761321e-13,18.605188328465992,0.13119723085957935,7.442418378151831e-11,2.1183513175334495e-11
hot_compact,100,6050.0,67.56763627457356,0.15822012335799487,1.5822012335799487,9.903122497013424e-11,1.976339126616775e-13,18.56436036524901,0.13622469803816423,6.25872977466059e-13,18.61999539773614,0.1294201327352858,7.341609026815924e-11,2.0896577381924907e-11
hot_compact,100,6060.0,67.6793183180026,0.1557573024251845,1.557573024251845,9.748972589478307e-11,1.9455758503149936e-13,18.58139361971859,0.13410425323775754,6.161307712443125e-13,18.637028652205707,0.12740560635733345,7.227331095488309e-11,2.0571305683811953e-11
hot_compact,100,6070.0,67.79100036143164,0.15321978617961643,1.5321978617961642,9.590147443316816e-11,1.9138795494013934e-13,18.599227532347832,0.1319194971082397,6.060930920017753e-13,18.654862564834964,0.1253299810680249,7.109587209446688e-11,2.0236168765333963e-11
hot_compact,100,6080.0,67.9026824048607,0.1504736107493566,1.5047361074935661,9.41826215396827e-11,1.879576871359006e-13,18.618863806240817,0.12955508915046984,5.952300174654731e-13,18.67449883872795,0.12308367774607364,6.982161279671639e-11,1.987347364056199e-11
hot_compact,100,6090.0,68.01436444828974,0.14835213107964743,1.4835213107964742,9.28547706571172e-11,1.8530773137263677e-13,18.63428018884361,0.1277285330761433,5.868380584065718e-13,18.689915221330743,0.12134836004677099,6.883722004295127e-11,1.9593283844590514e-11
hot_compact,100,6100.0,68.1260464917188,0.14680318031113815,1.4680318031113815,9.188527013614474e-11,1.833729256449978e-13,18.645676001847484,0.12639491415183793,5.807108578402967e-13,18.701311034334616,0.12008135677432816,6.811848776649798e-11,1.9388709553356337e-11
hot_compact,100,6110.0,68.23772853514784,0.14647008931728106,1.4647008931728105,9.167678585204673e-11,1.8295685924970495e-13,18.64814229621843,0.12610812876010397,5.79393246352782e-13,18.703777328705563,0.11980889661108851,6.796392943375547e-11,1.9344717287514094e-11
hot_compact,100,6120.0,68.34941057857688,0.1463712468505068,1.4637124685050678,9.161491957134882e-11,1.8283339440192748e-13,18.648875231330827,0.12602302716301314,5.790022541852426e-13,18.70451026381796,0.11972804592725443,6.791806530908527e-11,1.9331662884498018e-11
hot_compact,100,6130.0,68.46109262200594,0.14783252245984688,1.4783252245984688,9.252954351766252e-11,1.8465868444735055e-13,18.63808969391318,0.12728115934246093,5.847826372181067e-13,18.693724726400312,0.12092333309623053,6.859611522944359e-11,1.9524657670488695e-11
hot_compact,100,6140.0,68.57277466543498,0.15020730763503065,1.5020730763503065,9.401594031693212e-11,1.8762504596914367e-13,18.6207870078182,0.1293258069291838,5.941765994833967e-13,18.676422040305333,0.12286584841013069,6.96980448644894e-11,1.983830223810411e-11
hot_compact,100,6150.0,68.68445670886402,0.1519078492496294,1.5190784924962941,9.508032274586854e-11,1.8974920493074883e-13,18.60856412487903,0.130789942862297,6.00903449526521e-13,18.664199157366163,0.12425684923108994,7.04871171647281e-11,2.0062897559397357e-11
hot_compact,100,6160.0,68.79613875229307,0.1526633178623392,1.526633178623392,9.555317651791282e-11,1.9069286629729385e-13,18.60317792030589,0.13144038783389425,6.038918645269883e-13,18.65881295279302,0.1248748038000737,7.083766392634305e-11,2.0162674427156372e-11
hot_compact,100,6170.0,68.90782079572212,0.15327880269817498,1.5327880269817498,9.593841333829785e-11,1.9146167290487642e-13,18.59880941380508,0.1319703092758027,6.063265442542829e-13,18.65444444629221,0.1253782551149876,7.112325648756336e-11,2.0243963243183542e-11
hot_compact,100,6180.0,69.01950283915117,0.1540945236717968,1.540945236717968,9.644897953896258e-11,1.9248059593587608e-13,18.593046650433855,0.13267263045313862,6.0955330014163e-13,18.648681682920987,0.12604549461929657,7.150176108838172e-11,2.035169780997299e-11
hot_compact,100,6190.0,69.13118488258021,0.15498564489919459,1.549856448991946,9.700673935404262e-11,1.9359370197503662e-13,18.586785975316836,0.13343986990120177,6.130783175922405e-13,18.642421007803968,0.12677440965921286,7.191525233767422e-11,2.0469390700673508e-11
hot_compact,100,6200.0,69.24286692600926,0.15546147850210404,1.5546147850210403,9.730456736465193e-11,1.9418806920673262e-13,18.583457677930603,0.1338495541278161,6.149605774938933e-13,18.639092710417735,0.12716362973274994,7.213604500299643e-11,2.0532235384984734e-11
hot_compact,100,6210.0,69.35454896943831,0.15558207279971845,1.5558207279971845,9.738004828808761e-11,1.9433870442541652e-13,18.58261577909669,0.13395338366244794,6.154376136035327e-13,18.638250811583823,0.12726227287417302,7.21920022456757e-11,2.0548162613572572e-11
hot_compact,100,6220.0,69.46623101286735,0.15553899084611883,1.5553899084611884,9.735308295303083e-11,1.9428489044224996e-13,18.582916470001685,0.13391629087048543,6.152671938743469e-13,18.638551502488816,0.12722703290573525,7.217201168741251e-11,2.054247265860318e-11
hot_compact,100,6230.0,69.5779130562964,0.15520700904181073,1.5520700904181073,9.714529291943289e-11,1.9387020954373087e-13,18.585236337684726,0.13363046047112648,6.139539700193967e-13,18.640871370171872,0.12695548003200854,7.20179680323123e-11,2.049862688654915e-11
hot_compact,100,6240.0,69.68959509972545,0.15453841807225863,1.5453841807225863,9.672681655047631e-11,1.9303506767632205e-13,18.589923506473475,0.13305481559735652,6.113092178100099e-13,18.645558538960607,0.12640858921819428,7.170773356951864e-11,2.0410324193847476e-11
hot_compact,100,6250.0,69.8012771431545,0.15420710039065083,1.5420710039065084,9.651944219652233e-11,1.9262121633832263e-13,18.59225373456598,0.13276955699577142,6.099986210320904e-13,18.64788876705311,0.1261375795803481,7.155399807554915e-11,2.0366566134349242e-11
hot_compact,100,6260.0,69.91295918658355,0.153883676393393,1.5388367639339302,9.631700856195418e-11,1.9221722505914687e-13,18.59453327877025,0.1324910947153126,6.087192493829499e-13,18.65016831125738,0.1258730267803217,7.140392534855574e-11,2.0323850615978816e-11
hot_compact,100,6260.25,69.91575123766927,0.15387621935221854,1.5387621935221854,9.631234114098087e-11,1.922079104145055e-13,18.594585893680097,0.13248467433615543,6.086897514880936e-13,18.65022092616723,0.12586692710577882,7.140046518940292e-11,2.0322865743545173e-11
hot_compact,100,6280.0,70.13632327344163,0.15264134564393464,1.5264134564393463,9.553942393285769e-11,1.9066542063866972e-13,18.603334197205093,0.13142147014659972,6.038049487955218e-13,18.658969229692225,0.12485683107092867,7.082746854578371e-11,2.0159772494378173e-11
hot_compact,100,6290.0,70.24800531687069,0.1525269456713594,1.525269456713594,9.54678200863922e-11,1.9052252279667224e-13,18.604148228029395,0.13132297381510352,6.033524156414697e-13,18.65978326051654,0.12476325473359956,7.077438554638385e-11,2.0144663367747047e-11
hot_compact,100,6300.0,70.35968736029973,0.15304265330686526,1.5304265330686526,9.579060556896347e-11,1.9116669697396013e-13,18.60048344603262,0.13176698887103802,6.053924056660364e-13,18.65611847851975,0.1251850907758377,7.1013680255026e-11,2.021277432786439e-11
hot_compact,100,6310.0,70.47136940372879,0.15356205237787035,1.5356205237787035,9.611570155017188e-11,1.9181548215031415e-13,18.596804892474246,0.1322141821869532,6.074469979401653e-13,18.652439924961378,0.125609946320666,7.125468783530595e-11,2.0281372826266514e-11
hot_compact,100,6320.0,70.58305144715783,0.15447243058557336,1.5447243058557336,9.668551446133336e-11,1.9295264222434077e-13,18.59038721190489,0.132998001550842,6.110481904268258e-13,18.646022244392007,0.126354613092374,7.167711456116348e-11,2.04016090406009e-11
hot_compact,100,6330.0,70.69473349058687,0.15554192398576627,1.5554192398576627,9.735491882830464e-11,1.9428855424842454e-13,18.58289599548359,0.13391881625129218,6.152787965251695e-13,18.63853102797072,0.12722943214114502,7.217337270041485e-11,2.0542860046618772e-11
hot_compact,100,6340.0,70.80641553401593,0.1559917229108429,1.5599172291084291,9.763645152841386e-11,1.9485040137372842e-13,18.57976077511794,0.13430608508566047,6.170580707826025e-13,18.63539580760507,0.1275973564945845,7.238208495385704e-11,2.060226625769158e-11
hot_compact,100,6350.0,70.91809757744497,0.15659836311264427,1.5659836311264428,9.801615242249412e-11,1.9560816008428512e-13,18.575546616789204,0.13482839145576248,6.194577636996215e-13,18.63118164927635,0.1280935731184463,7.266357349570942e-11,2.068238693798739e-11
hot_compact,100,6360.0,71.02977962087401,0.15682251541846576,1.5682251541846575,9.815645112125794e-11,1.9588815036802038e-13,18.57399362315048,0.13502138258436877,6.203444452927898e-13,18.62962865563761,0.1282769241395215,7.276758293249117e-11,2.071199136443153e-11
hot_compact,100,6370.0,71.14146166430307,0.15594105636890773,1.5594105636890774,9.760473893960814e-11,1.9478711342582922e-13,18.580113482515735,0.134262462098715,6.168576486189368e-13,18.635748515002867,0.12755591252119278,7.235857505298387e-11,2.0595574584775695e-11
hot_compact,100,6380.0,71.25314370773211,0.15472491886034295,1.5472491886034296,9.684354886688398e-11,1.9326802717402257e-13,18.58861400315896,0.13321538944220926,6.120469609052671e-13,18.64424903564609,0.12656114223254442,7.179427223730934e-11,2.043495587828357e-11
hot_compact,100,6390.0,71.36482575116116,0.15383517230219382,1.5383517230219381,9.628664946814503e-11,1.9215663824426928e-13,18.594875556460103,0.13244933355979716,6.085273812480134e-13,18.650510588947235,0.12583335163794424,7.138141885151682e-11,2.0317444544023033e-11
hot_compact,100,6400.0,71.4765077945902,0.1532613520954911,1.532613520954911,9.592749086823794e-11,1.9143987522950162e-13,18.598933030570144,0.1319552846188201,6.062575147248619e-13,18.654568063057276,0.12536398095524276,7.111515919251212e-11,2.0241658492930504e-11
hot_compact,100,6410.0,71.58818983801925,0.1523990242152691,1.523990242152691,9.538775303659017e-11,1.903627351707752e-13,18.60505919644867,0.13121283572799639,6.028463954153074e-13,18.660694228935803,0.12465861815845644,7.071502841172714e-11,2.0127768420699433e-11
hot_compact,100,6420.0,71.6998718814483,0.15220445622612552,1.5220445622612553,9.526597139531776e-11,1.9011969887326111e-13,18.606446242575153,0.1310453161672323,6.020767408094307e-13,18.662081275062285,0.12449946637392637,7.062474646306542e-11,2.0102071278294962e-11
hot_compact,100,6430.0,71.81155392487734,0.1530216590712463,1.530216590712463,9.577746511105881e-11,1.9114047292078248e-13,18.600632396438236,0.13174891320944052,6.053093585511842e-13,18.656267428925382,0.12516791801233068,7.100393867055116e-11,2.0210001560027565e-11
hot_compact,100,6440.0,71.9232359683064,0.15475009927955766,1.5475009927955765,9.685930949016735e-11,1.9329948021973031e-13,18.588437321415675,0.13323706933305499,6.121465673498411e-13,18.64407235390282,0.1265817391903013,7.180595626264583e-11,2.0438281527179943e-11
hot_compact,100,6450.0,72.03491801173544,0.1560335764739584,1.5603357647395841,9.766264800416375e-11,1.9490268096536186e-13,18.579469504319484,0.13434212025537356,6.172236313548528e-13,18.635104536806615,0.12763159167010385,7.240150552377266e-11,2.0607793975669484e-11
hot_compact,100,6460.0,72.14660005516448,0.15670901903077805,1.5670901903077805,9.808541283571088e-11,1.9574638120051106e-13,18.57477968215293,0.13492366422330926,6.198954864588176e-13,18.63041471464006,0.12818408691219688,7.271491920763275e-11,2.0697001576801808e-11
hot_compact,100,6470.0,72.25828209859354,0.15699046343669204,1.5699046343669205,9.826157111246554e-11,1.9609793546527212e-13,18.572831483445604,0.13516598282600314,6.210087990045423e-13,18.628466515932736,0.1284143014487421,7.284551288605696e-11,2.0734172732291206e-11
hot_compact,100,6480.0,72.36996414202258,0.15721502799853093,1.5721502799853093,9.840212784552702e-11,1.9637844070101226e-13,18.571279518739352,0.13535932889967137,6.218971113631001e-13,18.626914551226484,0.12859798968500438,7.294971361471957e-11,2.076383160654885e-11
hot_compact,100,6490.0,72.48164618545162,0.15779488400026775,1.5779488400026775,9.876506429722195e-11,1.971027430714782e-13,18.567282366003987,0.13585857455228342,6.241908537430593e-13,18.62291739849112,0.12907229749819155,7.321877395712446e-11,2.084041482209376e-11
hot_compact,100,6500.0,72.59332822888068,0.15809756662869479,1.5809756662869479,9.89545157452055e-11,1.9748082615522983e-13,18.56520169843403,0.13611917888492936,6.253881785451151e-13,18.620836730921162,0.12931988437346564,7.335922243295406e-11,2.088039096945637e-11
hot_compact,100,6510.0,72.70501027230972,0.15815318223758562,1.5815318223758563,9.898932599411081e-11,1.975502960188406e-13,18.564819824993656,0.13616706293005945,6.256081777840953e-13,18.620454857480787,0.1293653765607554,7.338502876198472e-11,2.0887736279586113e-11
hot_compact,100,6520.0,72.81669231573878,0.1579050299303443,1.579050299303443,9.883400550488535e-11,1.9724032715789385e-13,18.56652475142338,0.13595340822922888,6.246265591372257e-13,18.62215978391051,0.1291623941343729,7.326988302829406e-11,2.085496210534888e-11
hot_compact,100,6530.0,72.92837435916782,0.15735882088583772,1.5735882088583772,9.849212894949385e-11,1.9655805344766058e-13,18.570286930479632,0.13548313200535525,6.224659143737863e-13,18.625921962966764,0.12871560869683848,7.301643528937374e-11,2.0782822738225437e-11
hot_compact,100,6540.0,73.04005640259686,0.15850049395833152,1.5850049395833152,9.920671114349618e-11,1.9798412562804247e-13,18.562438112169126,0.1364660921134502,6.269820423479616e-13,18.618073144656258,0.12964946892552842,7.354618568754075e-11,2.0933606716886902e-11
hot_compact,100,6550.0,73.15173844602592,0.15954632328645432,1.5954632328645433,9.986130398083935e-11,1.9929047868672122e-13,18.555297661162307,0.13736653247084163,6.311190402318056e-13,18.61093269364944,0.1305049313508601,7.403146340524816e-11,2.1071732342247193e-11
hot_compact,100,6560.0,73.26342048945496,0.15826600549592443,1.5826600549592442,9.905994296268143e-11,1.9769122437555968e-13,18.56404555904357,0.1362642017387817,6.26054473913344e-13,18.619680591530688,0.12945766318498456,7.34373801465163e-11,2.090263716512659e-11
hot_compact,100,6570.0,73.37510253288401,0.15578115606174106,1.5578115606174106,9.750465607432059e-11,1.945873807832901e-13,18.581227356092576,0.13412479079245074,6.162251293210108e-13,18.636862388579694,0.12742511803981632,7.22843793366887e-11,2.0574456100785247e-11
hot_compact,100,6580.0,73.48678457631306,0.15276930762479912,1.5276930762479912,9.561951634743596e-11,1.908252588843584e-13,18.60242438635141,0.13153164312481305,6.043111293259521e-13,18.65805941883854,0.1249615007943309,7.088684448443586e-11,2.0176672793646862e-11
hot_compact,100,6590.0,73.5984666197421,0.14998770526224142,1.499877052622414,9.387848945719249e-11,1.8735073904001858e-13,18.622375510485305,0.12913673321158853,5.933079161073559e-13,18.678010542972437,0.12268621912131347,6.959614665279786e-11,1.980929873413223e-11
hot_compact,100,6600.0,73.71014866317115,0.14727329720372628,1.4727329720372628,9.217952001260841e-11,1.8396015209204283e-13,18.642204637052338,0.12679967639305142,5.825705040918388e-13,18.69783966953947,0.12046590072075267,6.833662780766546e-11,1.945079921563204e-11
hot_compact,100,6610.0,73.8218307066002,0.14457980883772117,1.4457980883772117,9.049364436880829e-11,1.805956960849024e-13,18.66224554672126,0.12448063105582746,5.719158443202273e-13,18.71788057920839,0.11826269410928644,6.708681595808522e-11,1.9095062619850296e-11
hot_compact,100,6620.0,73.93351275002924,0.14176069929447088,1.4176069929447088,8.872914143790495e-11,1.770743257469853e-13,18.683625044975123,0.12205342813046473,5.607642635592592e-13,18.739260077462255,0.1159567324936629,6.57787143316265e-11,1.8722734881327674e-11
hot_compact,100,6630.0,74.0451947934583,0.13885201004884637,1.3885201004884637,8.690856986370704e-11,1.734410607480128e-13,18.70613423453873,0.1195490986825884,5.492583314436366e-13,18.761769267025862,0.11357749690551543,6.442904661751647e-11,1.8338576099175556e-11
hot_compact,100,6640.0,74.15687683688734,0.13563193863838283,1.3563193863838283,8.489310173296882e-11,1.6941884601076361e-13,18.731609738865465,0.11677667475671896,5.365206616798474e-13,18.787244771352597,0.11094355843729449,6.293489373529674e-11,1.7913292197381185e-11
